heliostat_id,x_m,y_m,z_m,width_m,height_m
1,-46.25,-345.07214207425073,4.5,7.5,7.5
2,-33.75,-345.07214207425073,4.5,7.5,7.5
3,-21.25,-345.07214207425073,4.5,7.5,7.5
4,-8.75,-345.07214207425073,4.5,7.5,7.5
5,16.25,-345.07214207425073,4.5,7.5,7.5
6,28.75,-345.07214207425073,4.5,7.5,7.5
7,41.25,-345.07214207425073,4.5,7.5,7.5
8,53.75,-345.07214207425073,4.5,7.5,7.5
9,-102.5,-334.24682452694526,4.5,7.5,7.5
10,-90.0,-334.24682452694526,4.5,7.5,7.5
11,-77.5,-334.24682452694526,4.5,7.5,7.5
12,-65.0,-334.24682452694526,4.5,7.5,7.5
13,-52.5,-334.24682452694526,4.5,7.5,7.5
14,-40.0,-334.24682452694526,4.5,7.5,7.5
15,-27.5,-334.24682452694526,4.5,7.5,7.5
16,-15.0,-334.24682452694526,4.5,7.5,7.5
17,-2.5,-334.24682452694526,4.5,7.5,7.5
18,10.0,-334.24682452694526,4.5,7.5,7.5
19,22.5,-334.24682452694526,4.5,7.5,7.5
20,35.0,-334.24682452694526,4.5,7.5,7.5
21,47.5,-334.24682452694526,4.5,7.5,7.5
22,60.0,-334.24682452694526,4.5,7.5,7.5
23,72.5,-334.24682452694526,4.5,7.5,7.5
24,97.5,-334.24682452694526,4.5,7.5,7.5
25,-133.75,-323.4215069796398,4.5,7.5,7.5
26,-121.25,-323.4215069796398,4.5,7.5,7.5
27,-108.75,-323.4215069796398,4.5,7.5,7.5
28,-96.25,-323.4215069796398,4.5,7.5,7.5
29,-83.75,-323.4215069796398,4.5,7.5,7.5
30,-71.25,-323.4215069796398,4.5,7.5,7.5
31,-58.75,-323.4215069796398,4.5,7.5,7.5
32,-46.25,-323.4215069796398,4.5,7.5,7.5
33,-33.75,-323.4215069796398,4.5,7.5,7.5
34,-21.25,-323.4215069796398,4.5,7.5,7.5
35,-8.75,-323.4215069796398,4.5,7.5,7.5
36,3.75,-323.4215069796398,4.5,7.5,7.5
37,16.25,-323.4215069796398,4.5,7.5,7.5
38,28.75,-323.4215069796398,4.5,7.5,7.5
39,41.25,-323.4215069796398,4.5,7.5,7.5
40,53.75,-323.4215069796398,4.5,7.5,7.5
41,66.25,-323.4215069796398,4.5,7.5,7.5
42,78.75,-323.4215069796398,4.5,7.5,7.5
43,103.75,-323.4215069796398,4.5,7.5,7.5
44,116.25,-323.4215069796398,4.5,7.5,7.5
45,128.75,-323.4215069796398,4.5,7.5,7.5
46,-152.5,-312.5961894323343,4.5,7.5,7.5
47,-140.0,-312.5961894323343,4.5,7.5,7.5
48,-127.5,-312.5961894323343,4.5,7.5,7.5
49,-115.0,-312.5961894323343,4.5,7.5,7.5
50,-102.5,-312.5961894323343,4.5,7.5,7.5
51,-90.0,-312.5961894323343,4.5,7.5,7.5
52,-77.5,-312.5961894323343,4.5,7.5,7.5
53,-65.0,-312.5961894323343,4.5,7.5,7.5
54,-52.5,-312.5961894323343,4.5,7.5,7.5
55,-40.0,-312.5961894323343,4.5,7.5,7.5
56,-27.5,-312.5961894323343,4.5,7.5,7.5
57,-15.0,-312.5961894323343,4.5,7.5,7.5
58,-2.5,-312.5961894323343,4.5,7.5,7.5
59,10.0,-312.5961894323343,4.5,7.5,7.5
60,22.5,-312.5961894323343,4.5,7.5,7.5
61,35.0,-312.5961894323343,4.5,7.5,7.5
62,47.5,-312.5961894323343,4.5,7.5,7.5
63,60.0,-312.5961894323343,4.5,7.5,7.5
64,72.5,-312.5961894323343,4.5,7.5,7.5
65,85.0,-312.5961894323343,4.5,7.5,7.5
66,97.5,-312.5961894323343,4.5,7.5,7.5
67,110.0,-312.5961894323343,4.5,7.5,7.5
68,122.5,-312.5961894323343,4.5,7.5,7.5
69,135.0,-312.5961894323343,4.5,7.5,7.5
70,147.5,-312.5961894323343,4.5,7.5,7.5
71,-171.25,-301.77087188502884,4.5,7.5,7.5
72,-158.75,-301.77087188502884,4.5,7.5,7.5
73,-146.25,-301.77087188502884,4.5,7.5,7.5
74,-133.75,-301.77087188502884,4.5,7.5,7.5
75,-121.25,-301.77087188502884,4.5,7.5,7.5
76,-108.75,-301.77087188502884,4.5,7.5,7.5
77,-96.25,-301.77087188502884,4.5,7.5,7.5
78,-83.75,-301.77087188502884,4.5,7.5,7.5
79,-71.25,-301.77087188502884,4.5,7.5,7.5
80,-46.25,-301.77087188502884,4.5,7.5,7.5
81,-33.75,-301.77087188502884,4.5,7.5,7.5
82,-21.25,-301.77087188502884,4.5,7.5,7.5
83,-8.75,-301.77087188502884,4.5,7.5,7.5
84,3.75,-301.77087188502884,4.5,7.5,7.5
85,16.25,-301.77087188502884,4.5,7.5,7.5
86,28.75,-301.77087188502884,4.5,7.5,7.5
87,41.25,-301.77087188502884,4.5,7.5,7.5
88,53.75,-301.77087188502884,4.5,7.5,7.5
89,66.25,-301.77087188502884,4.5,7.5,7.5
90,78.75,-301.77087188502884,4.5,7.5,7.5
91,91.25,-301.77087188502884,4.5,7.5,7.5
92,103.75,-301.77087188502884,4.5,7.5,7.5
93,116.25,-301.77087188502884,4.5,7.5,7.5
94,128.75,-301.77087188502884,4.5,7.5,7.5
95,141.25,-301.77087188502884,4.5,7.5,7.5
96,153.75,-301.77087188502884,4.5,7.5,7.5
97,166.25,-301.77087188502884,4.5,7.5,7.5
98,-190.0,-290.94555433772337,4.5,7.5,7.5
99,-177.5,-290.94555433772337,4.5,7.5,7.5
100,-165.0,-290.94555433772337,4.5,7.5,7.5
101,-152.5,-290.94555433772337,4.5,7.5,7.5
102,-140.0,-290.94555433772337,4.5,7.5,7.5
103,-127.5,-290.94555433772337,4.5,7.5,7.5
104,-115.0,-290.94555433772337,4.5,7.5,7.5
105,-102.5,-290.94555433772337,4.5,7.5,7.5
106,-90.0,-290.94555433772337,4.5,7.5,7.5
107,-77.5,-290.94555433772337,4.5,7.5,7.5
108,-65.0,-290.94555433772337,4.5,7.5,7.5
109,-52.5,-290.94555433772337,4.5,7.5,7.5
110,-40.0,-290.94555433772337,4.5,7.5,7.5
111,-27.5,-290.94555433772337,4.5,7.5,7.5
112,-15.0,-290.94555433772337,4.5,7.5,7.5
113,-2.5,-290.94555433772337,4.5,7.5,7.5
114,10.0,-290.94555433772337,4.5,7.5,7.5
115,22.5,-290.94555433772337,4.5,7.5,7.5
116,35.0,-290.94555433772337,4.5,7.5,7.5
117,47.5,-290.94555433772337,4.5,7.5,7.5
118,60.0,-290.94555433772337,4.5,7.5,7.5
119,72.5,-290.94555433772337,4.5,7.5,7.5
120,85.0,-290.94555433772337,4.5,7.5,7.5
121,97.5,-290.94555433772337,4.5,7.5,7.5
122,110.0,-290.94555433772337,4.5,7.5,7.5
123,122.5,-290.94555433772337,4.5,7.5,7.5
124,135.0,-290.94555433772337,4.5,7.5,7.5
125,147.5,-290.94555433772337,4.5,7.5,7.5
126,160.0,-290.94555433772337,4.5,7.5,7.5
127,172.5,-290.94555433772337,4.5,7.5,7.5
128,185.0,-290.94555433772337,4.5,7.5,7.5
129,-208.75,-280.1202367904179,4.5,7.5,7.5
130,-196.25,-280.1202367904179,4.5,7.5,7.5
131,-183.75,-280.1202367904179,4.5,7.5,7.5
132,-171.25,-280.1202367904179,4.5,7.5,7.5
133,-158.75,-280.1202367904179,4.5,7.5,7.5
134,-146.25,-280.1202367904179,4.5,7.5,7.5
135,-133.75,-280.1202367904179,4.5,7.5,7.5
136,-121.25,-280.1202367904179,4.5,7.5,7.5
137,-108.75,-280.1202367904179,4.5,7.5,7.5
138,-96.25,-280.1202367904179,4.5,7.5,7.5
139,-83.75,-280.1202367904179,4.5,7.5,7.5
140,-71.25,-280.1202367904179,4.5,7.5,7.5
141,-58.75,-280.1202367904179,4.5,7.5,7.5
142,-46.25,-280.1202367904179,4.5,7.5,7.5
143,-33.75,-280.1202367904179,4.5,7.5,7.5
144,-21.25,-280.1202367904179,4.5,7.5,7.5
145,-8.75,-280.1202367904179,4.5,7.5,7.5
146,3.75,-280.1202367904179,4.5,7.5,7.5
147,16.25,-280.1202367904179,4.5,7.5,7.5
148,28.75,-280.1202367904179,4.5,7.5,7.5
149,41.25,-280.1202367904179,4.5,7.5,7.5
150,53.75,-280.1202367904179,4.5,7.5,7.5
151,66.25,-280.1202367904179,4.5,7.5,7.5
152,78.75,-280.1202367904179,4.5,7.5,7.5
153,91.25,-280.1202367904179,4.5,7.5,7.5
154,103.75,-280.1202367904179,4.5,7.5,7.5
155,116.25,-280.1202367904179,4.5,7.5,7.5
156,128.75,-280.1202367904179,4.5,7.5,7.5
157,141.25,-280.1202367904179,4.5,7.5,7.5
158,153.75,-280.1202367904179,4.5,7.5,7.5
159,166.25,-280.1202367904179,4.5,7.5,7.5
160,178.75,-280.1202367904179,4.5,7.5,7.5
161,191.25,-280.1202367904179,4.5,7.5,7.5
162,203.75,-280.1202367904179,4.5,7.5,7.5
163,-215.0,-269.2949192431124,4.5,7.5,7.5
164,-202.5,-269.2949192431124,4.5,7.5,7.5
165,-190.0,-269.2949192431124,4.5,7.5,7.5
166,-177.5,-269.2949192431124,4.5,7.5,7.5
167,-165.0,-269.2949192431124,4.5,7.5,7.5
168,-152.5,-269.2949192431124,4.5,7.5,7.5
169,-140.0,-269.2949192431124,4.5,7.5,7.5
170,-127.5,-269.2949192431124,4.5,7.5,7.5
171,-115.0,-269.2949192431124,4.5,7.5,7.5
172,-102.5,-269.2949192431124,4.5,7.5,7.5
173,-90.0,-269.2949192431124,4.5,7.5,7.5
174,-77.5,-269.2949192431124,4.5,7.5,7.5
175,-65.0,-269.2949192431124,4.5,7.5,7.5
176,-52.5,-269.2949192431124,4.5,7.5,7.5
177,-40.0,-269.2949192431124,4.5,7.5,7.5
178,-27.5,-269.2949192431124,4.5,7.5,7.5
179,-15.0,-269.2949192431124,4.5,7.5,7.5
180,-2.5,-269.2949192431124,4.5,7.5,7.5
181,10.0,-269.2949192431124,4.5,7.5,7.5
182,22.5,-269.2949192431124,4.5,7.5,7.5
183,35.0,-269.2949192431124,4.5,7.5,7.5
184,47.5,-269.2949192431124,4.5,7.5,7.5
185,60.0,-269.2949192431124,4.5,7.5,7.5
186,72.5,-269.2949192431124,4.5,7.5,7.5
187,85.0,-269.2949192431124,4.5,7.5,7.5
188,97.5,-269.2949192431124,4.5,7.5,7.5
189,110.0,-269.2949192431124,4.5,7.5,7.5
190,122.5,-269.2949192431124,4.5,7.5,7.5
191,135.0,-269.2949192431124,4.5,7.5,7.5
192,147.5,-269.2949192431124,4.5,7.5,7.5
193,172.5,-269.2949192431124,4.5,7.5,7.5
194,185.0,-269.2949192431124,4.5,7.5,7.5
195,197.5,-269.2949192431124,4.5,7.5,7.5
196,210.0,-269.2949192431124,4.5,7.5,7.5
197,222.5,-269.2949192431124,4.5,7.5,7.5
198,-233.75,-258.46960169580694,4.5,7.5,7.5
199,-221.25,-258.46960169580694,4.5,7.5,7.5
200,-208.75,-258.46960169580694,4.5,7.5,7.5
201,-196.25,-258.46960169580694,4.5,7.5,7.5
202,-183.75,-258.46960169580694,4.5,7.5,7.5
203,-171.25,-258.46960169580694,4.5,7.5,7.5
204,-146.25,-258.46960169580694,4.5,7.5,7.5
205,-133.75,-258.46960169580694,4.5,7.5,7.5
206,-121.25,-258.46960169580694,4.5,7.5,7.5
207,-108.75,-258.46960169580694,4.5,7.5,7.5
208,-96.25,-258.46960169580694,4.5,7.5,7.5
209,-83.75,-258.46960169580694,4.5,7.5,7.5
210,-71.25,-258.46960169580694,4.5,7.5,7.5
211,-46.25,-258.46960169580694,4.5,7.5,7.5
212,-33.75,-258.46960169580694,4.5,7.5,7.5
213,-21.25,-258.46960169580694,4.5,7.5,7.5
214,-8.75,-258.46960169580694,4.5,7.5,7.5
215,3.75,-258.46960169580694,4.5,7.5,7.5
216,16.25,-258.46960169580694,4.5,7.5,7.5
217,28.75,-258.46960169580694,4.5,7.5,7.5
218,41.25,-258.46960169580694,4.5,7.5,7.5
219,53.75,-258.46960169580694,4.5,7.5,7.5
220,66.25,-258.46960169580694,4.5,7.5,7.5
221,78.75,-258.46960169580694,4.5,7.5,7.5
222,91.25,-258.46960169580694,4.5,7.5,7.5
223,103.75,-258.46960169580694,4.5,7.5,7.5
224,116.25,-258.46960169580694,4.5,7.5,7.5
225,128.75,-258.46960169580694,4.5,7.5,7.5
226,153.75,-258.46960169580694,4.5,7.5,7.5
227,166.25,-258.46960169580694,4.5,7.5,7.5
228,178.75,-258.46960169580694,4.5,7.5,7.5
229,191.25,-258.46960169580694,4.5,7.5,7.5
230,203.75,-258.46960169580694,4.5,7.5,7.5
231,216.25,-258.46960169580694,4.5,7.5,7.5
232,228.75,-258.46960169580694,4.5,7.5,7.5
233,-240.0,-247.64428414850147,4.5,7.5,7.5
234,-227.5,-247.64428414850147,4.5,7.5,7.5
235,-215.0,-247.64428414850147,4.5,7.5,7.5
236,-202.5,-247.64428414850147,4.5,7.5,7.5
237,-190.0,-247.64428414850147,4.5,7.5,7.5
238,-177.5,-247.64428414850147,4.5,7.5,7.5
239,-165.0,-247.64428414850147,4.5,7.5,7.5
240,-152.5,-247.64428414850147,4.5,7.5,7.5
241,-140.0,-247.64428414850147,4.5,7.5,7.5
242,-127.5,-247.64428414850147,4.5,7.5,7.5
243,-115.0,-247.64428414850147,4.5,7.5,7.5
244,-102.5,-247.64428414850147,4.5,7.5,7.5
245,-90.0,-247.64428414850147,4.5,7.5,7.5
246,-77.5,-247.64428414850147,4.5,7.5,7.5
247,-65.0,-247.64428414850147,4.5,7.5,7.5
248,-52.5,-247.64428414850147,4.5,7.5,7.5
249,-40.0,-247.64428414850147,4.5,7.5,7.5
250,-27.5,-247.64428414850147,4.5,7.5,7.5
251,-15.0,-247.64428414850147,4.5,7.5,7.5
252,-2.5,-247.64428414850147,4.5,7.5,7.5
253,10.0,-247.64428414850147,4.5,7.5,7.5
254,22.5,-247.64428414850147,4.5,7.5,7.5
255,35.0,-247.64428414850147,4.5,7.5,7.5
256,47.5,-247.64428414850147,4.5,7.5,7.5
257,60.0,-247.64428414850147,4.5,7.5,7.5
258,72.5,-247.64428414850147,4.5,7.5,7.5
259,85.0,-247.64428414850147,4.5,7.5,7.5
260,97.5,-247.64428414850147,4.5,7.5,7.5
261,110.0,-247.64428414850147,4.5,7.5,7.5
262,122.5,-247.64428414850147,4.5,7.5,7.5
263,135.0,-247.64428414850147,4.5,7.5,7.5
264,160.0,-247.64428414850147,4.5,7.5,7.5
265,172.5,-247.64428414850147,4.5,7.5,7.5
266,185.0,-247.64428414850147,4.5,7.5,7.5
267,197.5,-247.64428414850147,4.5,7.5,7.5
268,210.0,-247.64428414850147,4.5,7.5,7.5
269,222.5,-247.64428414850147,4.5,7.5,7.5
270,-246.25,-236.818966601196,4.5,7.5,7.5
271,-233.75,-236.818966601196,4.5,7.5,7.5
272,-221.25,-236.818966601196,4.5,7.5,7.5
273,-208.75,-236.818966601196,4.5,7.5,7.5
274,-196.25,-236.818966601196,4.5,7.5,7.5
275,-183.75,-236.818966601196,4.5,7.5,7.5
276,-171.25,-236.818966601196,4.5,7.5,7.5
277,-158.75,-236.818966601196,4.5,7.5,7.5
278,-146.25,-236.818966601196,4.5,7.5,7.5
279,-133.75,-236.818966601196,4.5,7.5,7.5
280,-121.25,-236.818966601196,4.5,7.5,7.5
281,-108.75,-236.818966601196,4.5,7.5,7.5
282,-96.25,-236.818966601196,4.5,7.5,7.5
283,-83.75,-236.818966601196,4.5,7.5,7.5
284,-71.25,-236.818966601196,4.5,7.5,7.5
285,-58.75,-236.818966601196,4.5,7.5,7.5
286,-46.25,-236.818966601196,4.5,7.5,7.5
287,-33.75,-236.818966601196,4.5,7.5,7.5
288,-21.25,-236.818966601196,4.5,7.5,7.5
289,-8.75,-236.818966601196,4.5,7.5,7.5
290,3.75,-236.818966601196,4.5,7.5,7.5
291,16.25,-236.818966601196,4.5,7.5,7.5
292,28.75,-236.818966601196,4.5,7.5,7.5
293,41.25,-236.818966601196,4.5,7.5,7.5
294,53.75,-236.818966601196,4.5,7.5,7.5
295,66.25,-236.818966601196,4.5,7.5,7.5
296,78.75,-236.818966601196,4.5,7.5,7.5
297,103.75,-236.818966601196,4.5,7.5,7.5
298,116.25,-236.818966601196,4.5,7.5,7.5
299,128.75,-236.818966601196,4.5,7.5,7.5
300,141.25,-236.818966601196,4.5,7.5,7.5
301,166.25,-236.818966601196,4.5,7.5,7.5
302,178.75,-236.818966601196,4.5,7.5,7.5
303,191.25,-236.818966601196,4.5,7.5,7.5
304,216.25,-236.818966601196,4.5,7.5,7.5
305,228.75,-236.818966601196,4.5,7.5,7.5
306,241.25,-236.818966601196,4.5,7.5,7.5
307,253.75,-236.818966601196,4.5,7.5,7.5
308,-265.0,-225.99364905389052,4.5,7.5,7.5
309,-252.5,-225.99364905389052,4.5,7.5,7.5
310,-240.0,-225.99364905389052,4.5,7.5,7.5
311,-227.5,-225.99364905389052,4.5,7.5,7.5
312,-215.0,-225.99364905389052,4.5,7.5,7.5
313,-202.5,-225.99364905389052,4.5,7.5,7.5
314,-190.0,-225.99364905389052,4.5,7.5,7.5
315,-177.5,-225.99364905389052,4.5,7.5,7.5
316,-165.0,-225.99364905389052,4.5,7.5,7.5
317,-152.5,-225.99364905389052,4.5,7.5,7.5
318,-140.0,-225.99364905389052,4.5,7.5,7.5
319,-127.5,-225.99364905389052,4.5,7.5,7.5
320,-115.0,-225.99364905389052,4.5,7.5,7.5
321,-102.5,-225.99364905389052,4.5,7.5,7.5
322,-90.0,-225.99364905389052,4.5,7.5,7.5
323,-77.5,-225.99364905389052,4.5,7.5,7.5
324,-65.0,-225.99364905389052,4.5,7.5,7.5
325,-52.5,-225.99364905389052,4.5,7.5,7.5
326,-40.0,-225.99364905389052,4.5,7.5,7.5
327,-27.5,-225.99364905389052,4.5,7.5,7.5
328,-15.0,-225.99364905389052,4.5,7.5,7.5
329,-2.5,-225.99364905389052,4.5,7.5,7.5
330,10.0,-225.99364905389052,4.5,7.5,7.5
331,22.5,-225.99364905389052,4.5,7.5,7.5
332,35.0,-225.99364905389052,4.5,7.5,7.5
333,47.5,-225.99364905389052,4.5,7.5,7.5
334,60.0,-225.99364905389052,4.5,7.5,7.5
335,72.5,-225.99364905389052,4.5,7.5,7.5
336,85.0,-225.99364905389052,4.5,7.5,7.5
337,97.5,-225.99364905389052,4.5,7.5,7.5
338,110.0,-225.99364905389052,4.5,7.5,7.5
339,122.5,-225.99364905389052,4.5,7.5,7.5
340,135.0,-225.99364905389052,4.5,7.5,7.5
341,147.5,-225.99364905389052,4.5,7.5,7.5
342,160.0,-225.99364905389052,4.5,7.5,7.5
343,172.5,-225.99364905389052,4.5,7.5,7.5
344,185.0,-225.99364905389052,4.5,7.5,7.5
345,197.5,-225.99364905389052,4.5,7.5,7.5
346,210.0,-225.99364905389052,4.5,7.5,7.5
347,222.5,-225.99364905389052,4.5,7.5,7.5
348,235.0,-225.99364905389052,4.5,7.5,7.5
349,247.5,-225.99364905389052,4.5,7.5,7.5
350,260.0,-225.99364905389052,4.5,7.5,7.5
351,-271.25,-215.16833150658505,4.5,7.5,7.5
352,-258.75,-215.16833150658505,4.5,7.5,7.5
353,-246.25,-215.16833150658505,4.5,7.5,7.5
354,-233.75,-215.16833150658505,4.5,7.5,7.5
355,-221.25,-215.16833150658505,4.5,7.5,7.5
356,-208.75,-215.16833150658505,4.5,7.5,7.5
357,-196.25,-215.16833150658505,4.5,7.5,7.5
358,-183.75,-215.16833150658505,4.5,7.5,7.5
359,-171.25,-215.16833150658505,4.5,7.5,7.5
360,-158.75,-215.16833150658505,4.5,7.5,7.5
361,-146.25,-215.16833150658505,4.5,7.5,7.5
362,-133.75,-215.16833150658505,4.5,7.5,7.5
363,-121.25,-215.16833150658505,4.5,7.5,7.5
364,-108.75,-215.16833150658505,4.5,7.5,7.5
365,-83.75,-215.16833150658505,4.5,7.5,7.5
366,-71.25,-215.16833150658505,4.5,7.5,7.5
367,-58.75,-215.16833150658505,4.5,7.5,7.5
368,-33.75,-215.16833150658505,4.5,7.5,7.5
369,-21.25,-215.16833150658505,4.5,7.5,7.5
370,-8.75,-215.16833150658505,4.5,7.5,7.5
371,3.75,-215.16833150658505,4.5,7.5,7.5
372,16.25,-215.16833150658505,4.5,7.5,7.5
373,28.75,-215.16833150658505,4.5,7.5,7.5
374,41.25,-215.16833150658505,4.5,7.5,7.5
375,53.75,-215.16833150658505,4.5,7.5,7.5
376,66.25,-215.16833150658505,4.5,7.5,7.5
377,78.75,-215.16833150658505,4.5,7.5,7.5
378,91.25,-215.16833150658505,4.5,7.5,7.5
379,103.75,-215.16833150658505,4.5,7.5,7.5
380,116.25,-215.16833150658505,4.5,7.5,7.5
381,128.75,-215.16833150658505,4.5,7.5,7.5
382,141.25,-215.16833150658505,4.5,7.5,7.5
383,153.75,-215.16833150658505,4.5,7.5,7.5
384,178.75,-215.16833150658505,4.5,7.5,7.5
385,191.25,-215.16833150658505,4.5,7.5,7.5
386,203.75,-215.16833150658505,4.5,7.5,7.5
387,216.25,-215.16833150658505,4.5,7.5,7.5
388,228.75,-215.16833150658505,4.5,7.5,7.5
389,241.25,-215.16833150658505,4.5,7.5,7.5
390,253.75,-215.16833150658505,4.5,7.5,7.5
391,266.25,-215.16833150658505,4.5,7.5,7.5
392,-277.5,-204.34301395927957,4.5,7.5,7.5
393,-265.0,-204.34301395927957,4.5,7.5,7.5
394,-252.5,-204.34301395927957,4.5,7.5,7.5
395,-240.0,-204.34301395927957,4.5,7.5,7.5
396,-227.5,-204.34301395927957,4.5,7.5,7.5
397,-215.0,-204.34301395927957,4.5,7.5,7.5
398,-202.5,-204.34301395927957,4.5,7.5,7.5
399,-190.0,-204.34301395927957,4.5,7.5,7.5
400,-177.5,-204.34301395927957,4.5,7.5,7.5
401,-165.0,-204.34301395927957,4.5,7.5,7.5
402,-152.5,-204.34301395927957,4.5,7.5,7.5
403,-140.0,-204.34301395927957,4.5,7.5,7.5
404,-127.5,-204.34301395927957,4.5,7.5,7.5
405,-115.0,-204.34301395927957,4.5,7.5,7.5
406,-102.5,-204.34301395927957,4.5,7.5,7.5
407,-90.0,-204.34301395927957,4.5,7.5,7.5
408,-77.5,-204.34301395927957,4.5,7.5,7.5
409,-65.0,-204.34301395927957,4.5,7.5,7.5
410,-52.5,-204.34301395927957,4.5,7.5,7.5
411,-40.0,-204.34301395927957,4.5,7.5,7.5
412,-27.5,-204.34301395927957,4.5,7.5,7.5
413,-15.0,-204.34301395927957,4.5,7.5,7.5
414,-2.5,-204.34301395927957,4.5,7.5,7.5
415,10.0,-204.34301395927957,4.5,7.5,7.5
416,22.5,-204.34301395927957,4.5,7.5,7.5
417,35.0,-204.34301395927957,4.5,7.5,7.5
418,47.5,-204.34301395927957,4.5,7.5,7.5
419,60.0,-204.34301395927957,4.5,7.5,7.5
420,72.5,-204.34301395927957,4.5,7.5,7.5
421,85.0,-204.34301395927957,4.5,7.5,7.5
422,97.5,-204.34301395927957,4.5,7.5,7.5
423,110.0,-204.34301395927957,4.5,7.5,7.5
424,122.5,-204.34301395927957,4.5,7.5,7.5
425,135.0,-204.34301395927957,4.5,7.5,7.5
426,147.5,-204.34301395927957,4.5,7.5,7.5
427,160.0,-204.34301395927957,4.5,7.5,7.5
428,172.5,-204.34301395927957,4.5,7.5,7.5
429,185.0,-204.34301395927957,4.5,7.5,7.5
430,197.5,-204.34301395927957,4.5,7.5,7.5
431,210.0,-204.34301395927957,4.5,7.5,7.5
432,222.5,-204.34301395927957,4.5,7.5,7.5
433,235.0,-204.34301395927957,4.5,7.5,7.5
434,247.5,-204.34301395927957,4.5,7.5,7.5
435,272.5,-204.34301395927957,4.5,7.5,7.5
436,-283.75,-193.5176964119741,4.5,7.5,7.5
437,-271.25,-193.5176964119741,4.5,7.5,7.5
438,-258.75,-193.5176964119741,4.5,7.5,7.5
439,-246.25,-193.5176964119741,4.5,7.5,7.5
440,-221.25,-193.5176964119741,4.5,7.5,7.5
441,-208.75,-193.5176964119741,4.5,7.5,7.5
442,-196.25,-193.5176964119741,4.5,7.5,7.5
443,-183.75,-193.5176964119741,4.5,7.5,7.5
444,-171.25,-193.5176964119741,4.5,7.5,7.5
445,-158.75,-193.5176964119741,4.5,7.5,7.5
446,-146.25,-193.5176964119741,4.5,7.5,7.5
447,-133.75,-193.5176964119741,4.5,7.5,7.5
448,-121.25,-193.5176964119741,4.5,7.5,7.5
449,-108.75,-193.5176964119741,4.5,7.5,7.5
450,-96.25,-193.5176964119741,4.5,7.5,7.5
451,-83.75,-193.5176964119741,4.5,7.5,7.5
452,-71.25,-193.5176964119741,4.5,7.5,7.5
453,-58.75,-193.5176964119741,4.5,7.5,7.5
454,-46.25,-193.5176964119741,4.5,7.5,7.5
455,-33.75,-193.5176964119741,4.5,7.5,7.5
456,-21.25,-193.5176964119741,4.5,7.5,7.5
457,-8.75,-193.5176964119741,4.5,7.5,7.5
458,3.75,-193.5176964119741,4.5,7.5,7.5
459,16.25,-193.5176964119741,4.5,7.5,7.5
460,28.75,-193.5176964119741,4.5,7.5,7.5
461,41.25,-193.5176964119741,4.5,7.5,7.5
462,53.75,-193.5176964119741,4.5,7.5,7.5
463,66.25,-193.5176964119741,4.5,7.5,7.5
464,78.75,-193.5176964119741,4.5,7.5,7.5
465,91.25,-193.5176964119741,4.5,7.5,7.5
466,103.75,-193.5176964119741,4.5,7.5,7.5
467,116.25,-193.5176964119741,4.5,7.5,7.5
468,128.75,-193.5176964119741,4.5,7.5,7.5
469,141.25,-193.5176964119741,4.5,7.5,7.5
470,153.75,-193.5176964119741,4.5,7.5,7.5
471,166.25,-193.5176964119741,4.5,7.5,7.5
472,178.75,-193.5176964119741,4.5,7.5,7.5
473,191.25,-193.5176964119741,4.5,7.5,7.5
474,203.75,-193.5176964119741,4.5,7.5,7.5
475,216.25,-193.5176964119741,4.5,7.5,7.5
476,228.75,-193.5176964119741,4.5,7.5,7.5
477,241.25,-193.5176964119741,4.5,7.5,7.5
478,253.75,-193.5176964119741,4.5,7.5,7.5
479,266.25,-193.5176964119741,4.5,7.5,7.5
480,278.75,-193.5176964119741,4.5,7.5,7.5
481,291.25,-193.5176964119741,4.5,7.5,7.5
482,-290.0,-182.69237886466863,4.5,7.5,7.5
483,-277.5,-182.69237886466863,4.5,7.5,7.5
484,-265.0,-182.69237886466863,4.5,7.5,7.5
485,-252.5,-182.69237886466863,4.5,7.5,7.5
486,-240.0,-182.69237886466863,4.5,7.5,7.5
487,-227.5,-182.69237886466863,4.5,7.5,7.5
488,-215.0,-182.69237886466863,4.5,7.5,7.5
489,-202.5,-182.69237886466863,4.5,7.5,7.5
490,-190.0,-182.69237886466863,4.5,7.5,7.5
491,-165.0,-182.69237886466863,4.5,7.5,7.5
492,-152.5,-182.69237886466863,4.5,7.5,7.5
493,-140.0,-182.69237886466863,4.5,7.5,7.5
494,-127.5,-182.69237886466863,4.5,7.5,7.5
495,-115.0,-182.69237886466863,4.5,7.5,7.5
496,-102.5,-182.69237886466863,4.5,7.5,7.5
497,-90.0,-182.69237886466863,4.5,7.5,7.5
498,-77.5,-182.69237886466863,4.5,7.5,7.5
499,-65.0,-182.69237886466863,4.5,7.5,7.5
500,-52.5,-182.69237886466863,4.5,7.5,7.5
501,-40.0,-182.69237886466863,4.5,7.5,7.5
502,-27.5,-182.69237886466863,4.5,7.5,7.5
503,-15.0,-182.69237886466863,4.5,7.5,7.5
504,-2.5,-182.69237886466863,4.5,7.5,7.5
505,10.0,-182.69237886466863,4.5,7.5,7.5
506,22.5,-182.69237886466863,4.5,7.5,7.5
507,35.0,-182.69237886466863,4.5,7.5,7.5
508,47.5,-182.69237886466863,4.5,7.5,7.5
509,60.0,-182.69237886466863,4.5,7.5,7.5
510,72.5,-182.69237886466863,4.5,7.5,7.5
511,85.0,-182.69237886466863,4.5,7.5,7.5
512,97.5,-182.69237886466863,4.5,7.5,7.5
513,110.0,-182.69237886466863,4.5,7.5,7.5
514,122.5,-182.69237886466863,4.5,7.5,7.5
515,135.0,-182.69237886466863,4.5,7.5,7.5
516,147.5,-182.69237886466863,4.5,7.5,7.5
517,160.0,-182.69237886466863,4.5,7.5,7.5
518,172.5,-182.69237886466863,4.5,7.5,7.5
519,185.0,-182.69237886466863,4.5,7.5,7.5
520,197.5,-182.69237886466863,4.5,7.5,7.5
521,210.0,-182.69237886466863,4.5,7.5,7.5
522,222.5,-182.69237886466863,4.5,7.5,7.5
523,235.0,-182.69237886466863,4.5,7.5,7.5
524,247.5,-182.69237886466863,4.5,7.5,7.5
525,260.0,-182.69237886466863,4.5,7.5,7.5
526,272.5,-182.69237886466863,4.5,7.5,7.5
527,285.0,-182.69237886466863,4.5,7.5,7.5
528,297.5,-182.69237886466863,4.5,7.5,7.5
529,-296.25,-171.86706131736315,4.5,7.5,7.5
530,-283.75,-171.86706131736315,4.5,7.5,7.5
531,-271.25,-171.86706131736315,4.5,7.5,7.5
532,-258.75,-171.86706131736315,4.5,7.5,7.5
533,-246.25,-171.86706131736315,4.5,7.5,7.5
534,-233.75,-171.86706131736315,4.5,7.5,7.5
535,-221.25,-171.86706131736315,4.5,7.5,7.5
536,-208.75,-171.86706131736315,4.5,7.5,7.5
537,-196.25,-171.86706131736315,4.5,7.5,7.5
538,-183.75,-171.86706131736315,4.5,7.5,7.5
539,-171.25,-171.86706131736315,4.5,7.5,7.5
540,-158.75,-171.86706131736315,4.5,7.5,7.5
541,-146.25,-171.86706131736315,4.5,7.5,7.5
542,-133.75,-171.86706131736315,4.5,7.5,7.5
543,-121.25,-171.86706131736315,4.5,7.5,7.5
544,-108.75,-171.86706131736315,4.5,7.5,7.5
545,-96.25,-171.86706131736315,4.5,7.5,7.5
546,-83.75,-171.86706131736315,4.5,7.5,7.5
547,-71.25,-171.86706131736315,4.5,7.5,7.5
548,-58.75,-171.86706131736315,4.5,7.5,7.5
549,-46.25,-171.86706131736315,4.5,7.5,7.5
550,-33.75,-171.86706131736315,4.5,7.5,7.5
551,-21.25,-171.86706131736315,4.5,7.5,7.5
552,-8.75,-171.86706131736315,4.5,7.5,7.5
553,3.75,-171.86706131736315,4.5,7.5,7.5
554,16.25,-171.86706131736315,4.5,7.5,7.5
555,28.75,-171.86706131736315,4.5,7.5,7.5
556,41.25,-171.86706131736315,4.5,7.5,7.5
557,53.75,-171.86706131736315,4.5,7.5,7.5
558,66.25,-171.86706131736315,4.5,7.5,7.5
559,78.75,-171.86706131736315,4.5,7.5,7.5
560,91.25,-171.86706131736315,4.5,7.5,7.5
561,116.25,-171.86706131736315,4.5,7.5,7.5
562,128.75,-171.86706131736315,4.5,7.5,7.5
563,141.25,-171.86706131736315,4.5,7.5,7.5
564,153.75,-171.86706131736315,4.5,7.5,7.5
565,166.25,-171.86706131736315,4.5,7.5,7.5
566,178.75,-171.86706131736315,4.5,7.5,7.5
567,191.25,-171.86706131736315,4.5,7.5,7.5
568,203.75,-171.86706131736315,4.5,7.5,7.5
569,216.25,-171.86706131736315,4.5,7.5,7.5
570,228.75,-171.86706131736315,4.5,7.5,7.5
571,241.25,-171.86706131736315,4.5,7.5,7.5
572,253.75,-171.86706131736315,4.5,7.5,7.5
573,266.25,-171.86706131736315,4.5,7.5,7.5
574,278.75,-171.86706131736315,4.5,7.5,7.5
575,291.25,-171.86706131736315,4.5,7.5,7.5
576,303.75,-171.86706131736315,4.5,7.5,7.5
577,-302.5,-161.04174377005768,4.5,7.5,7.5
578,-290.0,-161.04174377005768,4.5,7.5,7.5
579,-277.5,-161.04174377005768,4.5,7.5,7.5
580,-265.0,-161.04174377005768,4.5,7.5,7.5
581,-252.5,-161.04174377005768,4.5,7.5,7.5
582,-240.0,-161.04174377005768,4.5,7.5,7.5
583,-227.5,-161.04174377005768,4.5,7.5,7.5
584,-215.0,-161.04174377005768,4.5,7.5,7.5
585,-202.5,-161.04174377005768,4.5,7.5,7.5
586,-190.0,-161.04174377005768,4.5,7.5,7.5
587,-177.5,-161.04174377005768,4.5,7.5,7.5
588,-165.0,-161.04174377005768,4.5,7.5,7.5
589,-152.5,-161.04174377005768,4.5,7.5,7.5
590,-127.5,-161.04174377005768,4.5,7.5,7.5
591,-115.0,-161.04174377005768,4.5,7.5,7.5
592,-102.5,-161.04174377005768,4.5,7.5,7.5
593,-90.0,-161.04174377005768,4.5,7.5,7.5
594,-77.5,-161.04174377005768,4.5,7.5,7.5
595,-65.0,-161.04174377005768,4.5,7.5,7.5
596,-40.0,-161.04174377005768,4.5,7.5,7.5
597,-27.5,-161.04174377005768,4.5,7.5,7.5
598,-15.0,-161.04174377005768,4.5,7.5,7.5
599,-2.5,-161.04174377005768,4.5,7.5,7.5
600,10.0,-161.04174377005768,4.5,7.5,7.5
601,22.5,-161.04174377005768,4.5,7.5,7.5
602,35.0,-161.04174377005768,4.5,7.5,7.5
603,47.5,-161.04174377005768,4.5,7.5,7.5
604,60.0,-161.04174377005768,4.5,7.5,7.5
605,72.5,-161.04174377005768,4.5,7.5,7.5
606,85.0,-161.04174377005768,4.5,7.5,7.5
607,97.5,-161.04174377005768,4.5,7.5,7.5
608,110.0,-161.04174377005768,4.5,7.5,7.5
609,122.5,-161.04174377005768,4.5,7.5,7.5
610,135.0,-161.04174377005768,4.5,7.5,7.5
611,147.5,-161.04174377005768,4.5,7.5,7.5
612,160.0,-161.04174377005768,4.5,7.5,7.5
613,172.5,-161.04174377005768,4.5,7.5,7.5
614,185.0,-161.04174377005768,4.5,7.5,7.5
615,197.5,-161.04174377005768,4.5,7.5,7.5
616,210.0,-161.04174377005768,4.5,7.5,7.5
617,222.5,-161.04174377005768,4.5,7.5,7.5
618,235.0,-161.04174377005768,4.5,7.5,7.5
619,247.5,-161.04174377005768,4.5,7.5,7.5
620,260.0,-161.04174377005768,4.5,7.5,7.5
621,272.5,-161.04174377005768,4.5,7.5,7.5
622,285.0,-161.04174377005768,4.5,7.5,7.5
623,297.5,-161.04174377005768,4.5,7.5,7.5
624,310.0,-161.04174377005768,4.5,7.5,7.5
625,-308.75,-150.2164262227522,4.5,7.5,7.5
626,-296.25,-150.2164262227522,4.5,7.5,7.5
627,-283.75,-150.2164262227522,4.5,7.5,7.5
628,-271.25,-150.2164262227522,4.5,7.5,7.5
629,-258.75,-150.2164262227522,4.5,7.5,7.5
630,-246.25,-150.2164262227522,4.5,7.5,7.5
631,-233.75,-150.2164262227522,4.5,7.5,7.5
632,-221.25,-150.2164262227522,4.5,7.5,7.5
633,-208.75,-150.2164262227522,4.5,7.5,7.5
634,-196.25,-150.2164262227522,4.5,7.5,7.5
635,-183.75,-150.2164262227522,4.5,7.5,7.5
636,-171.25,-150.2164262227522,4.5,7.5,7.5
637,-158.75,-150.2164262227522,4.5,7.5,7.5
638,-146.25,-150.2164262227522,4.5,7.5,7.5
639,-133.75,-150.2164262227522,4.5,7.5,7.5
640,-121.25,-150.2164262227522,4.5,7.5,7.5
641,-108.75,-150.2164262227522,4.5,7.5,7.5
642,-96.25,-150.2164262227522,4.5,7.5,7.5
643,-83.75,-150.2164262227522,4.5,7.5,7.5
644,-71.25,-150.2164262227522,4.5,7.5,7.5
645,-58.75,-150.2164262227522,4.5,7.5,7.5
646,-46.25,-150.2164262227522,4.5,7.5,7.5
647,-33.75,-150.2164262227522,4.5,7.5,7.5
648,-21.25,-150.2164262227522,4.5,7.5,7.5
649,-8.75,-150.2164262227522,4.5,7.5,7.5
650,3.75,-150.2164262227522,4.5,7.5,7.5
651,16.25,-150.2164262227522,4.5,7.5,7.5
652,28.75,-150.2164262227522,4.5,7.5,7.5
653,41.25,-150.2164262227522,4.5,7.5,7.5
654,53.75,-150.2164262227522,4.5,7.5,7.5
655,66.25,-150.2164262227522,4.5,7.5,7.5
656,78.75,-150.2164262227522,4.5,7.5,7.5
657,91.25,-150.2164262227522,4.5,7.5,7.5
658,103.75,-150.2164262227522,4.5,7.5,7.5
659,116.25,-150.2164262227522,4.5,7.5,7.5
660,128.75,-150.2164262227522,4.5,7.5,7.5
661,141.25,-150.2164262227522,4.5,7.5,7.5
662,153.75,-150.2164262227522,4.5,7.5,7.5
663,166.25,-150.2164262227522,4.5,7.5,7.5
664,178.75,-150.2164262227522,4.5,7.5,7.5
665,191.25,-150.2164262227522,4.5,7.5,7.5
666,203.75,-150.2164262227522,4.5,7.5,7.5
667,216.25,-150.2164262227522,4.5,7.5,7.5
668,228.75,-150.2164262227522,4.5,7.5,7.5
669,241.25,-150.2164262227522,4.5,7.5,7.5
670,253.75,-150.2164262227522,4.5,7.5,7.5
671,266.25,-150.2164262227522,4.5,7.5,7.5
672,291.25,-150.2164262227522,4.5,7.5,7.5
673,303.75,-150.2164262227522,4.5,7.5,7.5
674,-315.0,-139.39110867544673,4.5,7.5,7.5
675,-302.5,-139.39110867544673,4.5,7.5,7.5
676,-290.0,-139.39110867544673,4.5,7.5,7.5
677,-277.5,-139.39110867544673,4.5,7.5,7.5
678,-265.0,-139.39110867544673,4.5,7.5,7.5
679,-252.5,-139.39110867544673,4.5,7.5,7.5
680,-240.0,-139.39110867544673,4.5,7.5,7.5
681,-227.5,-139.39110867544673,4.5,7.5,7.5
682,-215.0,-139.39110867544673,4.5,7.5,7.5
683,-202.5,-139.39110867544673,4.5,7.5,7.5
684,-190.0,-139.39110867544673,4.5,7.5,7.5
685,-177.5,-139.39110867544673,4.5,7.5,7.5
686,-165.0,-139.39110867544673,4.5,7.5,7.5
687,-152.5,-139.39110867544673,4.5,7.5,7.5
688,-140.0,-139.39110867544673,4.5,7.5,7.5
689,-127.5,-139.39110867544673,4.5,7.5,7.5
690,-115.0,-139.39110867544673,4.5,7.5,7.5
691,-102.5,-139.39110867544673,4.5,7.5,7.5
692,-90.0,-139.39110867544673,4.5,7.5,7.5
693,-77.5,-139.39110867544673,4.5,7.5,7.5
694,-65.0,-139.39110867544673,4.5,7.5,7.5
695,-52.5,-139.39110867544673,4.5,7.5,7.5
696,-40.0,-139.39110867544673,4.5,7.5,7.5
697,-27.5,-139.39110867544673,4.5,7.5,7.5
698,-15.0,-139.39110867544673,4.5,7.5,7.5
699,22.5,-139.39110867544673,4.5,7.5,7.5
700,35.0,-139.39110867544673,4.5,7.5,7.5
701,47.5,-139.39110867544673,4.5,7.5,7.5
702,60.0,-139.39110867544673,4.5,7.5,7.5
703,72.5,-139.39110867544673,4.5,7.5,7.5
704,85.0,-139.39110867544673,4.5,7.5,7.5
705,97.5,-139.39110867544673,4.5,7.5,7.5
706,110.0,-139.39110867544673,4.5,7.5,7.5
707,122.5,-139.39110867544673,4.5,7.5,7.5
708,135.0,-139.39110867544673,4.5,7.5,7.5
709,147.5,-139.39110867544673,4.5,7.5,7.5
710,160.0,-139.39110867544673,4.5,7.5,7.5
711,172.5,-139.39110867544673,4.5,7.5,7.5
712,185.0,-139.39110867544673,4.5,7.5,7.5
713,197.5,-139.39110867544673,4.5,7.5,7.5
714,210.0,-139.39110867544673,4.5,7.5,7.5
715,222.5,-139.39110867544673,4.5,7.5,7.5
716,235.0,-139.39110867544673,4.5,7.5,7.5
717,247.5,-139.39110867544673,4.5,7.5,7.5
718,260.0,-139.39110867544673,4.5,7.5,7.5
719,272.5,-139.39110867544673,4.5,7.5,7.5
720,285.0,-139.39110867544673,4.5,7.5,7.5
721,297.5,-139.39110867544673,4.5,7.5,7.5
722,310.0,-139.39110867544673,4.5,7.5,7.5
723,-321.25,-128.56579112814126,4.5,7.5,7.5
724,-308.75,-128.56579112814126,4.5,7.5,7.5
725,-296.25,-128.56579112814126,4.5,7.5,7.5
726,-283.75,-128.56579112814126,4.5,7.5,7.5
727,-271.25,-128.56579112814126,4.5,7.5,7.5
728,-258.75,-128.56579112814126,4.5,7.5,7.5
729,-246.25,-128.56579112814126,4.5,7.5,7.5
730,-233.75,-128.56579112814126,4.5,7.5,7.5
731,-221.25,-128.56579112814126,4.5,7.5,7.5
732,-208.75,-128.56579112814126,4.5,7.5,7.5
733,-196.25,-128.56579112814126,4.5,7.5,7.5
734,-183.75,-128.56579112814126,4.5,7.5,7.5
735,-171.25,-128.56579112814126,4.5,7.5,7.5
736,-158.75,-128.56579112814126,4.5,7.5,7.5
737,-146.25,-128.56579112814126,4.5,7.5,7.5
738,-133.75,-128.56579112814126,4.5,7.5,7.5
739,-121.25,-128.56579112814126,4.5,7.5,7.5
740,-108.75,-128.56579112814126,4.5,7.5,7.5
741,-96.25,-128.56579112814126,4.5,7.5,7.5
742,-83.75,-128.56579112814126,4.5,7.5,7.5
743,-71.25,-128.56579112814126,4.5,7.5,7.5
744,-58.75,-128.56579112814126,4.5,7.5,7.5
745,53.75,-128.56579112814126,4.5,7.5,7.5
746,66.25,-128.56579112814126,4.5,7.5,7.5
747,78.75,-128.56579112814126,4.5,7.5,7.5
748,91.25,-128.56579112814126,4.5,7.5,7.5
749,103.75,-128.56579112814126,4.5,7.5,7.5
750,116.25,-128.56579112814126,4.5,7.5,7.5
751,128.75,-128.56579112814126,4.5,7.5,7.5
752,141.25,-128.56579112814126,4.5,7.5,7.5
753,153.75,-128.56579112814126,4.5,7.5,7.5
754,166.25,-128.56579112814126,4.5,7.5,7.5
755,178.75,-128.56579112814126,4.5,7.5,7.5
756,191.25,-128.56579112814126,4.5,7.5,7.5
757,203.75,-128.56579112814126,4.5,7.5,7.5
758,216.25,-128.56579112814126,4.5,7.5,7.5
759,228.75,-128.56579112814126,4.5,7.5,7.5
760,241.25,-128.56579112814126,4.5,7.5,7.5
761,253.75,-128.56579112814126,4.5,7.5,7.5
762,266.25,-128.56579112814126,4.5,7.5,7.5
763,278.75,-128.56579112814126,4.5,7.5,7.5
764,291.25,-128.56579112814126,4.5,7.5,7.5
765,303.75,-128.56579112814126,4.5,7.5,7.5
766,316.25,-128.56579112814126,4.5,7.5,7.5
767,-327.5,-117.74047358083578,4.5,7.5,7.5
768,-315.0,-117.74047358083578,4.5,7.5,7.5
769,-302.5,-117.74047358083578,4.5,7.5,7.5
770,-290.0,-117.74047358083578,4.5,7.5,7.5
771,-277.5,-117.74047358083578,4.5,7.5,7.5
772,-265.0,-117.74047358083578,4.5,7.5,7.5
773,-252.5,-117.74047358083578,4.5,7.5,7.5
774,-240.0,-117.74047358083578,4.5,7.5,7.5
775,-227.5,-117.74047358083578,4.5,7.5,7.5
776,-215.0,-117.74047358083578,4.5,7.5,7.5
777,-202.5,-117.74047358083578,4.5,7.5,7.5
778,-190.0,-117.74047358083578,4.5,7.5,7.5
779,-177.5,-117.74047358083578,4.5,7.5,7.5
780,-165.0,-117.74047358083578,4.5,7.5,7.5
781,-152.5,-117.74047358083578,4.5,7.5,7.5
782,-140.0,-117.74047358083578,4.5,7.5,7.5
783,-127.5,-117.74047358083578,4.5,7.5,7.5
784,-115.0,-117.74047358083578,4.5,7.5,7.5
785,-102.5,-117.74047358083578,4.5,7.5,7.5
786,-90.0,-117.74047358083578,4.5,7.5,7.5
787,-77.5,-117.74047358083578,4.5,7.5,7.5
788,-65.0,-117.74047358083578,4.5,7.5,7.5
789,72.5,-117.74047358083578,4.5,7.5,7.5
790,85.0,-117.74047358083578,4.5,7.5,7.5
791,97.5,-117.74047358083578,4.5,7.5,7.5
792,110.0,-117.74047358083578,4.5,7.5,7.5
793,122.5,-117.74047358083578,4.5,7.5,7.5
794,135.0,-117.74047358083578,4.5,7.5,7.5
795,147.5,-117.74047358083578,4.5,7.5,7.5
796,160.0,-117.74047358083578,4.5,7.5,7.5
797,172.5,-117.74047358083578,4.5,7.5,7.5
798,185.0,-117.74047358083578,4.5,7.5,7.5
799,197.5,-117.74047358083578,4.5,7.5,7.5
800,210.0,-117.74047358083578,4.5,7.5,7.5
801,222.5,-117.74047358083578,4.5,7.5,7.5
802,235.0,-117.74047358083578,4.5,7.5,7.5
803,247.5,-117.74047358083578,4.5,7.5,7.5
804,260.0,-117.74047358083578,4.5,7.5,7.5
805,272.5,-117.74047358083578,4.5,7.5,7.5
806,285.0,-117.74047358083578,4.5,7.5,7.5
807,297.5,-117.74047358083578,4.5,7.5,7.5
808,310.0,-117.74047358083578,4.5,7.5,7.5
809,322.5,-117.74047358083578,4.5,7.5,7.5
810,-321.25,-106.91515603353031,4.5,7.5,7.5
811,-308.75,-106.91515603353031,4.5,7.5,7.5
812,-296.25,-106.91515603353031,4.5,7.5,7.5
813,-283.75,-106.91515603353031,4.5,7.5,7.5
814,-271.25,-106.91515603353031,4.5,7.5,7.5
815,-258.75,-106.91515603353031,4.5,7.5,7.5
816,-246.25,-106.91515603353031,4.5,7.5,7.5
817,-233.75,-106.91515603353031,4.5,7.5,7.5
818,-221.25,-106.91515603353031,4.5,7.5,7.5
819,-208.75,-106.91515603353031,4.5,7.5,7.5
820,-196.25,-106.91515603353031,4.5,7.5,7.5
821,-183.75,-106.91515603353031,4.5,7.5,7.5
822,-171.25,-106.91515603353031,4.5,7.5,7.5
823,-158.75,-106.91515603353031,4.5,7.5,7.5
824,-146.25,-106.91515603353031,4.5,7.5,7.5
825,-133.75,-106.91515603353031,4.5,7.5,7.5
826,-121.25,-106.91515603353031,4.5,7.5,7.5
827,-108.75,-106.91515603353031,4.5,7.5,7.5
828,-96.25,-106.91515603353031,4.5,7.5,7.5
829,-83.75,-106.91515603353031,4.5,7.5,7.5
830,78.75,-106.91515603353031,4.5,7.5,7.5
831,91.25,-106.91515603353031,4.5,7.5,7.5
832,103.75,-106.91515603353031,4.5,7.5,7.5
833,116.25,-106.91515603353031,4.5,7.5,7.5
834,128.75,-106.91515603353031,4.5,7.5,7.5
835,141.25,-106.91515603353031,4.5,7.5,7.5
836,153.75,-106.91515603353031,4.5,7.5,7.5
837,166.25,-106.91515603353031,4.5,7.5,7.5
838,178.75,-106.91515603353031,4.5,7.5,7.5
839,191.25,-106.91515603353031,4.5,7.5,7.5
840,203.75,-106.91515603353031,4.5,7.5,7.5
841,216.25,-106.91515603353031,4.5,7.5,7.5
842,228.75,-106.91515603353031,4.5,7.5,7.5
843,241.25,-106.91515603353031,4.5,7.5,7.5
844,253.75,-106.91515603353031,4.5,7.5,7.5
845,266.25,-106.91515603353031,4.5,7.5,7.5
846,278.75,-106.91515603353031,4.5,7.5,7.5
847,291.25,-106.91515603353031,4.5,7.5,7.5
848,303.75,-106.91515603353031,4.5,7.5,7.5
849,316.25,-106.91515603353031,4.5,7.5,7.5
850,328.75,-106.91515603353031,4.5,7.5,7.5
851,-327.5,-96.08983848622483,4.5,7.5,7.5
852,-315.0,-96.08983848622483,4.5,7.5,7.5
853,-302.5,-96.08983848622483,4.5,7.5,7.5
854,-290.0,-96.08983848622483,4.5,7.5,7.5
855,-277.5,-96.08983848622483,4.5,7.5,7.5
856,-265.0,-96.08983848622483,4.5,7.5,7.5
857,-252.5,-96.08983848622483,4.5,7.5,7.5
858,-240.0,-96.08983848622483,4.5,7.5,7.5
859,-227.5,-96.08983848622483,4.5,7.5,7.5
860,-215.0,-96.08983848622483,4.5,7.5,7.5
861,-202.5,-96.08983848622483,4.5,7.5,7.5
862,-190.0,-96.08983848622483,4.5,7.5,7.5
863,-177.5,-96.08983848622483,4.5,7.5,7.5
864,-165.0,-96.08983848622483,4.5,7.5,7.5
865,-152.5,-96.08983848622483,4.5,7.5,7.5
866,-140.0,-96.08983848622483,4.5,7.5,7.5
867,-127.5,-96.08983848622483,4.5,7.5,7.5
868,-115.0,-96.08983848622483,4.5,7.5,7.5
869,-102.5,-96.08983848622483,4.5,7.5,7.5
870,-90.0,-96.08983848622483,4.5,7.5,7.5
871,85.0,-96.08983848622483,4.5,7.5,7.5
872,97.5,-96.08983848622483,4.5,7.5,7.5
873,110.0,-96.08983848622483,4.5,7.5,7.5
874,122.5,-96.08983848622483,4.5,7.5,7.5
875,135.0,-96.08983848622483,4.5,7.5,7.5
876,147.5,-96.08983848622483,4.5,7.5,7.5
877,160.0,-96.08983848622483,4.5,7.5,7.5
878,172.5,-96.08983848622483,4.5,7.5,7.5
879,185.0,-96.08983848622483,4.5,7.5,7.5
880,197.5,-96.08983848622483,4.5,7.5,7.5
881,210.0,-96.08983848622483,4.5,7.5,7.5
882,222.5,-96.08983848622483,4.5,7.5,7.5
883,235.0,-96.08983848622483,4.5,7.5,7.5
884,247.5,-96.08983848622483,4.5,7.5,7.5
885,260.0,-96.08983848622483,4.5,7.5,7.5
886,272.5,-96.08983848622483,4.5,7.5,7.5
887,285.0,-96.08983848622483,4.5,7.5,7.5
888,297.5,-96.08983848622483,4.5,7.5,7.5
889,310.0,-96.08983848622483,4.5,7.5,7.5
890,322.5,-96.08983848622483,4.5,7.5,7.5
891,335.0,-96.08983848622483,4.5,7.5,7.5
892,-333.75,-85.26452093891936,4.5,7.5,7.5
893,-321.25,-85.26452093891936,4.5,7.5,7.5
894,-308.75,-85.26452093891936,4.5,7.5,7.5
895,-296.25,-85.26452093891936,4.5,7.5,7.5
896,-271.25,-85.26452093891936,4.5,7.5,7.5
897,-258.75,-85.26452093891936,4.5,7.5,7.5
898,-246.25,-85.26452093891936,4.5,7.5,7.5
899,-233.75,-85.26452093891936,4.5,7.5,7.5
900,-221.25,-85.26452093891936,4.5,7.5,7.5
901,-208.75,-85.26452093891936,4.5,7.5,7.5
902,-196.25,-85.26452093891936,4.5,7.5,7.5
903,-183.75,-85.26452093891936,4.5,7.5,7.5
904,-171.25,-85.26452093891936,4.5,7.5,7.5
905,-158.75,-85.26452093891936,4.5,7.5,7.5
906,-146.25,-85.26452093891936,4.5,7.5,7.5
907,-133.75,-85.26452093891936,4.5,7.5,7.5
908,-121.25,-85.26452093891936,4.5,7.5,7.5
909,-108.75,-85.26452093891936,4.5,7.5,7.5
910,-96.25,-85.26452093891936,4.5,7.5,7.5
911,91.25,-85.26452093891936,4.5,7.5,7.5
912,103.75,-85.26452093891936,4.5,7.5,7.5
913,116.25,-85.26452093891936,4.5,7.5,7.5
914,128.75,-85.26452093891936,4.5,7.5,7.5
915,141.25,-85.26452093891936,4.5,7.5,7.5
916,153.75,-85.26452093891936,4.5,7.5,7.5
917,166.25,-85.26452093891936,4.5,7.5,7.5
918,178.75,-85.26452093891936,4.5,7.5,7.5
919,191.25,-85.26452093891936,4.5,7.5,7.5
920,203.75,-85.26452093891936,4.5,7.5,7.5
921,216.25,-85.26452093891936,4.5,7.5,7.5
922,228.75,-85.26452093891936,4.5,7.5,7.5
923,241.25,-85.26452093891936,4.5,7.5,7.5
924,253.75,-85.26452093891936,4.5,7.5,7.5
925,266.25,-85.26452093891936,4.5,7.5,7.5
926,278.75,-85.26452093891936,4.5,7.5,7.5
927,291.25,-85.26452093891936,4.5,7.5,7.5
928,303.75,-85.26452093891936,4.5,7.5,7.5
929,316.25,-85.26452093891936,4.5,7.5,7.5
930,328.75,-85.26452093891936,4.5,7.5,7.5
931,-340.0,-74.43920339161389,4.5,7.5,7.5
932,-327.5,-74.43920339161389,4.5,7.5,7.5
933,-315.0,-74.43920339161389,4.5,7.5,7.5
934,-302.5,-74.43920339161389,4.5,7.5,7.5
935,-290.0,-74.43920339161389,4.5,7.5,7.5
936,-277.5,-74.43920339161389,4.5,7.5,7.5
937,-265.0,-74.43920339161389,4.5,7.5,7.5
938,-252.5,-74.43920339161389,4.5,7.5,7.5
939,-240.0,-74.43920339161389,4.5,7.5,7.5
940,-227.5,-74.43920339161389,4.5,7.5,7.5
941,-215.0,-74.43920339161389,4.5,7.5,7.5
942,-202.5,-74.43920339161389,4.5,7.5,7.5
943,-190.0,-74.43920339161389,4.5,7.5,7.5
944,-177.5,-74.43920339161389,4.5,7.5,7.5
945,-165.0,-74.43920339161389,4.5,7.5,7.5
946,-152.5,-74.43920339161389,4.5,7.5,7.5
947,-140.0,-74.43920339161389,4.5,7.5,7.5
948,-127.5,-74.43920339161389,4.5,7.5,7.5
949,-115.0,-74.43920339161389,4.5,7.5,7.5
950,-102.5,-74.43920339161389,4.5,7.5,7.5
951,97.5,-74.43920339161389,4.5,7.5,7.5
952,110.0,-74.43920339161389,4.5,7.5,7.5
953,122.5,-74.43920339161389,4.5,7.5,7.5
954,135.0,-74.43920339161389,4.5,7.5,7.5
955,147.5,-74.43920339161389,4.5,7.5,7.5
956,160.0,-74.43920339161389,4.5,7.5,7.5
957,172.5,-74.43920339161389,4.5,7.5,7.5
958,185.0,-74.43920339161389,4.5,7.5,7.5
959,197.5,-74.43920339161389,4.5,7.5,7.5
960,210.0,-74.43920339161389,4.5,7.5,7.5
961,222.5,-74.43920339161389,4.5,7.5,7.5
962,235.0,-74.43920339161389,4.5,7.5,7.5
963,247.5,-74.43920339161389,4.5,7.5,7.5
964,260.0,-74.43920339161389,4.5,7.5,7.5
965,272.5,-74.43920339161389,4.5,7.5,7.5
966,285.0,-74.43920339161389,4.5,7.5,7.5
967,297.5,-74.43920339161389,4.5,7.5,7.5
968,310.0,-74.43920339161389,4.5,7.5,7.5
969,322.5,-74.43920339161389,4.5,7.5,7.5
970,335.0,-74.43920339161389,4.5,7.5,7.5
971,-333.75,-63.61388584430841,4.5,7.5,7.5
972,-321.25,-63.61388584430841,4.5,7.5,7.5
973,-308.75,-63.61388584430841,4.5,7.5,7.5
974,-296.25,-63.61388584430841,4.5,7.5,7.5
975,-283.75,-63.61388584430841,4.5,7.5,7.5
976,-271.25,-63.61388584430841,4.5,7.5,7.5
977,-258.75,-63.61388584430841,4.5,7.5,7.5
978,-246.25,-63.61388584430841,4.5,7.5,7.5
979,-233.75,-63.61388584430841,4.5,7.5,7.5
980,-221.25,-63.61388584430841,4.5,7.5,7.5
981,-208.75,-63.61388584430841,4.5,7.5,7.5
982,-196.25,-63.61388584430841,4.5,7.5,7.5
983,-183.75,-63.61388584430841,4.5,7.5,7.5
984,-171.25,-63.61388584430841,4.5,7.5,7.5
985,-158.75,-63.61388584430841,4.5,7.5,7.5
986,-146.25,-63.61388584430841,4.5,7.5,7.5
987,-133.75,-63.61388584430841,4.5,7.5,7.5
988,-121.25,-63.61388584430841,4.5,7.5,7.5
989,-108.75,-63.61388584430841,4.5,7.5,7.5
990,103.75,-63.61388584430841,4.5,7.5,7.5
991,116.25,-63.61388584430841,4.5,7.5,7.5
992,128.75,-63.61388584430841,4.5,7.5,7.5
993,141.25,-63.61388584430841,4.5,7.5,7.5
994,153.75,-63.61388584430841,4.5,7.5,7.5
995,166.25,-63.61388584430841,4.5,7.5,7.5
996,178.75,-63.61388584430841,4.5,7.5,7.5
997,191.25,-63.61388584430841,4.5,7.5,7.5
998,203.75,-63.61388584430841,4.5,7.5,7.5
999,216.25,-63.61388584430841,4.5,7.5,7.5
1000,228.75,-63.61388584430841,4.5,7.5,7.5
1001,241.25,-63.61388584430841,4.5,7.5,7.5
1002,253.75,-63.61388584430841,4.5,7.5,7.5
1003,266.25,-63.61388584430841,4.5,7.5,7.5
1004,278.75,-63.61388584430841,4.5,7.5,7.5
1005,291.25,-63.61388584430841,4.5,7.5,7.5
1006,303.75,-63.61388584430841,4.5,7.5,7.5
1007,316.25,-63.61388584430841,4.5,7.5,7.5
1008,328.75,-63.61388584430841,4.5,7.5,7.5
1009,341.25,-63.61388584430841,4.5,7.5,7.5
1010,-340.0,-52.78856829700294,4.5,7.5,7.5
1011,-327.5,-52.78856829700294,4.5,7.5,7.5
1012,-315.0,-52.78856829700294,4.5,7.5,7.5
1013,-302.5,-52.78856829700294,4.5,7.5,7.5
1014,-290.0,-52.78856829700294,4.5,7.5,7.5
1015,-277.5,-52.78856829700294,4.5,7.5,7.5
1016,-265.0,-52.78856829700294,4.5,7.5,7.5
1017,-252.5,-52.78856829700294,4.5,7.5,7.5
1018,-240.0,-52.78856829700294,4.5,7.5,7.5
1019,-227.5,-52.78856829700294,4.5,7.5,7.5
1020,-215.0,-52.78856829700294,4.5,7.5,7.5
1021,-202.5,-52.78856829700294,4.5,7.5,7.5
1022,-190.0,-52.78856829700294,4.5,7.5,7.5
1023,-177.5,-52.78856829700294,4.5,7.5,7.5
1024,-165.0,-52.78856829700294,4.5,7.5,7.5
1025,-152.5,-52.78856829700294,4.5,7.5,7.5
1026,-140.0,-52.78856829700294,4.5,7.5,7.5
1027,-127.5,-52.78856829700294,4.5,7.5,7.5
1028,-115.0,-52.78856829700294,4.5,7.5,7.5
1029,-102.5,-52.78856829700294,4.5,7.5,7.5
1030,110.0,-52.78856829700294,4.5,7.5,7.5
1031,122.5,-52.78856829700294,4.5,7.5,7.5
1032,135.0,-52.78856829700294,4.5,7.5,7.5
1033,147.5,-52.78856829700294,4.5,7.5,7.5
1034,160.0,-52.78856829700294,4.5,7.5,7.5
1035,172.5,-52.78856829700294,4.5,7.5,7.5
1036,185.0,-52.78856829700294,4.5,7.5,7.5
1037,197.5,-52.78856829700294,4.5,7.5,7.5
1038,210.0,-52.78856829700294,4.5,7.5,7.5
1039,222.5,-52.78856829700294,4.5,7.5,7.5
1040,235.0,-52.78856829700294,4.5,7.5,7.5
1041,247.5,-52.78856829700294,4.5,7.5,7.5
1042,260.0,-52.78856829700294,4.5,7.5,7.5
1043,272.5,-52.78856829700294,4.5,7.5,7.5
1044,285.0,-52.78856829700294,4.5,7.5,7.5
1045,310.0,-52.78856829700294,4.5,7.5,7.5
1046,322.5,-52.78856829700294,4.5,7.5,7.5
1047,335.0,-52.78856829700294,4.5,7.5,7.5
1048,-346.25,-41.963250749697465,4.5,7.5,7.5
1049,-333.75,-41.963250749697465,4.5,7.5,7.5
1050,-321.25,-41.963250749697465,4.5,7.5,7.5
1051,-308.75,-41.963250749697465,4.5,7.5,7.5
1052,-296.25,-41.963250749697465,4.5,7.5,7.5
1053,-283.75,-41.963250749697465,4.5,7.5,7.5
1054,-271.25,-41.963250749697465,4.5,7.5,7.5
1055,-258.75,-41.963250749697465,4.5,7.5,7.5
1056,-246.25,-41.963250749697465,4.5,7.5,7.5
1057,-233.75,-41.963250749697465,4.5,7.5,7.5
1058,-221.25,-41.963250749697465,4.5,7.5,7.5
1059,-208.75,-41.963250749697465,4.5,7.5,7.5
1060,-196.25,-41.963250749697465,4.5,7.5,7.5
1061,-183.75,-41.963250749697465,4.5,7.5,7.5
1062,-171.25,-41.963250749697465,4.5,7.5,7.5
1063,-158.75,-41.963250749697465,4.5,7.5,7.5
1064,-146.25,-41.963250749697465,4.5,7.5,7.5
1065,-133.75,-41.963250749697465,4.5,7.5,7.5
1066,-121.25,-41.963250749697465,4.5,7.5,7.5
1067,-108.75,-41.963250749697465,4.5,7.5,7.5
1068,103.75,-41.963250749697465,4.5,7.5,7.5
1069,116.25,-41.963250749697465,4.5,7.5,7.5
1070,128.75,-41.963250749697465,4.5,7.5,7.5
1071,141.25,-41.963250749697465,4.5,7.5,7.5
1072,153.75,-41.963250749697465,4.5,7.5,7.5
1073,166.25,-41.963250749697465,4.5,7.5,7.5
1074,178.75,-41.963250749697465,4.5,7.5,7.5
1075,191.25,-41.963250749697465,4.5,7.5,7.5
1076,203.75,-41.963250749697465,4.5,7.5,7.5
1077,216.25,-41.963250749697465,4.5,7.5,7.5
1078,228.75,-41.963250749697465,4.5,7.5,7.5
1079,241.25,-41.963250749697465,4.5,7.5,7.5
1080,253.75,-41.963250749697465,4.5,7.5,7.5
1081,266.25,-41.963250749697465,4.5,7.5,7.5
1082,278.75,-41.963250749697465,4.5,7.5,7.5
1083,291.25,-41.963250749697465,4.5,7.5,7.5
1084,303.75,-41.963250749697465,4.5,7.5,7.5
1085,316.25,-41.963250749697465,4.5,7.5,7.5
1086,328.75,-41.963250749697465,4.5,7.5,7.5
1087,341.25,-41.963250749697465,4.5,7.5,7.5
1088,-340.0,-31.13793320239199,4.5,7.5,7.5
1089,-327.5,-31.13793320239199,4.5,7.5,7.5
1090,-315.0,-31.13793320239199,4.5,7.5,7.5
1091,-302.5,-31.13793320239199,4.5,7.5,7.5
1092,-290.0,-31.13793320239199,4.5,7.5,7.5
1093,-277.5,-31.13793320239199,4.5,7.5,7.5
1094,-265.0,-31.13793320239199,4.5,7.5,7.5
1095,-252.5,-31.13793320239199,4.5,7.5,7.5
1096,-240.0,-31.13793320239199,4.5,7.5,7.5
1097,-227.5,-31.13793320239199,4.5,7.5,7.5
1098,-215.0,-31.13793320239199,4.5,7.5,7.5
1099,-202.5,-31.13793320239199,4.5,7.5,7.5
1100,-190.0,-31.13793320239199,4.5,7.5,7.5
1101,-177.5,-31.13793320239199,4.5,7.5,7.5
1102,-165.0,-31.13793320239199,4.5,7.5,7.5
1103,-152.5,-31.13793320239199,4.5,7.5,7.5
1104,-140.0,-31.13793320239199,4.5,7.5,7.5
1105,-127.5,-31.13793320239199,4.5,7.5,7.5
1106,-115.0,-31.13793320239199,4.5,7.5,7.5
1107,-102.5,-31.13793320239199,4.5,7.5,7.5
1108,110.0,-31.13793320239199,4.5,7.5,7.5
1109,122.5,-31.13793320239199,4.5,7.5,7.5
1110,135.0,-31.13793320239199,4.5,7.5,7.5
1111,147.5,-31.13793320239199,4.5,7.5,7.5
1112,160.0,-31.13793320239199,4.5,7.5,7.5
1113,172.5,-31.13793320239199,4.5,7.5,7.5
1114,185.0,-31.13793320239199,4.5,7.5,7.5
1115,197.5,-31.13793320239199,4.5,7.5,7.5
1116,210.0,-31.13793320239199,4.5,7.5,7.5
1117,222.5,-31.13793320239199,4.5,7.5,7.5
1118,235.0,-31.13793320239199,4.5,7.5,7.5
1119,247.5,-31.13793320239199,4.5,7.5,7.5
1120,260.0,-31.13793320239199,4.5,7.5,7.5
1121,272.5,-31.13793320239199,4.5,7.5,7.5
1122,285.0,-31.13793320239199,4.5,7.5,7.5
1123,297.5,-31.13793320239199,4.5,7.5,7.5
1124,310.0,-31.13793320239199,4.5,7.5,7.5
1125,322.5,-31.13793320239199,4.5,7.5,7.5
1126,335.0,-31.13793320239199,4.5,7.5,7.5
1127,347.5,-31.13793320239199,4.5,7.5,7.5
1128,-346.25,-20.312615655086518,4.5,7.5,7.5
1129,-333.75,-20.312615655086518,4.5,7.5,7.5
1130,-321.25,-20.312615655086518,4.5,7.5,7.5
1131,-308.75,-20.312615655086518,4.5,7.5,7.5
1132,-296.25,-20.312615655086518,4.5,7.5,7.5
1133,-283.75,-20.312615655086518,4.5,7.5,7.5
1134,-271.25,-20.312615655086518,4.5,7.5,7.5
1135,-258.75,-20.312615655086518,4.5,7.5,7.5
1136,-246.25,-20.312615655086518,4.5,7.5,7.5
1137,-233.75,-20.312615655086518,4.5,7.5,7.5
1138,-221.25,-20.312615655086518,4.5,7.5,7.5
1139,-208.75,-20.312615655086518,4.5,7.5,7.5
1140,-196.25,-20.312615655086518,4.5,7.5,7.5
1141,-183.75,-20.312615655086518,4.5,7.5,7.5
1142,-171.25,-20.312615655086518,4.5,7.5,7.5
1143,-158.75,-20.312615655086518,4.5,7.5,7.5
1144,-146.25,-20.312615655086518,4.5,7.5,7.5
1145,-133.75,-20.312615655086518,4.5,7.5,7.5
1146,-121.25,-20.312615655086518,4.5,7.5,7.5
1147,-108.75,-20.312615655086518,4.5,7.5,7.5
1148,103.75,-20.312615655086518,4.5,7.5,7.5
1149,116.25,-20.312615655086518,4.5,7.5,7.5
1150,128.75,-20.312615655086518,4.5,7.5,7.5
1151,141.25,-20.312615655086518,4.5,7.5,7.5
1152,153.75,-20.312615655086518,4.5,7.5,7.5
1153,166.25,-20.312615655086518,4.5,7.5,7.5
1154,178.75,-20.312615655086518,4.5,7.5,7.5
1155,191.25,-20.312615655086518,4.5,7.5,7.5
1156,203.75,-20.312615655086518,4.5,7.5,7.5
1157,216.25,-20.312615655086518,4.5,7.5,7.5
1158,228.75,-20.312615655086518,4.5,7.5,7.5
1159,241.25,-20.312615655086518,4.5,7.5,7.5
1160,253.75,-20.312615655086518,4.5,7.5,7.5
1161,266.25,-20.312615655086518,4.5,7.5,7.5
1162,278.75,-20.312615655086518,4.5,7.5,7.5
1163,291.25,-20.312615655086518,4.5,7.5,7.5
1164,303.75,-20.312615655086518,4.5,7.5,7.5
1165,316.25,-20.312615655086518,4.5,7.5,7.5
1166,328.75,-20.312615655086518,4.5,7.5,7.5
1167,341.25,-20.312615655086518,4.5,7.5,7.5
1168,-340.0,-9.487298107781044,4.5,7.5,7.5
1169,-327.5,-9.487298107781044,4.5,7.5,7.5
1170,-315.0,-9.487298107781044,4.5,7.5,7.5
1171,-302.5,-9.487298107781044,4.5,7.5,7.5
1172,-290.0,-9.487298107781044,4.5,7.5,7.5
1173,-277.5,-9.487298107781044,4.5,7.5,7.5
1174,-265.0,-9.487298107781044,4.5,7.5,7.5
1175,-252.5,-9.487298107781044,4.5,7.5,7.5
1176,-240.0,-9.487298107781044,4.5,7.5,7.5
1177,-227.5,-9.487298107781044,4.5,7.5,7.5
1178,-215.0,-9.487298107781044,4.5,7.5,7.5
1179,-202.5,-9.487298107781044,4.5,7.5,7.5
1180,-190.0,-9.487298107781044,4.5,7.5,7.5
1181,-177.5,-9.487298107781044,4.5,7.5,7.5
1182,-165.0,-9.487298107781044,4.5,7.5,7.5
1183,-152.5,-9.487298107781044,4.5,7.5,7.5
1184,-140.0,-9.487298107781044,4.5,7.5,7.5
1185,-127.5,-9.487298107781044,4.5,7.5,7.5
1186,-115.0,-9.487298107781044,4.5,7.5,7.5
1187,-102.5,-9.487298107781044,4.5,7.5,7.5
1188,97.5,-9.487298107781044,4.5,7.5,7.5
1189,110.0,-9.487298107781044,4.5,7.5,7.5
1190,122.5,-9.487298107781044,4.5,7.5,7.5
1191,135.0,-9.487298107781044,4.5,7.5,7.5
1192,147.5,-9.487298107781044,4.5,7.5,7.5
1193,160.0,-9.487298107781044,4.5,7.5,7.5
1194,172.5,-9.487298107781044,4.5,7.5,7.5
1195,185.0,-9.487298107781044,4.5,7.5,7.5
1196,197.5,-9.487298107781044,4.5,7.5,7.5
1197,210.0,-9.487298107781044,4.5,7.5,7.5
1198,222.5,-9.487298107781044,4.5,7.5,7.5
1199,235.0,-9.487298107781044,4.5,7.5,7.5
1200,247.5,-9.487298107781044,4.5,7.5,7.5
1201,260.0,-9.487298107781044,4.5,7.5,7.5
1202,272.5,-9.487298107781044,4.5,7.5,7.5
1203,285.0,-9.487298107781044,4.5,7.5,7.5
1204,297.5,-9.487298107781044,4.5,7.5,7.5
1205,310.0,-9.487298107781044,4.5,7.5,7.5
1206,322.5,-9.487298107781044,4.5,7.5,7.5
1207,335.0,-9.487298107781044,4.5,7.5,7.5
1208,347.5,-9.487298107781044,4.5,7.5,7.5
1209,-346.25,1.3380194395244303,4.5,7.5,7.5
1210,-333.75,1.3380194395244303,4.5,7.5,7.5
1211,-321.25,1.3380194395244303,4.5,7.5,7.5
1212,-308.75,1.3380194395244303,4.5,7.5,7.5
1213,-296.25,1.3380194395244303,4.5,7.5,7.5
1214,-283.75,1.3380194395244303,4.5,7.5,7.5
1215,-271.25,1.3380194395244303,4.5,7.5,7.5
1216,-258.75,1.3380194395244303,4.5,7.5,7.5
1217,-246.25,1.3380194395244303,4.5,7.5,7.5
1218,-233.75,1.3380194395244303,4.5,7.5,7.5
1219,-221.25,1.3380194395244303,4.5,7.5,7.5
1220,-208.75,1.3380194395244303,4.5,7.5,7.5
1221,-196.25,1.3380194395244303,4.5,7.5,7.5
1222,-183.75,1.3380194395244303,4.5,7.5,7.5
1223,-171.25,1.3380194395244303,4.5,7.5,7.5
1224,-158.75,1.3380194395244303,4.5,7.5,7.5
1225,-146.25,1.3380194395244303,4.5,7.5,7.5
1226,-133.75,1.3380194395244303,4.5,7.5,7.5
1227,-121.25,1.3380194395244303,4.5,7.5,7.5
1228,-108.75,1.3380194395244303,4.5,7.5,7.5
1229,-96.25,1.3380194395244303,4.5,7.5,7.5
1230,91.25,1.3380194395244303,4.5,7.5,7.5
1231,103.75,1.3380194395244303,4.5,7.5,7.5
1232,116.25,1.3380194395244303,4.5,7.5,7.5
1233,128.75,1.3380194395244303,4.5,7.5,7.5
1234,141.25,1.3380194395244303,4.5,7.5,7.5
1235,153.75,1.3380194395244303,4.5,7.5,7.5
1236,166.25,1.3380194395244303,4.5,7.5,7.5
1237,178.75,1.3380194395244303,4.5,7.5,7.5
1238,191.25,1.3380194395244303,4.5,7.5,7.5
1239,203.75,1.3380194395244303,4.5,7.5,7.5
1240,216.25,1.3380194395244303,4.5,7.5,7.5
1241,228.75,1.3380194395244303,4.5,7.5,7.5
1242,241.25,1.3380194395244303,4.5,7.5,7.5
1243,253.75,1.3380194395244303,4.5,7.5,7.5
1244,266.25,1.3380194395244303,4.5,7.5,7.5
1245,278.75,1.3380194395244303,4.5,7.5,7.5
1246,291.25,1.3380194395244303,4.5,7.5,7.5
1247,303.75,1.3380194395244303,4.5,7.5,7.5
1248,316.25,1.3380194395244303,4.5,7.5,7.5
1249,328.75,1.3380194395244303,4.5,7.5,7.5
1250,341.25,1.3380194395244303,4.5,7.5,7.5
1251,-340.0,12.163336986829904,4.5,7.5,7.5
1252,-327.5,12.163336986829904,4.5,7.5,7.5
1253,-315.0,12.163336986829904,4.5,7.5,7.5
1254,-302.5,12.163336986829904,4.5,7.5,7.5
1255,-290.0,12.163336986829904,4.5,7.5,7.5
1256,-277.5,12.163336986829904,4.5,7.5,7.5
1257,-265.0,12.163336986829904,4.5,7.5,7.5
1258,-252.5,12.163336986829904,4.5,7.5,7.5
1259,-240.0,12.163336986829904,4.5,7.5,7.5
1260,-227.5,12.163336986829904,4.5,7.5,7.5
1261,-215.0,12.163336986829904,4.5,7.5,7.5
1262,-202.5,12.163336986829904,4.5,7.5,7.5
1263,-190.0,12.163336986829904,4.5,7.5,7.5
1264,-177.5,12.163336986829904,4.5,7.5,7.5
1265,-165.0,12.163336986829904,4.5,7.5,7.5
1266,-152.5,12.163336986829904,4.5,7.5,7.5
1267,-140.0,12.163336986829904,4.5,7.5,7.5
1268,-127.5,12.163336986829904,4.5,7.5,7.5
1269,-115.0,12.163336986829904,4.5,7.5,7.5
1270,-102.5,12.163336986829904,4.5,7.5,7.5
1271,-90.0,12.163336986829904,4.5,7.5,7.5
1272,97.5,12.163336986829904,4.5,7.5,7.5
1273,110.0,12.163336986829904,4.5,7.5,7.5
1274,122.5,12.163336986829904,4.5,7.5,7.5
1275,135.0,12.163336986829904,4.5,7.5,7.5
1276,147.5,12.163336986829904,4.5,7.5,7.5
1277,160.0,12.163336986829904,4.5,7.5,7.5
1278,172.5,12.163336986829904,4.5,7.5,7.5
1279,185.0,12.163336986829904,4.5,7.5,7.5
1280,197.5,12.163336986829904,4.5,7.5,7.5
1281,210.0,12.163336986829904,4.5,7.5,7.5
1282,222.5,12.163336986829904,4.5,7.5,7.5
1283,235.0,12.163336986829904,4.5,7.5,7.5
1284,247.5,12.163336986829904,4.5,7.5,7.5
1285,260.0,12.163336986829904,4.5,7.5,7.5
1286,272.5,12.163336986829904,4.5,7.5,7.5
1287,285.0,12.163336986829904,4.5,7.5,7.5
1288,297.5,12.163336986829904,4.5,7.5,7.5
1289,310.0,12.163336986829904,4.5,7.5,7.5
1290,322.5,12.163336986829904,4.5,7.5,7.5
1291,335.0,12.163336986829904,4.5,7.5,7.5
1292,347.5,12.163336986829904,4.5,7.5,7.5
1293,-346.25,22.988654534135378,4.5,7.5,7.5
1294,-333.75,22.988654534135378,4.5,7.5,7.5
1295,-321.25,22.988654534135378,4.5,7.5,7.5
1296,-308.75,22.988654534135378,4.5,7.5,7.5
1297,-296.25,22.988654534135378,4.5,7.5,7.5
1298,-283.75,22.988654534135378,4.5,7.5,7.5
1299,-271.25,22.988654534135378,4.5,7.5,7.5
1300,-258.75,22.988654534135378,4.5,7.5,7.5
1301,-246.25,22.988654534135378,4.5,7.5,7.5
1302,-233.75,22.988654534135378,4.5,7.5,7.5
1303,-221.25,22.988654534135378,4.5,7.5,7.5
1304,-208.75,22.988654534135378,4.5,7.5,7.5
1305,-196.25,22.988654534135378,4.5,7.5,7.5
1306,-183.75,22.988654534135378,4.5,7.5,7.5
1307,-171.25,22.988654534135378,4.5,7.5,7.5
1308,-158.75,22.988654534135378,4.5,7.5,7.5
1309,-146.25,22.988654534135378,4.5,7.5,7.5
1310,-133.75,22.988654534135378,4.5,7.5,7.5
1311,-121.25,22.988654534135378,4.5,7.5,7.5
1312,-108.75,22.988654534135378,4.5,7.5,7.5
1313,-96.25,22.988654534135378,4.5,7.5,7.5
1314,-83.75,22.988654534135378,4.5,7.5,7.5
1315,78.75,22.988654534135378,4.5,7.5,7.5
1316,91.25,22.988654534135378,4.5,7.5,7.5
1317,103.75,22.988654534135378,4.5,7.5,7.5
1318,116.25,22.988654534135378,4.5,7.5,7.5
1319,128.75,22.988654534135378,4.5,7.5,7.5
1320,141.25,22.988654534135378,4.5,7.5,7.5
1321,153.75,22.988654534135378,4.5,7.5,7.5
1322,166.25,22.988654534135378,4.5,7.5,7.5
1323,178.75,22.988654534135378,4.5,7.5,7.5
1324,191.25,22.988654534135378,4.5,7.5,7.5
1325,203.75,22.988654534135378,4.5,7.5,7.5
1326,216.25,22.988654534135378,4.5,7.5,7.5
1327,228.75,22.988654534135378,4.5,7.5,7.5
1328,241.25,22.988654534135378,4.5,7.5,7.5
1329,253.75,22.988654534135378,4.5,7.5,7.5
1330,266.25,22.988654534135378,4.5,7.5,7.5
1331,278.75,22.988654534135378,4.5,7.5,7.5
1332,291.25,22.988654534135378,4.5,7.5,7.5
1333,303.75,22.988654534135378,4.5,7.5,7.5
1334,316.25,22.988654534135378,4.5,7.5,7.5
1335,328.75,22.988654534135378,4.5,7.5,7.5
1336,341.25,22.988654534135378,4.5,7.5,7.5
1337,-340.0,33.81397208144085,4.5,7.5,7.5
1338,-327.5,33.81397208144085,4.5,7.5,7.5
1339,-315.0,33.81397208144085,4.5,7.5,7.5
1340,-302.5,33.81397208144085,4.5,7.5,7.5
1341,-290.0,33.81397208144085,4.5,7.5,7.5
1342,-277.5,33.81397208144085,4.5,7.5,7.5
1343,-265.0,33.81397208144085,4.5,7.5,7.5
1344,-252.5,33.81397208144085,4.5,7.5,7.5
1345,-240.0,33.81397208144085,4.5,7.5,7.5
1346,-227.5,33.81397208144085,4.5,7.5,7.5
1347,-215.0,33.81397208144085,4.5,7.5,7.5
1348,-202.5,33.81397208144085,4.5,7.5,7.5
1349,-190.0,33.81397208144085,4.5,7.5,7.5
1350,-177.5,33.81397208144085,4.5,7.5,7.5
1351,-165.0,33.81397208144085,4.5,7.5,7.5
1352,-152.5,33.81397208144085,4.5,7.5,7.5
1353,-140.0,33.81397208144085,4.5,7.5,7.5
1354,-127.5,33.81397208144085,4.5,7.5,7.5
1355,-115.0,33.81397208144085,4.5,7.5,7.5
1356,-102.5,33.81397208144085,4.5,7.5,7.5
1357,-90.0,33.81397208144085,4.5,7.5,7.5
1358,-77.5,33.81397208144085,4.5,7.5,7.5
1359,72.5,33.81397208144085,4.5,7.5,7.5
1360,85.0,33.81397208144085,4.5,7.5,7.5
1361,97.5,33.81397208144085,4.5,7.5,7.5
1362,110.0,33.81397208144085,4.5,7.5,7.5
1363,122.5,33.81397208144085,4.5,7.5,7.5
1364,135.0,33.81397208144085,4.5,7.5,7.5
1365,147.5,33.81397208144085,4.5,7.5,7.5
1366,160.0,33.81397208144085,4.5,7.5,7.5
1367,172.5,33.81397208144085,4.5,7.5,7.5
1368,185.0,33.81397208144085,4.5,7.5,7.5
1369,197.5,33.81397208144085,4.5,7.5,7.5
1370,210.0,33.81397208144085,4.5,7.5,7.5
1371,222.5,33.81397208144085,4.5,7.5,7.5
1372,235.0,33.81397208144085,4.5,7.5,7.5
1373,247.5,33.81397208144085,4.5,7.5,7.5
1374,260.0,33.81397208144085,4.5,7.5,7.5
1375,272.5,33.81397208144085,4.5,7.5,7.5
1376,297.5,33.81397208144085,4.5,7.5,7.5
1377,310.0,33.81397208144085,4.5,7.5,7.5
1378,322.5,33.81397208144085,4.5,7.5,7.5
1379,335.0,33.81397208144085,4.5,7.5,7.5
1380,347.5,33.81397208144085,4.5,7.5,7.5
1381,-346.25,44.639289628746326,4.5,7.5,7.5
1382,-333.75,44.639289628746326,4.5,7.5,7.5
1383,-321.25,44.639289628746326,4.5,7.5,7.5
1384,-308.75,44.639289628746326,4.5,7.5,7.5
1385,-296.25,44.639289628746326,4.5,7.5,7.5
1386,-283.75,44.639289628746326,4.5,7.5,7.5
1387,-271.25,44.639289628746326,4.5,7.5,7.5
1388,-258.75,44.639289628746326,4.5,7.5,7.5
1389,-246.25,44.639289628746326,4.5,7.5,7.5
1390,-233.75,44.639289628746326,4.5,7.5,7.5
1391,-221.25,44.639289628746326,4.5,7.5,7.5
1392,-208.75,44.639289628746326,4.5,7.5,7.5
1393,-196.25,44.639289628746326,4.5,7.5,7.5
1394,-183.75,44.639289628746326,4.5,7.5,7.5
1395,-171.25,44.639289628746326,4.5,7.5,7.5
1396,-158.75,44.639289628746326,4.5,7.5,7.5
1397,-146.25,44.639289628746326,4.5,7.5,7.5
1398,-133.75,44.639289628746326,4.5,7.5,7.5
1399,-121.25,44.639289628746326,4.5,7.5,7.5
1400,-108.75,44.639289628746326,4.5,7.5,7.5
1401,-96.25,44.639289628746326,4.5,7.5,7.5
1402,-83.75,44.639289628746326,4.5,7.5,7.5
1403,-71.25,44.639289628746326,4.5,7.5,7.5
1404,-58.75,44.639289628746326,4.5,7.5,7.5
1405,53.75,44.639289628746326,4.5,7.5,7.5
1406,66.25,44.639289628746326,4.5,7.5,7.5
1407,78.75,44.639289628746326,4.5,7.5,7.5
1408,91.25,44.639289628746326,4.5,7.5,7.5
1409,103.75,44.639289628746326,4.5,7.5,7.5
1410,116.25,44.639289628746326,4.5,7.5,7.5
1411,128.75,44.639289628746326,4.5,7.5,7.5
1412,141.25,44.639289628746326,4.5,7.5,7.5
1413,153.75,44.639289628746326,4.5,7.5,7.5
1414,166.25,44.639289628746326,4.5,7.5,7.5
1415,178.75,44.639289628746326,4.5,7.5,7.5
1416,191.25,44.639289628746326,4.5,7.5,7.5
1417,203.75,44.639289628746326,4.5,7.5,7.5
1418,216.25,44.639289628746326,4.5,7.5,7.5
1419,228.75,44.639289628746326,4.5,7.5,7.5
1420,241.25,44.639289628746326,4.5,7.5,7.5
1421,253.75,44.639289628746326,4.5,7.5,7.5
1422,266.25,44.639289628746326,4.5,7.5,7.5
1423,278.75,44.639289628746326,4.5,7.5,7.5
1424,291.25,44.639289628746326,4.5,7.5,7.5
1425,303.75,44.639289628746326,4.5,7.5,7.5
1426,316.25,44.639289628746326,4.5,7.5,7.5
1427,328.75,44.639289628746326,4.5,7.5,7.5
1428,341.25,44.639289628746326,4.5,7.5,7.5
1429,-340.0,55.4646071760518,4.5,7.5,7.5
1430,-327.5,55.4646071760518,4.5,7.5,7.5
1431,-315.0,55.4646071760518,4.5,7.5,7.5
1432,-302.5,55.4646071760518,4.5,7.5,7.5
1433,-290.0,55.4646071760518,4.5,7.5,7.5
1434,-277.5,55.4646071760518,4.5,7.5,7.5
1435,-265.0,55.4646071760518,4.5,7.5,7.5
1436,-252.5,55.4646071760518,4.5,7.5,7.5
1437,-240.0,55.4646071760518,4.5,7.5,7.5
1438,-227.5,55.4646071760518,4.5,7.5,7.5
1439,-215.0,55.4646071760518,4.5,7.5,7.5
1440,-202.5,55.4646071760518,4.5,7.5,7.5
1441,-190.0,55.4646071760518,4.5,7.5,7.5
1442,-177.5,55.4646071760518,4.5,7.5,7.5
1443,-165.0,55.4646071760518,4.5,7.5,7.5
1444,-152.5,55.4646071760518,4.5,7.5,7.5
1445,-140.0,55.4646071760518,4.5,7.5,7.5
1446,-127.5,55.4646071760518,4.5,7.5,7.5
1447,-115.0,55.4646071760518,4.5,7.5,7.5
1448,-102.5,55.4646071760518,4.5,7.5,7.5
1449,-90.0,55.4646071760518,4.5,7.5,7.5
1450,-77.5,55.4646071760518,4.5,7.5,7.5
1451,-65.0,55.4646071760518,4.5,7.5,7.5
1452,-52.5,55.4646071760518,4.5,7.5,7.5
1453,-40.0,55.4646071760518,4.5,7.5,7.5
1454,35.0,55.4646071760518,4.5,7.5,7.5
1455,47.5,55.4646071760518,4.5,7.5,7.5
1456,60.0,55.4646071760518,4.5,7.5,7.5
1457,72.5,55.4646071760518,4.5,7.5,7.5
1458,85.0,55.4646071760518,4.5,7.5,7.5
1459,97.5,55.4646071760518,4.5,7.5,7.5
1460,110.0,55.4646071760518,4.5,7.5,7.5
1461,122.5,55.4646071760518,4.5,7.5,7.5
1462,135.0,55.4646071760518,4.5,7.5,7.5
1463,147.5,55.4646071760518,4.5,7.5,7.5
1464,160.0,55.4646071760518,4.5,7.5,7.5
1465,172.5,55.4646071760518,4.5,7.5,7.5
1466,185.0,55.4646071760518,4.5,7.5,7.5
1467,197.5,55.4646071760518,4.5,7.5,7.5
1468,210.0,55.4646071760518,4.5,7.5,7.5
1469,222.5,55.4646071760518,4.5,7.5,7.5
1470,235.0,55.4646071760518,4.5,7.5,7.5
1471,247.5,55.4646071760518,4.5,7.5,7.5
1472,260.0,55.4646071760518,4.5,7.5,7.5
1473,272.5,55.4646071760518,4.5,7.5,7.5
1474,285.0,55.4646071760518,4.5,7.5,7.5
1475,297.5,55.4646071760518,4.5,7.5,7.5
1476,310.0,55.4646071760518,4.5,7.5,7.5
1477,322.5,55.4646071760518,4.5,7.5,7.5
1478,-333.75,66.28992472335727,4.5,7.5,7.5
1479,-321.25,66.28992472335727,4.5,7.5,7.5
1480,-308.75,66.28992472335727,4.5,7.5,7.5
1481,-296.25,66.28992472335727,4.5,7.5,7.5
1482,-283.75,66.28992472335727,4.5,7.5,7.5
1483,-271.25,66.28992472335727,4.5,7.5,7.5
1484,-258.75,66.28992472335727,4.5,7.5,7.5
1485,-246.25,66.28992472335727,4.5,7.5,7.5
1486,-233.75,66.28992472335727,4.5,7.5,7.5
1487,-221.25,66.28992472335727,4.5,7.5,7.5
1488,-208.75,66.28992472335727,4.5,7.5,7.5
1489,-196.25,66.28992472335727,4.5,7.5,7.5
1490,-183.75,66.28992472335727,4.5,7.5,7.5
1491,-171.25,66.28992472335727,4.5,7.5,7.5
1492,-158.75,66.28992472335727,4.5,7.5,7.5
1493,-146.25,66.28992472335727,4.5,7.5,7.5
1494,-133.75,66.28992472335727,4.5,7.5,7.5
1495,-121.25,66.28992472335727,4.5,7.5,7.5
1496,-108.75,66.28992472335727,4.5,7.5,7.5
1497,-96.25,66.28992472335727,4.5,7.5,7.5
1498,-83.75,66.28992472335727,4.5,7.5,7.5
1499,-71.25,66.28992472335727,4.5,7.5,7.5
1500,-58.75,66.28992472335727,4.5,7.5,7.5
1501,-46.25,66.28992472335727,4.5,7.5,7.5
1502,-33.75,66.28992472335727,4.5,7.5,7.5
1503,-21.25,66.28992472335727,4.5,7.5,7.5
1504,-8.75,66.28992472335727,4.5,7.5,7.5
1505,3.75,66.28992472335727,4.5,7.5,7.5
1506,16.25,66.28992472335727,4.5,7.5,7.5
1507,28.75,66.28992472335727,4.5,7.5,7.5
1508,41.25,66.28992472335727,4.5,7.5,7.5
1509,53.75,66.28992472335727,4.5,7.5,7.5
1510,66.25,66.28992472335727,4.5,7.5,7.5
1511,78.75,66.28992472335727,4.5,7.5,7.5
1512,91.25,66.28992472335727,4.5,7.5,7.5
1513,103.75,66.28992472335727,4.5,7.5,7.5
1514,116.25,66.28992472335727,4.5,7.5,7.5
1515,128.75,66.28992472335727,4.5,7.5,7.5
1516,141.25,66.28992472335727,4.5,7.5,7.5
1517,153.75,66.28992472335727,4.5,7.5,7.5
1518,166.25,66.28992472335727,4.5,7.5,7.5
1519,178.75,66.28992472335727,4.5,7.5,7.5
1520,191.25,66.28992472335727,4.5,7.5,7.5
1521,203.75,66.28992472335727,4.5,7.5,7.5
1522,216.25,66.28992472335727,4.5,7.5,7.5
1523,228.75,66.28992472335727,4.5,7.5,7.5
1524,241.25,66.28992472335727,4.5,7.5,7.5
1525,253.75,66.28992472335727,4.5,7.5,7.5
1526,266.25,66.28992472335727,4.5,7.5,7.5
1527,278.75,66.28992472335727,4.5,7.5,7.5
1528,291.25,66.28992472335727,4.5,7.5,7.5
1529,303.75,66.28992472335727,4.5,7.5,7.5
1530,316.25,66.28992472335727,4.5,7.5,7.5
1531,328.75,66.28992472335727,4.5,7.5,7.5
1532,341.25,66.28992472335727,4.5,7.5,7.5
1533,-340.0,77.11524227066275,4.5,7.5,7.5
1534,-327.5,77.11524227066275,4.5,7.5,7.5
1535,-315.0,77.11524227066275,4.5,7.5,7.5
1536,-302.5,77.11524227066275,4.5,7.5,7.5
1537,-290.0,77.11524227066275,4.5,7.5,7.5
1538,-277.5,77.11524227066275,4.5,7.5,7.5
1539,-265.0,77.11524227066275,4.5,7.5,7.5
1540,-252.5,77.11524227066275,4.5,7.5,7.5
1541,-240.0,77.11524227066275,4.5,7.5,7.5
1542,-227.5,77.11524227066275,4.5,7.5,7.5
1543,-215.0,77.11524227066275,4.5,7.5,7.5
1544,-202.5,77.11524227066275,4.5,7.5,7.5
1545,-190.0,77.11524227066275,4.5,7.5,7.5
1546,-177.5,77.11524227066275,4.5,7.5,7.5
1547,-165.0,77.11524227066275,4.5,7.5,7.5
1548,-152.5,77.11524227066275,4.5,7.5,7.5
1549,-140.0,77.11524227066275,4.5,7.5,7.5
1550,-127.5,77.11524227066275,4.5,7.5,7.5
1551,-115.0,77.11524227066275,4.5,7.5,7.5
1552,-102.5,77.11524227066275,4.5,7.5,7.5
1553,-90.0,77.11524227066275,4.5,7.5,7.5
1554,-77.5,77.11524227066275,4.5,7.5,7.5
1555,-65.0,77.11524227066275,4.5,7.5,7.5
1556,-52.5,77.11524227066275,4.5,7.5,7.5
1557,-40.0,77.11524227066275,4.5,7.5,7.5
1558,-27.5,77.11524227066275,4.5,7.5,7.5
1559,-15.0,77.11524227066275,4.5,7.5,7.5
1560,-2.5,77.11524227066275,4.5,7.5,7.5
1561,10.0,77.11524227066275,4.5,7.5,7.5
1562,22.5,77.11524227066275,4.5,7.5,7.5
1563,35.0,77.11524227066275,4.5,7.5,7.5
1564,47.5,77.11524227066275,4.5,7.5,7.5
1565,60.0,77.11524227066275,4.5,7.5,7.5
1566,72.5,77.11524227066275,4.5,7.5,7.5
1567,85.0,77.11524227066275,4.5,7.5,7.5
1568,97.5,77.11524227066275,4.5,7.5,7.5
1569,110.0,77.11524227066275,4.5,7.5,7.5
1570,122.5,77.11524227066275,4.5,7.5,7.5
1571,135.0,77.11524227066275,4.5,7.5,7.5
1572,147.5,77.11524227066275,4.5,7.5,7.5
1573,160.0,77.11524227066275,4.5,7.5,7.5
1574,172.5,77.11524227066275,4.5,7.5,7.5
1575,185.0,77.11524227066275,4.5,7.5,7.5
1576,197.5,77.11524227066275,4.5,7.5,7.5
1577,210.0,77.11524227066275,4.5,7.5,7.5
1578,222.5,77.11524227066275,4.5,7.5,7.5
1579,235.0,77.11524227066275,4.5,7.5,7.5
1580,247.5,77.11524227066275,4.5,7.5,7.5
1581,260.0,77.11524227066275,4.5,7.5,7.5
1582,272.5,77.11524227066275,4.5,7.5,7.5
1583,285.0,77.11524227066275,4.5,7.5,7.5
1584,297.5,77.11524227066275,4.5,7.5,7.5
1585,310.0,77.11524227066275,4.5,7.5,7.5
1586,322.5,77.11524227066275,4.5,7.5,7.5
1587,335.0,77.11524227066275,4.5,7.5,7.5
1588,-333.75,87.94055981796828,4.5,7.5,7.5
1589,-321.25,87.94055981796828,4.5,7.5,7.5
1590,-308.75,87.94055981796828,4.5,7.5,7.5
1591,-296.25,87.94055981796828,4.5,7.5,7.5
1592,-283.75,87.94055981796828,4.5,7.5,7.5
1593,-271.25,87.94055981796828,4.5,7.5,7.5
1594,-258.75,87.94055981796828,4.5,7.5,7.5
1595,-246.25,87.94055981796828,4.5,7.5,7.5
1596,-233.75,87.94055981796828,4.5,7.5,7.5
1597,-221.25,87.94055981796828,4.5,7.5,7.5
1598,-208.75,87.94055981796828,4.5,7.5,7.5
1599,-196.25,87.94055981796828,4.5,7.5,7.5
1600,-183.75,87.94055981796828,4.5,7.5,7.5
1601,-171.25,87.94055981796828,4.5,7.5,7.5
1602,-158.75,87.94055981796828,4.5,7.5,7.5
1603,-146.25,87.94055981796828,4.5,7.5,7.5
1604,-133.75,87.94055981796828,4.5,7.5,7.5
1605,-121.25,87.94055981796828,4.5,7.5,7.5
1606,-108.75,87.94055981796828,4.5,7.5,7.5
1607,-96.25,87.94055981796828,4.5,7.5,7.5
1608,-83.75,87.94055981796828,4.5,7.5,7.5
1609,-71.25,87.94055981796828,4.5,7.5,7.5
1610,-58.75,87.94055981796828,4.5,7.5,7.5
1611,-46.25,87.94055981796828,4.5,7.5,7.5
1612,-33.75,87.94055981796828,4.5,7.5,7.5
1613,-21.25,87.94055981796828,4.5,7.5,7.5
1614,-8.75,87.94055981796828,4.5,7.5,7.5
1615,3.75,87.94055981796828,4.5,7.5,7.5
1616,16.25,87.94055981796828,4.5,7.5,7.5
1617,28.75,87.94055981796828,4.5,7.5,7.5
1618,41.25,87.94055981796828,4.5,7.5,7.5
1619,53.75,87.94055981796828,4.5,7.5,7.5
1620,66.25,87.94055981796828,4.5,7.5,7.5
1621,78.75,87.94055981796828,4.5,7.5,7.5
1622,91.25,87.94055981796828,4.5,7.5,7.5
1623,103.75,87.94055981796828,4.5,7.5,7.5
1624,116.25,87.94055981796828,4.5,7.5,7.5
1625,128.75,87.94055981796828,4.5,7.5,7.5
1626,141.25,87.94055981796828,4.5,7.5,7.5
1627,153.75,87.94055981796828,4.5,7.5,7.5
1628,166.25,87.94055981796828,4.5,7.5,7.5
1629,178.75,87.94055981796828,4.5,7.5,7.5
1630,191.25,87.94055981796828,4.5,7.5,7.5
1631,203.75,87.94055981796828,4.5,7.5,7.5
1632,216.25,87.94055981796828,4.5,7.5,7.5
1633,228.75,87.94055981796828,4.5,7.5,7.5
1634,241.25,87.94055981796828,4.5,7.5,7.5
1635,253.75,87.94055981796828,4.5,7.5,7.5
1636,266.25,87.94055981796828,4.5,7.5,7.5
1637,278.75,87.94055981796828,4.5,7.5,7.5
1638,291.25,87.94055981796828,4.5,7.5,7.5
1639,303.75,87.94055981796828,4.5,7.5,7.5
1640,316.25,87.94055981796828,4.5,7.5,7.5
1641,328.75,87.94055981796828,4.5,7.5,7.5
1642,-327.5,98.7658773652737,4.5,7.5,7.5
1643,-315.0,98.7658773652737,4.5,7.5,7.5
1644,-302.5,98.7658773652737,4.5,7.5,7.5
1645,-290.0,98.7658773652737,4.5,7.5,7.5
1646,-277.5,98.7658773652737,4.5,7.5,7.5
1647,-265.0,98.7658773652737,4.5,7.5,7.5
1648,-252.5,98.7658773652737,4.5,7.5,7.5
1649,-240.0,98.7658773652737,4.5,7.5,7.5
1650,-227.5,98.7658773652737,4.5,7.5,7.5
1651,-215.0,98.7658773652737,4.5,7.5,7.5
1652,-202.5,98.7658773652737,4.5,7.5,7.5
1653,-190.0,98.7658773652737,4.5,7.5,7.5
1654,-177.5,98.7658773652737,4.5,7.5,7.5
1655,-165.0,98.7658773652737,4.5,7.5,7.5
1656,-152.5,98.7658773652737,4.5,7.5,7.5
1657,-140.0,98.7658773652737,4.5,7.5,7.5
1658,-127.5,98.7658773652737,4.5,7.5,7.5
1659,-115.0,98.7658773652737,4.5,7.5,7.5
1660,-102.5,98.7658773652737,4.5,7.5,7.5
1661,-90.0,98.7658773652737,4.5,7.5,7.5
1662,-77.5,98.7658773652737,4.5,7.5,7.5
1663,-65.0,98.7658773652737,4.5,7.5,7.5
1664,-52.5,98.7658773652737,4.5,7.5,7.5
1665,-40.0,98.7658773652737,4.5,7.5,7.5
1666,-27.5,98.7658773652737,4.5,7.5,7.5
1667,-15.0,98.7658773652737,4.5,7.5,7.5
1668,-2.5,98.7658773652737,4.5,7.5,7.5
1669,10.0,98.7658773652737,4.5,7.5,7.5
1670,22.5,98.7658773652737,4.5,7.5,7.5
1671,35.0,98.7658773652737,4.5,7.5,7.5
1672,47.5,98.7658773652737,4.5,7.5,7.5
1673,60.0,98.7658773652737,4.5,7.5,7.5
1674,72.5,98.7658773652737,4.5,7.5,7.5
1675,85.0,98.7658773652737,4.5,7.5,7.5
1676,97.5,98.7658773652737,4.5,7.5,7.5
1677,110.0,98.7658773652737,4.5,7.5,7.5
1678,122.5,98.7658773652737,4.5,7.5,7.5
1679,135.0,98.7658773652737,4.5,7.5,7.5
1680,147.5,98.7658773652737,4.5,7.5,7.5
1681,160.0,98.7658773652737,4.5,7.5,7.5
1682,172.5,98.7658773652737,4.5,7.5,7.5
1683,185.0,98.7658773652737,4.5,7.5,7.5
1684,197.5,98.7658773652737,4.5,7.5,7.5
1685,210.0,98.7658773652737,4.5,7.5,7.5
1686,222.5,98.7658773652737,4.5,7.5,7.5
1687,235.0,98.7658773652737,4.5,7.5,7.5
1688,247.5,98.7658773652737,4.5,7.5,7.5
1689,260.0,98.7658773652737,4.5,7.5,7.5
1690,272.5,98.7658773652737,4.5,7.5,7.5
1691,285.0,98.7658773652737,4.5,7.5,7.5
1692,297.5,98.7658773652737,4.5,7.5,7.5
1693,310.0,98.7658773652737,4.5,7.5,7.5
1694,322.5,98.7658773652737,4.5,7.5,7.5
1695,335.0,98.7658773652737,4.5,7.5,7.5
1696,-321.25,109.59119491257911,4.5,7.5,7.5
1697,-308.75,109.59119491257911,4.5,7.5,7.5
1698,-296.25,109.59119491257911,4.5,7.5,7.5
1699,-283.75,109.59119491257911,4.5,7.5,7.5
1700,-271.25,109.59119491257911,4.5,7.5,7.5
1701,-258.75,109.59119491257911,4.5,7.5,7.5
1702,-246.25,109.59119491257911,4.5,7.5,7.5
1703,-233.75,109.59119491257911,4.5,7.5,7.5
1704,-221.25,109.59119491257911,4.5,7.5,7.5
1705,-208.75,109.59119491257911,4.5,7.5,7.5
1706,-196.25,109.59119491257911,4.5,7.5,7.5
1707,-183.75,109.59119491257911,4.5,7.5,7.5
1708,-171.25,109.59119491257911,4.5,7.5,7.5
1709,-158.75,109.59119491257911,4.5,7.5,7.5
1710,-146.25,109.59119491257911,4.5,7.5,7.5
1711,-133.75,109.59119491257911,4.5,7.5,7.5
1712,-121.25,109.59119491257911,4.5,7.5,7.5
1713,-108.75,109.59119491257911,4.5,7.5,7.5
1714,-96.25,109.59119491257911,4.5,7.5,7.5
1715,-83.75,109.59119491257911,4.5,7.5,7.5
1716,-71.25,109.59119491257911,4.5,7.5,7.5
1717,-58.75,109.59119491257911,4.5,7.5,7.5
1718,-46.25,109.59119491257911,4.5,7.5,7.5
1719,-33.75,109.59119491257911,4.5,7.5,7.5
1720,-21.25,109.59119491257911,4.5,7.5,7.5
1721,-8.75,109.59119491257911,4.5,7.5,7.5
1722,3.75,109.59119491257911,4.5,7.5,7.5
1723,16.25,109.59119491257911,4.5,7.5,7.5
1724,28.75,109.59119491257911,4.5,7.5,7.5
1725,41.25,109.59119491257911,4.5,7.5,7.5
1726,53.75,109.59119491257911,4.5,7.5,7.5
1727,66.25,109.59119491257911,4.5,7.5,7.5
1728,78.75,109.59119491257911,4.5,7.5,7.5
1729,91.25,109.59119491257911,4.5,7.5,7.5
1730,103.75,109.59119491257911,4.5,7.5,7.5
1731,116.25,109.59119491257911,4.5,7.5,7.5
1732,128.75,109.59119491257911,4.5,7.5,7.5
1733,141.25,109.59119491257911,4.5,7.5,7.5
1734,153.75,109.59119491257911,4.5,7.5,7.5
1735,166.25,109.59119491257911,4.5,7.5,7.5
1736,178.75,109.59119491257911,4.5,7.5,7.5
1737,191.25,109.59119491257911,4.5,7.5,7.5
1738,203.75,109.59119491257911,4.5,7.5,7.5
1739,216.25,109.59119491257911,4.5,7.5,7.5
1740,228.75,109.59119491257911,4.5,7.5,7.5
1741,241.25,109.59119491257911,4.5,7.5,7.5
1742,253.75,109.59119491257911,4.5,7.5,7.5
1743,266.25,109.59119491257911,4.5,7.5,7.5
1744,278.75,109.59119491257911,4.5,7.5,7.5
1745,291.25,109.59119491257911,4.5,7.5,7.5
1746,303.75,109.59119491257911,4.5,7.5,7.5
1747,316.25,109.59119491257911,4.5,7.5,7.5
1748,328.75,109.59119491257911,4.5,7.5,7.5
1749,-327.5,120.41651245988464,4.5,7.5,7.5
1750,-315.0,120.41651245988464,4.5,7.5,7.5
1751,-302.5,120.41651245988464,4.5,7.5,7.5
1752,-290.0,120.41651245988464,4.5,7.5,7.5
1753,-277.5,120.41651245988464,4.5,7.5,7.5
1754,-265.0,120.41651245988464,4.5,7.5,7.5
1755,-252.5,120.41651245988464,4.5,7.5,7.5
1756,-240.0,120.41651245988464,4.5,7.5,7.5
1757,-227.5,120.41651245988464,4.5,7.5,7.5
1758,-215.0,120.41651245988464,4.5,7.5,7.5
1759,-202.5,120.41651245988464,4.5,7.5,7.5
1760,-190.0,120.41651245988464,4.5,7.5,7.5
1761,-177.5,120.41651245988464,4.5,7.5,7.5
1762,-165.0,120.41651245988464,4.5,7.5,7.5
1763,-152.5,120.41651245988464,4.5,7.5,7.5
1764,-140.0,120.41651245988464,4.5,7.5,7.5
1765,-127.5,120.41651245988464,4.5,7.5,7.5
1766,-115.0,120.41651245988464,4.5,7.5,7.5
1767,-102.5,120.41651245988464,4.5,7.5,7.5
1768,-90.0,120.41651245988464,4.5,7.5,7.5
1769,-77.5,120.41651245988464,4.5,7.5,7.5
1770,-65.0,120.41651245988464,4.5,7.5,7.5
1771,-52.5,120.41651245988464,4.5,7.5,7.5
1772,-40.0,120.41651245988464,4.5,7.5,7.5
1773,-27.5,120.41651245988464,4.5,7.5,7.5
1774,-15.0,120.41651245988464,4.5,7.5,7.5
1775,-2.5,120.41651245988464,4.5,7.5,7.5
1776,10.0,120.41651245988464,4.5,7.5,7.5
1777,22.5,120.41651245988464,4.5,7.5,7.5
1778,35.0,120.41651245988464,4.5,7.5,7.5
1779,47.5,120.41651245988464,4.5,7.5,7.5
1780,60.0,120.41651245988464,4.5,7.5,7.5
1781,72.5,120.41651245988464,4.5,7.5,7.5
1782,85.0,120.41651245988464,4.5,7.5,7.5
1783,97.5,120.41651245988464,4.5,7.5,7.5
1784,110.0,120.41651245988464,4.5,7.5,7.5
1785,122.5,120.41651245988464,4.5,7.5,7.5
1786,135.0,120.41651245988464,4.5,7.5,7.5
1787,147.5,120.41651245988464,4.5,7.5,7.5
1788,160.0,120.41651245988464,4.5,7.5,7.5
1789,172.5,120.41651245988464,4.5,7.5,7.5
1790,185.0,120.41651245988464,4.5,7.5,7.5
1791,197.5,120.41651245988464,4.5,7.5,7.5
1792,210.0,120.41651245988464,4.5,7.5,7.5
1793,222.5,120.41651245988464,4.5,7.5,7.5
1794,235.0,120.41651245988464,4.5,7.5,7.5
1795,247.5,120.41651245988464,4.5,7.5,7.5
1796,260.0,120.41651245988464,4.5,7.5,7.5
1797,272.5,120.41651245988464,4.5,7.5,7.5
1798,297.5,120.41651245988464,4.5,7.5,7.5
1799,310.0,120.41651245988464,4.5,7.5,7.5
1800,322.5,120.41651245988464,4.5,7.5,7.5
1801,-321.25,131.24183000719017,4.5,7.5,7.5
1802,-308.75,131.24183000719017,4.5,7.5,7.5
1803,-296.25,131.24183000719017,4.5,7.5,7.5
1804,-283.75,131.24183000719017,4.5,7.5,7.5
1805,-271.25,131.24183000719017,4.5,7.5,7.5
1806,-258.75,131.24183000719017,4.5,7.5,7.5
1807,-246.25,131.24183000719017,4.5,7.5,7.5
1808,-233.75,131.24183000719017,4.5,7.5,7.5
1809,-221.25,131.24183000719017,4.5,7.5,7.5
1810,-208.75,131.24183000719017,4.5,7.5,7.5
1811,-196.25,131.24183000719017,4.5,7.5,7.5
1812,-183.75,131.24183000719017,4.5,7.5,7.5
1813,-171.25,131.24183000719017,4.5,7.5,7.5
1814,-158.75,131.24183000719017,4.5,7.5,7.5
1815,-146.25,131.24183000719017,4.5,7.5,7.5
1816,-133.75,131.24183000719017,4.5,7.5,7.5
1817,-121.25,131.24183000719017,4.5,7.5,7.5
1818,-108.75,131.24183000719017,4.5,7.5,7.5
1819,-96.25,131.24183000719017,4.5,7.5,7.5
1820,-83.75,131.24183000719017,4.5,7.5,7.5
1821,-71.25,131.24183000719017,4.5,7.5,7.5
1822,-58.75,131.24183000719017,4.5,7.5,7.5
1823,-46.25,131.24183000719017,4.5,7.5,7.5
1824,-33.75,131.24183000719017,4.5,7.5,7.5
1825,-21.25,131.24183000719017,4.5,7.5,7.5
1826,-8.75,131.24183000719017,4.5,7.5,7.5
1827,3.75,131.24183000719017,4.5,7.5,7.5
1828,16.25,131.24183000719017,4.5,7.5,7.5
1829,28.75,131.24183000719017,4.5,7.5,7.5
1830,41.25,131.24183000719017,4.5,7.5,7.5
1831,53.75,131.24183000719017,4.5,7.5,7.5
1832,66.25,131.24183000719017,4.5,7.5,7.5
1833,78.75,131.24183000719017,4.5,7.5,7.5
1834,91.25,131.24183000719017,4.5,7.5,7.5
1835,103.75,131.24183000719017,4.5,7.5,7.5
1836,116.25,131.24183000719017,4.5,7.5,7.5
1837,128.75,131.24183000719017,4.5,7.5,7.5
1838,141.25,131.24183000719017,4.5,7.5,7.5
1839,153.75,131.24183000719017,4.5,7.5,7.5
1840,166.25,131.24183000719017,4.5,7.5,7.5
1841,178.75,131.24183000719017,4.5,7.5,7.5
1842,191.25,131.24183000719017,4.5,7.5,7.5
1843,203.75,131.24183000719017,4.5,7.5,7.5
1844,216.25,131.24183000719017,4.5,7.5,7.5
1845,228.75,131.24183000719017,4.5,7.5,7.5
1846,241.25,131.24183000719017,4.5,7.5,7.5
1847,253.75,131.24183000719017,4.5,7.5,7.5
1848,266.25,131.24183000719017,4.5,7.5,7.5
1849,278.75,131.24183000719017,4.5,7.5,7.5
1850,291.25,131.24183000719017,4.5,7.5,7.5
1851,303.75,131.24183000719017,4.5,7.5,7.5
1852,316.25,131.24183000719017,4.5,7.5,7.5
1853,-315.0,142.0671475544956,4.5,7.5,7.5
1854,-302.5,142.0671475544956,4.5,7.5,7.5
1855,-290.0,142.0671475544956,4.5,7.5,7.5
1856,-277.5,142.0671475544956,4.5,7.5,7.5
1857,-265.0,142.0671475544956,4.5,7.5,7.5
1858,-252.5,142.0671475544956,4.5,7.5,7.5
1859,-240.0,142.0671475544956,4.5,7.5,7.5
1860,-227.5,142.0671475544956,4.5,7.5,7.5
1861,-215.0,142.0671475544956,4.5,7.5,7.5
1862,-202.5,142.0671475544956,4.5,7.5,7.5
1863,-190.0,142.0671475544956,4.5,7.5,7.5
1864,-177.5,142.0671475544956,4.5,7.5,7.5
1865,-165.0,142.0671475544956,4.5,7.5,7.5
1866,-152.5,142.0671475544956,4.5,7.5,7.5
1867,-140.0,142.0671475544956,4.5,7.5,7.5
1868,-127.5,142.0671475544956,4.5,7.5,7.5
1869,-115.0,142.0671475544956,4.5,7.5,7.5
1870,-102.5,142.0671475544956,4.5,7.5,7.5
1871,-90.0,142.0671475544956,4.5,7.5,7.5
1872,-77.5,142.0671475544956,4.5,7.5,7.5
1873,-65.0,142.0671475544956,4.5,7.5,7.5
1874,-52.5,142.0671475544956,4.5,7.5,7.5
1875,-40.0,142.0671475544956,4.5,7.5,7.5
1876,-27.5,142.0671475544956,4.5,7.5,7.5
1877,-15.0,142.0671475544956,4.5,7.5,7.5
1878,-2.5,142.0671475544956,4.5,7.5,7.5
1879,10.0,142.0671475544956,4.5,7.5,7.5
1880,22.5,142.0671475544956,4.5,7.5,7.5
1881,35.0,142.0671475544956,4.5,7.5,7.5
1882,47.5,142.0671475544956,4.5,7.5,7.5
1883,60.0,142.0671475544956,4.5,7.5,7.5
1884,72.5,142.0671475544956,4.5,7.5,7.5
1885,85.0,142.0671475544956,4.5,7.5,7.5
1886,97.5,142.0671475544956,4.5,7.5,7.5
1887,110.0,142.0671475544956,4.5,7.5,7.5
1888,122.5,142.0671475544956,4.5,7.5,7.5
1889,135.0,142.0671475544956,4.5,7.5,7.5
1890,147.5,142.0671475544956,4.5,7.5,7.5
1891,160.0,142.0671475544956,4.5,7.5,7.5
1892,172.5,142.0671475544956,4.5,7.5,7.5
1893,185.0,142.0671475544956,4.5,7.5,7.5
1894,197.5,142.0671475544956,4.5,7.5,7.5
1895,210.0,142.0671475544956,4.5,7.5,7.5
1896,222.5,142.0671475544956,4.5,7.5,7.5
1897,235.0,142.0671475544956,4.5,7.5,7.5
1898,247.5,142.0671475544956,4.5,7.5,7.5
1899,260.0,142.0671475544956,4.5,7.5,7.5
1900,272.5,142.0671475544956,4.5,7.5,7.5
1901,285.0,142.0671475544956,4.5,7.5,7.5
1902,297.5,142.0671475544956,4.5,7.5,7.5
1903,310.0,142.0671475544956,4.5,7.5,7.5
1904,-308.75,152.892465101801,4.5,7.5,7.5
1905,-296.25,152.892465101801,4.5,7.5,7.5
1906,-283.75,152.892465101801,4.5,7.5,7.5
1907,-271.25,152.892465101801,4.5,7.5,7.5
1908,-258.75,152.892465101801,4.5,7.5,7.5
1909,-246.25,152.892465101801,4.5,7.5,7.5
1910,-233.75,152.892465101801,4.5,7.5,7.5
1911,-221.25,152.892465101801,4.5,7.5,7.5
1912,-208.75,152.892465101801,4.5,7.5,7.5
1913,-196.25,152.892465101801,4.5,7.5,7.5
1914,-183.75,152.892465101801,4.5,7.5,7.5
1915,-171.25,152.892465101801,4.5,7.5,7.5
1916,-158.75,152.892465101801,4.5,7.5,7.5
1917,-146.25,152.892465101801,4.5,7.5,7.5
1918,-133.75,152.892465101801,4.5,7.5,7.5
1919,-121.25,152.892465101801,4.5,7.5,7.5
1920,-108.75,152.892465101801,4.5,7.5,7.5
1921,-96.25,152.892465101801,4.5,7.5,7.5
1922,-83.75,152.892465101801,4.5,7.5,7.5
1923,-71.25,152.892465101801,4.5,7.5,7.5
1924,-58.75,152.892465101801,4.5,7.5,7.5
1925,-46.25,152.892465101801,4.5,7.5,7.5
1926,-33.75,152.892465101801,4.5,7.5,7.5
1927,-21.25,152.892465101801,4.5,7.5,7.5
1928,-8.75,152.892465101801,4.5,7.5,7.5
1929,3.75,152.892465101801,4.5,7.5,7.5
1930,16.25,152.892465101801,4.5,7.5,7.5
1931,28.75,152.892465101801,4.5,7.5,7.5
1932,41.25,152.892465101801,4.5,7.5,7.5
1933,53.75,152.892465101801,4.5,7.5,7.5
1934,66.25,152.892465101801,4.5,7.5,7.5
1935,78.75,152.892465101801,4.5,7.5,7.5
1936,91.25,152.892465101801,4.5,7.5,7.5
1937,103.75,152.892465101801,4.5,7.5,7.5
1938,116.25,152.892465101801,4.5,7.5,7.5
1939,128.75,152.892465101801,4.5,7.5,7.5
1940,141.25,152.892465101801,4.5,7.5,7.5
1941,153.75,152.892465101801,4.5,7.5,7.5
1942,166.25,152.892465101801,4.5,7.5,7.5
1943,178.75,152.892465101801,4.5,7.5,7.5
1944,191.25,152.892465101801,4.5,7.5,7.5
1945,203.75,152.892465101801,4.5,7.5,7.5
1946,216.25,152.892465101801,4.5,7.5,7.5
1947,228.75,152.892465101801,4.5,7.5,7.5
1948,241.25,152.892465101801,4.5,7.5,7.5
1949,253.75,152.892465101801,4.5,7.5,7.5
1950,266.25,152.892465101801,4.5,7.5,7.5
1951,278.75,152.892465101801,4.5,7.5,7.5
1952,291.25,152.892465101801,4.5,7.5,7.5
1953,303.75,152.892465101801,4.5,7.5,7.5
1954,-302.5,163.71778264910654,4.5,7.5,7.5
1955,-290.0,163.71778264910654,4.5,7.5,7.5
1956,-277.5,163.71778264910654,4.5,7.5,7.5
1957,-265.0,163.71778264910654,4.5,7.5,7.5
1958,-252.5,163.71778264910654,4.5,7.5,7.5
1959,-240.0,163.71778264910654,4.5,7.5,7.5
1960,-227.5,163.71778264910654,4.5,7.5,7.5
1961,-215.0,163.71778264910654,4.5,7.5,7.5
1962,-202.5,163.71778264910654,4.5,7.5,7.5
1963,-190.0,163.71778264910654,4.5,7.5,7.5
1964,-177.5,163.71778264910654,4.5,7.5,7.5
1965,-165.0,163.71778264910654,4.5,7.5,7.5
1966,-152.5,163.71778264910654,4.5,7.5,7.5
1967,-140.0,163.71778264910654,4.5,7.5,7.5
1968,-127.5,163.71778264910654,4.5,7.5,7.5
1969,-115.0,163.71778264910654,4.5,7.5,7.5
1970,-102.5,163.71778264910654,4.5,7.5,7.5
1971,-90.0,163.71778264910654,4.5,7.5,7.5
1972,-77.5,163.71778264910654,4.5,7.5,7.5
1973,-65.0,163.71778264910654,4.5,7.5,7.5
1974,-52.5,163.71778264910654,4.5,7.5,7.5
1975,-40.0,163.71778264910654,4.5,7.5,7.5
1976,-27.5,163.71778264910654,4.5,7.5,7.5
1977,-15.0,163.71778264910654,4.5,7.5,7.5
1978,-2.5,163.71778264910654,4.5,7.5,7.5
1979,10.0,163.71778264910654,4.5,7.5,7.5
1980,22.5,163.71778264910654,4.5,7.5,7.5
1981,35.0,163.71778264910654,4.5,7.5,7.5
1982,47.5,163.71778264910654,4.5,7.5,7.5
1983,60.0,163.71778264910654,4.5,7.5,7.5
1984,72.5,163.71778264910654,4.5,7.5,7.5
1985,85.0,163.71778264910654,4.5,7.5,7.5
1986,97.5,163.71778264910654,4.5,7.5,7.5
1987,110.0,163.71778264910654,4.5,7.5,7.5
1988,122.5,163.71778264910654,4.5,7.5,7.5
1989,135.0,163.71778264910654,4.5,7.5,7.5
1990,147.5,163.71778264910654,4.5,7.5,7.5
1991,160.0,163.71778264910654,4.5,7.5,7.5
1992,172.5,163.71778264910654,4.5,7.5,7.5
1993,185.0,163.71778264910654,4.5,7.5,7.5
1994,197.5,163.71778264910654,4.5,7.5,7.5
1995,210.0,163.71778264910654,4.5,7.5,7.5
1996,222.5,163.71778264910654,4.5,7.5,7.5
1997,235.0,163.71778264910654,4.5,7.5,7.5
1998,247.5,163.71778264910654,4.5,7.5,7.5
1999,260.0,163.71778264910654,4.5,7.5,7.5
2000,272.5,163.71778264910654,4.5,7.5,7.5
2001,285.0,163.71778264910654,4.5,7.5,7.5
2002,297.5,163.71778264910654,4.5,7.5,7.5
2003,-296.25,174.54310019641207,4.5,7.5,7.5
2004,-271.25,174.54310019641207,4.5,7.5,7.5
2005,-258.75,174.54310019641207,4.5,7.5,7.5
2006,-246.25,174.54310019641207,4.5,7.5,7.5
2007,-233.75,174.54310019641207,4.5,7.5,7.5
2008,-221.25,174.54310019641207,4.5,7.5,7.5
2009,-208.75,174.54310019641207,4.5,7.5,7.5
2010,-196.25,174.54310019641207,4.5,7.5,7.5
2011,-183.75,174.54310019641207,4.5,7.5,7.5
2012,-171.25,174.54310019641207,4.5,7.5,7.5
2013,-158.75,174.54310019641207,4.5,7.5,7.5
2014,-146.25,174.54310019641207,4.5,7.5,7.5
2015,-133.75,174.54310019641207,4.5,7.5,7.5
2016,-121.25,174.54310019641207,4.5,7.5,7.5
2017,-108.75,174.54310019641207,4.5,7.5,7.5
2018,-96.25,174.54310019641207,4.5,7.5,7.5
2019,-83.75,174.54310019641207,4.5,7.5,7.5
2020,-71.25,174.54310019641207,4.5,7.5,7.5
2021,-58.75,174.54310019641207,4.5,7.5,7.5
2022,-46.25,174.54310019641207,4.5,7.5,7.5
2023,-33.75,174.54310019641207,4.5,7.5,7.5
2024,-21.25,174.54310019641207,4.5,7.5,7.5
2025,-8.75,174.54310019641207,4.5,7.5,7.5
2026,3.75,174.54310019641207,4.5,7.5,7.5
2027,16.25,174.54310019641207,4.5,7.5,7.5
2028,28.75,174.54310019641207,4.5,7.5,7.5
2029,41.25,174.54310019641207,4.5,7.5,7.5
2030,53.75,174.54310019641207,4.5,7.5,7.5
2031,66.25,174.54310019641207,4.5,7.5,7.5
2032,78.75,174.54310019641207,4.5,7.5,7.5
2033,91.25,174.54310019641207,4.5,7.5,7.5
2034,103.75,174.54310019641207,4.5,7.5,7.5
2035,116.25,174.54310019641207,4.5,7.5,7.5
2036,128.75,174.54310019641207,4.5,7.5,7.5
2037,141.25,174.54310019641207,4.5,7.5,7.5
2038,153.75,174.54310019641207,4.5,7.5,7.5
2039,166.25,174.54310019641207,4.5,7.5,7.5
2040,178.75,174.54310019641207,4.5,7.5,7.5
2041,191.25,174.54310019641207,4.5,7.5,7.5
2042,203.75,174.54310019641207,4.5,7.5,7.5
2043,216.25,174.54310019641207,4.5,7.5,7.5
2044,228.75,174.54310019641207,4.5,7.5,7.5
2045,241.25,174.54310019641207,4.5,7.5,7.5
2046,253.75,174.54310019641207,4.5,7.5,7.5
2047,266.25,174.54310019641207,4.5,7.5,7.5
2048,278.75,174.54310019641207,4.5,7.5,7.5
2049,291.25,174.54310019641207,4.5,7.5,7.5
2050,-290.0,185.3684177437175,4.5,7.5,7.5
2051,-277.5,185.3684177437175,4.5,7.5,7.5
2052,-265.0,185.3684177437175,4.5,7.5,7.5
2053,-252.5,185.3684177437175,4.5,7.5,7.5
2054,-240.0,185.3684177437175,4.5,7.5,7.5
2055,-227.5,185.3684177437175,4.5,7.5,7.5
2056,-215.0,185.3684177437175,4.5,7.5,7.5
2057,-202.5,185.3684177437175,4.5,7.5,7.5
2058,-190.0,185.3684177437175,4.5,7.5,7.5
2059,-177.5,185.3684177437175,4.5,7.5,7.5
2060,-165.0,185.3684177437175,4.5,7.5,7.5
2061,-152.5,185.3684177437175,4.5,7.5,7.5
2062,-140.0,185.3684177437175,4.5,7.5,7.5
2063,-127.5,185.3684177437175,4.5,7.5,7.5
2064,-115.0,185.3684177437175,4.5,7.5,7.5
2065,-102.5,185.3684177437175,4.5,7.5,7.5
2066,-90.0,185.3684177437175,4.5,7.5,7.5
2067,-77.5,185.3684177437175,4.5,7.5,7.5
2068,-65.0,185.3684177437175,4.5,7.5,7.5
2069,-52.5,185.3684177437175,4.5,7.5,7.5
2070,-40.0,185.3684177437175,4.5,7.5,7.5
2071,-27.5,185.3684177437175,4.5,7.5,7.5
2072,-15.0,185.3684177437175,4.5,7.5,7.5
2073,-2.5,185.3684177437175,4.5,7.5,7.5
2074,10.0,185.3684177437175,4.5,7.5,7.5
2075,22.5,185.3684177437175,4.5,7.5,7.5
2076,35.0,185.3684177437175,4.5,7.5,7.5
2077,47.5,185.3684177437175,4.5,7.5,7.5
2078,60.0,185.3684177437175,4.5,7.5,7.5
2079,72.5,185.3684177437175,4.5,7.5,7.5
2080,85.0,185.3684177437175,4.5,7.5,7.5
2081,97.5,185.3684177437175,4.5,7.5,7.5
2082,110.0,185.3684177437175,4.5,7.5,7.5
2083,122.5,185.3684177437175,4.5,7.5,7.5
2084,135.0,185.3684177437175,4.5,7.5,7.5
2085,147.5,185.3684177437175,4.5,7.5,7.5
2086,160.0,185.3684177437175,4.5,7.5,7.5
2087,172.5,185.3684177437175,4.5,7.5,7.5
2088,185.0,185.3684177437175,4.5,7.5,7.5
2089,197.5,185.3684177437175,4.5,7.5,7.5
2090,210.0,185.3684177437175,4.5,7.5,7.5
2091,235.0,185.3684177437175,4.5,7.5,7.5
2092,247.5,185.3684177437175,4.5,7.5,7.5
2093,260.0,185.3684177437175,4.5,7.5,7.5
2094,272.5,185.3684177437175,4.5,7.5,7.5
2095,285.0,185.3684177437175,4.5,7.5,7.5
2096,-283.75,196.1937352910229,4.5,7.5,7.5
2097,-271.25,196.1937352910229,4.5,7.5,7.5
2098,-258.75,196.1937352910229,4.5,7.5,7.5
2099,-246.25,196.1937352910229,4.5,7.5,7.5
2100,-233.75,196.1937352910229,4.5,7.5,7.5
2101,-221.25,196.1937352910229,4.5,7.5,7.5
2102,-208.75,196.1937352910229,4.5,7.5,7.5
2103,-196.25,196.1937352910229,4.5,7.5,7.5
2104,-183.75,196.1937352910229,4.5,7.5,7.5
2105,-171.25,196.1937352910229,4.5,7.5,7.5
2106,-158.75,196.1937352910229,4.5,7.5,7.5
2107,-146.25,196.1937352910229,4.5,7.5,7.5
2108,-133.75,196.1937352910229,4.5,7.5,7.5
2109,-121.25,196.1937352910229,4.5,7.5,7.5
2110,-108.75,196.1937352910229,4.5,7.5,7.5
2111,-96.25,196.1937352910229,4.5,7.5,7.5
2112,-83.75,196.1937352910229,4.5,7.5,7.5
2113,-71.25,196.1937352910229,4.5,7.5,7.5
2114,-58.75,196.1937352910229,4.5,7.5,7.5
2115,-46.25,196.1937352910229,4.5,7.5,7.5
2116,-33.75,196.1937352910229,4.5,7.5,7.5
2117,-21.25,196.1937352910229,4.5,7.5,7.5
2118,-8.75,196.1937352910229,4.5,7.5,7.5
2119,3.75,196.1937352910229,4.5,7.5,7.5
2120,16.25,196.1937352910229,4.5,7.5,7.5
2121,28.75,196.1937352910229,4.5,7.5,7.5
2122,41.25,196.1937352910229,4.5,7.5,7.5
2123,53.75,196.1937352910229,4.5,7.5,7.5
2124,66.25,196.1937352910229,4.5,7.5,7.5
2125,78.75,196.1937352910229,4.5,7.5,7.5
2126,91.25,196.1937352910229,4.5,7.5,7.5
2127,103.75,196.1937352910229,4.5,7.5,7.5
2128,116.25,196.1937352910229,4.5,7.5,7.5
2129,128.75,196.1937352910229,4.5,7.5,7.5
2130,141.25,196.1937352910229,4.5,7.5,7.5
2131,153.75,196.1937352910229,4.5,7.5,7.5
2132,166.25,196.1937352910229,4.5,7.5,7.5
2133,178.75,196.1937352910229,4.5,7.5,7.5
2134,191.25,196.1937352910229,4.5,7.5,7.5
2135,203.75,196.1937352910229,4.5,7.5,7.5
2136,216.25,196.1937352910229,4.5,7.5,7.5
2137,228.75,196.1937352910229,4.5,7.5,7.5
2138,241.25,196.1937352910229,4.5,7.5,7.5
2139,253.75,196.1937352910229,4.5,7.5,7.5
2140,266.25,196.1937352910229,4.5,7.5,7.5
2141,278.75,196.1937352910229,4.5,7.5,7.5
2142,-277.5,207.01905283832843,4.5,7.5,7.5
2143,-265.0,207.01905283832843,4.5,7.5,7.5
2144,-252.5,207.01905283832843,4.5,7.5,7.5
2145,-240.0,207.01905283832843,4.5,7.5,7.5
2146,-227.5,207.01905283832843,4.5,7.5,7.5
2147,-215.0,207.01905283832843,4.5,7.5,7.5
2148,-202.5,207.01905283832843,4.5,7.5,7.5
2149,-190.0,207.01905283832843,4.5,7.5,7.5
2150,-177.5,207.01905283832843,4.5,7.5,7.5
2151,-165.0,207.01905283832843,4.5,7.5,7.5
2152,-152.5,207.01905283832843,4.5,7.5,7.5
2153,-140.0,207.01905283832843,4.5,7.5,7.5
2154,-127.5,207.01905283832843,4.5,7.5,7.5
2155,-115.0,207.01905283832843,4.5,7.5,7.5
2156,-90.0,207.01905283832843,4.5,7.5,7.5
2157,-77.5,207.01905283832843,4.5,7.5,7.5
2158,-65.0,207.01905283832843,4.5,7.5,7.5
2159,-52.5,207.01905283832843,4.5,7.5,7.5
2160,-40.0,207.01905283832843,4.5,7.5,7.5
2161,-27.5,207.01905283832843,4.5,7.5,7.5
2162,-15.0,207.01905283832843,4.5,7.5,7.5
2163,-2.5,207.01905283832843,4.5,7.5,7.5
2164,10.0,207.01905283832843,4.5,7.5,7.5
2165,22.5,207.01905283832843,4.5,7.5,7.5
2166,35.0,207.01905283832843,4.5,7.5,7.5
2167,47.5,207.01905283832843,4.5,7.5,7.5
2168,60.0,207.01905283832843,4.5,7.5,7.5
2169,72.5,207.01905283832843,4.5,7.5,7.5
2170,85.0,207.01905283832843,4.5,7.5,7.5
2171,97.5,207.01905283832843,4.5,7.5,7.5
2172,110.0,207.01905283832843,4.5,7.5,7.5
2173,122.5,207.01905283832843,4.5,7.5,7.5
2174,135.0,207.01905283832843,4.5,7.5,7.5
2175,147.5,207.01905283832843,4.5,7.5,7.5
2176,160.0,207.01905283832843,4.5,7.5,7.5
2177,172.5,207.01905283832843,4.5,7.5,7.5
2178,185.0,207.01905283832843,4.5,7.5,7.5
2179,197.5,207.01905283832843,4.5,7.5,7.5
2180,210.0,207.01905283832843,4.5,7.5,7.5
2181,222.5,207.01905283832843,4.5,7.5,7.5
2182,235.0,207.01905283832843,4.5,7.5,7.5
2183,247.5,207.01905283832843,4.5,7.5,7.5
2184,260.0,207.01905283832843,4.5,7.5,7.5
2185,272.5,207.01905283832843,4.5,7.5,7.5
2186,-271.25,217.84437038563397,4.5,7.5,7.5
2187,-258.75,217.84437038563397,4.5,7.5,7.5
2188,-246.25,217.84437038563397,4.5,7.5,7.5
2189,-233.75,217.84437038563397,4.5,7.5,7.5
2190,-221.25,217.84437038563397,4.5,7.5,7.5
2191,-196.25,217.84437038563397,4.5,7.5,7.5
2192,-183.75,217.84437038563397,4.5,7.5,7.5
2193,-171.25,217.84437038563397,4.5,7.5,7.5
2194,-158.75,217.84437038563397,4.5,7.5,7.5
2195,-146.25,217.84437038563397,4.5,7.5,7.5
2196,-133.75,217.84437038563397,4.5,7.5,7.5
2197,-121.25,217.84437038563397,4.5,7.5,7.5
2198,-108.75,217.84437038563397,4.5,7.5,7.5
2199,-96.25,217.84437038563397,4.5,7.5,7.5
2200,-83.75,217.84437038563397,4.5,7.5,7.5
2201,-71.25,217.84437038563397,4.5,7.5,7.5
2202,-58.75,217.84437038563397,4.5,7.5,7.5
2203,-46.25,217.84437038563397,4.5,7.5,7.5
2204,-33.75,217.84437038563397,4.5,7.5,7.5
2205,-21.25,217.84437038563397,4.5,7.5,7.5
2206,-8.75,217.84437038563397,4.5,7.5,7.5
2207,3.75,217.84437038563397,4.5,7.5,7.5
2208,16.25,217.84437038563397,4.5,7.5,7.5
2209,28.75,217.84437038563397,4.5,7.5,7.5
2210,41.25,217.84437038563397,4.5,7.5,7.5
2211,53.75,217.84437038563397,4.5,7.5,7.5
2212,66.25,217.84437038563397,4.5,7.5,7.5
2213,78.75,217.84437038563397,4.5,7.5,7.5
2214,91.25,217.84437038563397,4.5,7.5,7.5
2215,103.75,217.84437038563397,4.5,7.5,7.5
2216,116.25,217.84437038563397,4.5,7.5,7.5
2217,128.75,217.84437038563397,4.5,7.5,7.5
2218,141.25,217.84437038563397,4.5,7.5,7.5
2219,153.75,217.84437038563397,4.5,7.5,7.5
2220,166.25,217.84437038563397,4.5,7.5,7.5
2221,178.75,217.84437038563397,4.5,7.5,7.5
2222,191.25,217.84437038563397,4.5,7.5,7.5
2223,203.75,217.84437038563397,4.5,7.5,7.5
2224,216.25,217.84437038563397,4.5,7.5,7.5
2225,228.75,217.84437038563397,4.5,7.5,7.5
2226,241.25,217.84437038563397,4.5,7.5,7.5
2227,253.75,217.84437038563397,4.5,7.5,7.5
2228,266.25,217.84437038563397,4.5,7.5,7.5
2229,-252.5,228.66968793293938,4.5,7.5,7.5
2230,-240.0,228.66968793293938,4.5,7.5,7.5
2231,-227.5,228.66968793293938,4.5,7.5,7.5
2232,-215.0,228.66968793293938,4.5,7.5,7.5
2233,-202.5,228.66968793293938,4.5,7.5,7.5
2234,-190.0,228.66968793293938,4.5,7.5,7.5
2235,-177.5,228.66968793293938,4.5,7.5,7.5
2236,-165.0,228.66968793293938,4.5,7.5,7.5
2237,-152.5,228.66968793293938,4.5,7.5,7.5
2238,-140.0,228.66968793293938,4.5,7.5,7.5
2239,-127.5,228.66968793293938,4.5,7.5,7.5
2240,-115.0,228.66968793293938,4.5,7.5,7.5
2241,-102.5,228.66968793293938,4.5,7.5,7.5
2242,-90.0,228.66968793293938,4.5,7.5,7.5
2243,-77.5,228.66968793293938,4.5,7.5,7.5
2244,-65.0,228.66968793293938,4.5,7.5,7.5
2245,-52.5,228.66968793293938,4.5,7.5,7.5
2246,-40.0,228.66968793293938,4.5,7.5,7.5
2247,-27.5,228.66968793293938,4.5,7.5,7.5
2248,-15.0,228.66968793293938,4.5,7.5,7.5
2249,-2.5,228.66968793293938,4.5,7.5,7.5
2250,10.0,228.66968793293938,4.5,7.5,7.5
2251,22.5,228.66968793293938,4.5,7.5,7.5
2252,35.0,228.66968793293938,4.5,7.5,7.5
2253,47.5,228.66968793293938,4.5,7.5,7.5
2254,60.0,228.66968793293938,4.5,7.5,7.5
2255,72.5,228.66968793293938,4.5,7.5,7.5
2256,85.0,228.66968793293938,4.5,7.5,7.5
2257,97.5,228.66968793293938,4.5,7.5,7.5
2258,110.0,228.66968793293938,4.5,7.5,7.5
2259,122.5,228.66968793293938,4.5,7.5,7.5
2260,135.0,228.66968793293938,4.5,7.5,7.5
2261,147.5,228.66968793293938,4.5,7.5,7.5
2262,160.0,228.66968793293938,4.5,7.5,7.5
2263,172.5,228.66968793293938,4.5,7.5,7.5
2264,185.0,228.66968793293938,4.5,7.5,7.5
2265,197.5,228.66968793293938,4.5,7.5,7.5
2266,210.0,228.66968793293938,4.5,7.5,7.5
2267,222.5,228.66968793293938,4.5,7.5,7.5
2268,235.0,228.66968793293938,4.5,7.5,7.5
2269,247.5,228.66968793293938,4.5,7.5,7.5
2270,260.0,228.66968793293938,4.5,7.5,7.5
2271,-246.25,239.4950054802448,4.5,7.5,7.5
2272,-233.75,239.4950054802448,4.5,7.5,7.5
2273,-221.25,239.4950054802448,4.5,7.5,7.5
2274,-208.75,239.4950054802448,4.5,7.5,7.5
2275,-196.25,239.4950054802448,4.5,7.5,7.5
2276,-183.75,239.4950054802448,4.5,7.5,7.5
2277,-171.25,239.4950054802448,4.5,7.5,7.5
2278,-158.75,239.4950054802448,4.5,7.5,7.5
2279,-146.25,239.4950054802448,4.5,7.5,7.5
2280,-133.75,239.4950054802448,4.5,7.5,7.5
2281,-121.25,239.4950054802448,4.5,7.5,7.5
2282,-108.75,239.4950054802448,4.5,7.5,7.5
2283,-96.25,239.4950054802448,4.5,7.5,7.5
2284,-83.75,239.4950054802448,4.5,7.5,7.5
2285,-71.25,239.4950054802448,4.5,7.5,7.5
2286,-58.75,239.4950054802448,4.5,7.5,7.5
2287,-46.25,239.4950054802448,4.5,7.5,7.5
2288,-33.75,239.4950054802448,4.5,7.5,7.5
2289,-21.25,239.4950054802448,4.5,7.5,7.5
2290,-8.75,239.4950054802448,4.5,7.5,7.5
2291,3.75,239.4950054802448,4.5,7.5,7.5
2292,16.25,239.4950054802448,4.5,7.5,7.5
2293,28.75,239.4950054802448,4.5,7.5,7.5
2294,41.25,239.4950054802448,4.5,7.5,7.5
2295,53.75,239.4950054802448,4.5,7.5,7.5
2296,66.25,239.4950054802448,4.5,7.5,7.5
2297,78.75,239.4950054802448,4.5,7.5,7.5
2298,91.25,239.4950054802448,4.5,7.5,7.5
2299,103.75,239.4950054802448,4.5,7.5,7.5
2300,116.25,239.4950054802448,4.5,7.5,7.5
2301,128.75,239.4950054802448,4.5,7.5,7.5
2302,141.25,239.4950054802448,4.5,7.5,7.5
2303,153.75,239.4950054802448,4.5,7.5,7.5
2304,166.25,239.4950054802448,4.5,7.5,7.5
2305,178.75,239.4950054802448,4.5,7.5,7.5
2306,191.25,239.4950054802448,4.5,7.5,7.5
2307,203.75,239.4950054802448,4.5,7.5,7.5
2308,216.25,239.4950054802448,4.5,7.5,7.5
2309,228.75,239.4950054802448,4.5,7.5,7.5
2310,241.25,239.4950054802448,4.5,7.5,7.5
2311,253.75,239.4950054802448,4.5,7.5,7.5
2312,-240.0,250.32032302755033,4.5,7.5,7.5
2313,-227.5,250.32032302755033,4.5,7.5,7.5
2314,-215.0,250.32032302755033,4.5,7.5,7.5
2315,-202.5,250.32032302755033,4.5,7.5,7.5
2316,-190.0,250.32032302755033,4.5,7.5,7.5
2317,-177.5,250.32032302755033,4.5,7.5,7.5
2318,-165.0,250.32032302755033,4.5,7.5,7.5
2319,-152.5,250.32032302755033,4.5,7.5,7.5
2320,-140.0,250.32032302755033,4.5,7.5,7.5
2321,-127.5,250.32032302755033,4.5,7.5,7.5
2322,-115.0,250.32032302755033,4.5,7.5,7.5
2323,-102.5,250.32032302755033,4.5,7.5,7.5
2324,-90.0,250.32032302755033,4.5,7.5,7.5
2325,-77.5,250.32032302755033,4.5,7.5,7.5
2326,-65.0,250.32032302755033,4.5,7.5,7.5
2327,-52.5,250.32032302755033,4.5,7.5,7.5
2328,-40.0,250.32032302755033,4.5,7.5,7.5
2329,-27.5,250.32032302755033,4.5,7.5,7.5
2330,-15.0,250.32032302755033,4.5,7.5,7.5
2331,-2.5,250.32032302755033,4.5,7.5,7.5
2332,10.0,250.32032302755033,4.5,7.5,7.5
2333,22.5,250.32032302755033,4.5,7.5,7.5
2334,35.0,250.32032302755033,4.5,7.5,7.5
2335,47.5,250.32032302755033,4.5,7.5,7.5
2336,60.0,250.32032302755033,4.5,7.5,7.5
2337,72.5,250.32032302755033,4.5,7.5,7.5
2338,85.0,250.32032302755033,4.5,7.5,7.5
2339,97.5,250.32032302755033,4.5,7.5,7.5
2340,110.0,250.32032302755033,4.5,7.5,7.5
2341,122.5,250.32032302755033,4.5,7.5,7.5
2342,135.0,250.32032302755033,4.5,7.5,7.5
2343,147.5,250.32032302755033,4.5,7.5,7.5
2344,160.0,250.32032302755033,4.5,7.5,7.5
2345,172.5,250.32032302755033,4.5,7.5,7.5
2346,185.0,250.32032302755033,4.5,7.5,7.5
2347,197.5,250.32032302755033,4.5,7.5,7.5
2348,210.0,250.32032302755033,4.5,7.5,7.5
2349,222.5,250.32032302755033,4.5,7.5,7.5
2350,235.0,250.32032302755033,4.5,7.5,7.5
2351,-221.25,261.14564057485586,4.5,7.5,7.5
2352,-208.75,261.14564057485586,4.5,7.5,7.5
2353,-196.25,261.14564057485586,4.5,7.5,7.5
2354,-183.75,261.14564057485586,4.5,7.5,7.5
2355,-171.25,261.14564057485586,4.5,7.5,7.5
2356,-158.75,261.14564057485586,4.5,7.5,7.5
2357,-146.25,261.14564057485586,4.5,7.5,7.5
2358,-133.75,261.14564057485586,4.5,7.5,7.5
2359,-121.25,261.14564057485586,4.5,7.5,7.5
2360,-108.75,261.14564057485586,4.5,7.5,7.5
2361,-96.25,261.14564057485586,4.5,7.5,7.5
2362,-83.75,261.14564057485586,4.5,7.5,7.5
2363,-71.25,261.14564057485586,4.5,7.5,7.5
2364,-58.75,261.14564057485586,4.5,7.5,7.5
2365,-46.25,261.14564057485586,4.5,7.5,7.5
2366,-33.75,261.14564057485586,4.5,7.5,7.5
2367,-21.25,261.14564057485586,4.5,7.5,7.5
2368,-8.75,261.14564057485586,4.5,7.5,7.5
2369,3.75,261.14564057485586,4.5,7.5,7.5
2370,16.25,261.14564057485586,4.5,7.5,7.5
2371,28.75,261.14564057485586,4.5,7.5,7.5
2372,41.25,261.14564057485586,4.5,7.5,7.5
2373,53.75,261.14564057485586,4.5,7.5,7.5
2374,66.25,261.14564057485586,4.5,7.5,7.5
2375,78.75,261.14564057485586,4.5,7.5,7.5
2376,91.25,261.14564057485586,4.5,7.5,7.5
2377,103.75,261.14564057485586,4.5,7.5,7.5
2378,116.25,261.14564057485586,4.5,7.5,7.5
2379,128.75,261.14564057485586,4.5,7.5,7.5
2380,141.25,261.14564057485586,4.5,7.5,7.5
2381,153.75,261.14564057485586,4.5,7.5,7.5
2382,166.25,261.14564057485586,4.5,7.5,7.5
2383,178.75,261.14564057485586,4.5,7.5,7.5
2384,191.25,261.14564057485586,4.5,7.5,7.5
2385,203.75,261.14564057485586,4.5,7.5,7.5
2386,216.25,261.14564057485586,4.5,7.5,7.5
2387,228.75,261.14564057485586,4.5,7.5,7.5
2388,-215.0,271.9709581221613,4.5,7.5,7.5
2389,-202.5,271.9709581221613,4.5,7.5,7.5
2390,-190.0,271.9709581221613,4.5,7.5,7.5
2391,-177.5,271.9709581221613,4.5,7.5,7.5
2392,-165.0,271.9709581221613,4.5,7.5,7.5
2393,-152.5,271.9709581221613,4.5,7.5,7.5
2394,-140.0,271.9709581221613,4.5,7.5,7.5
2395,-127.5,271.9709581221613,4.5,7.5,7.5
2396,-115.0,271.9709581221613,4.5,7.5,7.5
2397,-102.5,271.9709581221613,4.5,7.5,7.5
2398,-90.0,271.9709581221613,4.5,7.5,7.5
2399,-77.5,271.9709581221613,4.5,7.5,7.5
2400,-65.0,271.9709581221613,4.5,7.5,7.5
2401,-52.5,271.9709581221613,4.5,7.5,7.5
2402,-40.0,271.9709581221613,4.5,7.5,7.5
2403,-27.5,271.9709581221613,4.5,7.5,7.5
2404,-15.0,271.9709581221613,4.5,7.5,7.5
2405,-2.5,271.9709581221613,4.5,7.5,7.5
2406,10.0,271.9709581221613,4.5,7.5,7.5
2407,22.5,271.9709581221613,4.5,7.5,7.5
2408,35.0,271.9709581221613,4.5,7.5,7.5
2409,47.5,271.9709581221613,4.5,7.5,7.5
2410,60.0,271.9709581221613,4.5,7.5,7.5
2411,72.5,271.9709581221613,4.5,7.5,7.5
2412,85.0,271.9709581221613,4.5,7.5,7.5
2413,97.5,271.9709581221613,4.5,7.5,7.5
2414,110.0,271.9709581221613,4.5,7.5,7.5
2415,122.5,271.9709581221613,4.5,7.5,7.5
2416,135.0,271.9709581221613,4.5,7.5,7.5
2417,147.5,271.9709581221613,4.5,7.5,7.5
2418,160.0,271.9709581221613,4.5,7.5,7.5
2419,172.5,271.9709581221613,4.5,7.5,7.5
2420,185.0,271.9709581221613,4.5,7.5,7.5
2421,197.5,271.9709581221613,4.5,7.5,7.5
2422,210.0,271.9709581221613,4.5,7.5,7.5
2423,-196.25,282.7962756694667,4.5,7.5,7.5
2424,-171.25,282.7962756694667,4.5,7.5,7.5
2425,-158.75,282.7962756694667,4.5,7.5,7.5
2426,-146.25,282.7962756694667,4.5,7.5,7.5
2427,-133.75,282.7962756694667,4.5,7.5,7.5
2428,-121.25,282.7962756694667,4.5,7.5,7.5
2429,-108.75,282.7962756694667,4.5,7.5,7.5
2430,-96.25,282.7962756694667,4.5,7.5,7.5
2431,-83.75,282.7962756694667,4.5,7.5,7.5
2432,-71.25,282.7962756694667,4.5,7.5,7.5
2433,-58.75,282.7962756694667,4.5,7.5,7.5
2434,-46.25,282.7962756694667,4.5,7.5,7.5
2435,-33.75,282.7962756694667,4.5,7.5,7.5
2436,-21.25,282.7962756694667,4.5,7.5,7.5
2437,-8.75,282.7962756694667,4.5,7.5,7.5
2438,3.75,282.7962756694667,4.5,7.5,7.5
2439,16.25,282.7962756694667,4.5,7.5,7.5
2440,28.75,282.7962756694667,4.5,7.5,7.5
2441,41.25,282.7962756694667,4.5,7.5,7.5
2442,53.75,282.7962756694667,4.5,7.5,7.5
2443,66.25,282.7962756694667,4.5,7.5,7.5
2444,78.75,282.7962756694667,4.5,7.5,7.5
2445,91.25,282.7962756694667,4.5,7.5,7.5
2446,103.75,282.7962756694667,4.5,7.5,7.5
2447,116.25,282.7962756694667,4.5,7.5,7.5
2448,128.75,282.7962756694667,4.5,7.5,7.5
2449,141.25,282.7962756694667,4.5,7.5,7.5
2450,153.75,282.7962756694667,4.5,7.5,7.5
2451,166.25,282.7962756694667,4.5,7.5,7.5
2452,178.75,282.7962756694667,4.5,7.5,7.5
2453,191.25,282.7962756694667,4.5,7.5,7.5
2454,203.75,282.7962756694667,4.5,7.5,7.5
2455,-190.0,293.6215932167722,4.5,7.5,7.5
2456,-177.5,293.6215932167722,4.5,7.5,7.5
2457,-165.0,293.6215932167722,4.5,7.5,7.5
2458,-152.5,293.6215932167722,4.5,7.5,7.5
2459,-140.0,293.6215932167722,4.5,7.5,7.5
2460,-127.5,293.6215932167722,4.5,7.5,7.5
2461,-115.0,293.6215932167722,4.5,7.5,7.5
2462,-90.0,293.6215932167722,4.5,7.5,7.5
2463,-77.5,293.6215932167722,4.5,7.5,7.5
2464,-65.0,293.6215932167722,4.5,7.5,7.5
2465,-52.5,293.6215932167722,4.5,7.5,7.5
2466,-40.0,293.6215932167722,4.5,7.5,7.5
2467,-27.5,293.6215932167722,4.5,7.5,7.5
2468,-15.0,293.6215932167722,4.5,7.5,7.5
2469,-2.5,293.6215932167722,4.5,7.5,7.5
2470,10.0,293.6215932167722,4.5,7.5,7.5
2471,22.5,293.6215932167722,4.5,7.5,7.5
2472,35.0,293.6215932167722,4.5,7.5,7.5
2473,47.5,293.6215932167722,4.5,7.5,7.5
2474,60.0,293.6215932167722,4.5,7.5,7.5
2475,72.5,293.6215932167722,4.5,7.5,7.5
2476,85.0,293.6215932167722,4.5,7.5,7.5
2477,97.5,293.6215932167722,4.5,7.5,7.5
2478,110.0,293.6215932167722,4.5,7.5,7.5
2479,122.5,293.6215932167722,4.5,7.5,7.5
2480,135.0,293.6215932167722,4.5,7.5,7.5
2481,147.5,293.6215932167722,4.5,7.5,7.5
2482,160.0,293.6215932167722,4.5,7.5,7.5
2483,172.5,293.6215932167722,4.5,7.5,7.5
2484,185.0,293.6215932167722,4.5,7.5,7.5
2485,-171.25,304.44691076407776,4.5,7.5,7.5
2486,-158.75,304.44691076407776,4.5,7.5,7.5
2487,-146.25,304.44691076407776,4.5,7.5,7.5
2488,-133.75,304.44691076407776,4.5,7.5,7.5
2489,-121.25,304.44691076407776,4.5,7.5,7.5
2490,-108.75,304.44691076407776,4.5,7.5,7.5
2491,-96.25,304.44691076407776,4.5,7.5,7.5
2492,-83.75,304.44691076407776,4.5,7.5,7.5
2493,-71.25,304.44691076407776,4.5,7.5,7.5
2494,-58.75,304.44691076407776,4.5,7.5,7.5
2495,-46.25,304.44691076407776,4.5,7.5,7.5
2496,-33.75,304.44691076407776,4.5,7.5,7.5
2497,-21.25,304.44691076407776,4.5,7.5,7.5
2498,-8.75,304.44691076407776,4.5,7.5,7.5
2499,3.75,304.44691076407776,4.5,7.5,7.5
2500,16.25,304.44691076407776,4.5,7.5,7.5
2501,28.75,304.44691076407776,4.5,7.5,7.5
2502,41.25,304.44691076407776,4.5,7.5,7.5
2503,53.75,304.44691076407776,4.5,7.5,7.5
2504,66.25,304.44691076407776,4.5,7.5,7.5
2505,78.75,304.44691076407776,4.5,7.5,7.5
2506,91.25,304.44691076407776,4.5,7.5,7.5
2507,103.75,304.44691076407776,4.5,7.5,7.5
2508,116.25,304.44691076407776,4.5,7.5,7.5
2509,128.75,304.44691076407776,4.5,7.5,7.5
2510,141.25,304.44691076407776,4.5,7.5,7.5
2511,153.75,304.44691076407776,4.5,7.5,7.5
2512,166.25,304.44691076407776,4.5,7.5,7.5
2513,-140.0,315.2722283113832,4.5,7.5,7.5
2514,-127.5,315.2722283113832,4.5,7.5,7.5
2515,-115.0,315.2722283113832,4.5,7.5,7.5
2516,-102.5,315.2722283113832,4.5,7.5,7.5
2517,-90.0,315.2722283113832,4.5,7.5,7.5
2518,-77.5,315.2722283113832,4.5,7.5,7.5
2519,-65.0,315.2722283113832,4.5,7.5,7.5
2520,-52.5,315.2722283113832,4.5,7.5,7.5
2521,-40.0,315.2722283113832,4.5,7.5,7.5
2522,-27.5,315.2722283113832,4.5,7.5,7.5
2523,-15.0,315.2722283113832,4.5,7.5,7.5
2524,-2.5,315.2722283113832,4.5,7.5,7.5
2525,10.0,315.2722283113832,4.5,7.5,7.5
2526,22.5,315.2722283113832,4.5,7.5,7.5
2527,35.0,315.2722283113832,4.5,7.5,7.5
2528,47.5,315.2722283113832,4.5,7.5,7.5
2529,60.0,315.2722283113832,4.5,7.5,7.5
2530,72.5,315.2722283113832,4.5,7.5,7.5
2531,85.0,315.2722283113832,4.5,7.5,7.5
2532,97.5,315.2722283113832,4.5,7.5,7.5
2533,110.0,315.2722283113832,4.5,7.5,7.5
2534,122.5,315.2722283113832,4.5,7.5,7.5
2535,135.0,315.2722283113832,4.5,7.5,7.5
2536,147.5,315.2722283113832,4.5,7.5,7.5
2537,-121.25,326.0975458586886,4.5,7.5,7.5
2538,-108.75,326.0975458586886,4.5,7.5,7.5
2539,-96.25,326.0975458586886,4.5,7.5,7.5
2540,-83.75,326.0975458586886,4.5,7.5,7.5
2541,-71.25,326.0975458586886,4.5,7.5,7.5
2542,-58.75,326.0975458586886,4.5,7.5,7.5
2543,-46.25,326.0975458586886,4.5,7.5,7.5
2544,-33.75,326.0975458586886,4.5,7.5,7.5
2545,-21.25,326.0975458586886,4.5,7.5,7.5
2546,-8.75,326.0975458586886,4.5,7.5,7.5
2547,3.75,326.0975458586886,4.5,7.5,7.5
2548,16.25,326.0975458586886,4.5,7.5,7.5
2549,28.75,326.0975458586886,4.5,7.5,7.5
2550,41.25,326.0975458586886,4.5,7.5,7.5
2551,53.75,326.0975458586886,4.5,7.5,7.5
2552,66.25,326.0975458586886,4.5,7.5,7.5
2553,78.75,326.0975458586886,4.5,7.5,7.5
2554,91.25,326.0975458586886,4.5,7.5,7.5
2555,103.75,326.0975458586886,4.5,7.5,7.5
2556,116.25,326.0975458586886,4.5,7.5,7.5
2557,-90.0,336.9228634059941,4.5,7.5,7.5
2558,-77.5,336.9228634059941,4.5,7.5,7.5
2559,-65.0,336.9228634059941,4.5,7.5,7.5
2560,-52.5,336.9228634059941,4.5,7.5,7.5
2561,-40.0,336.9228634059941,4.5,7.5,7.5
2562,-27.5,336.9228634059941,4.5,7.5,7.5
2563,-15.0,336.9228634059941,4.5,7.5,7.5
2564,-2.5,336.9228634059941,4.5,7.5,7.5
2565,10.0,336.9228634059941,4.5,7.5,7.5
2566,22.5,336.9228634059941,4.5,7.5,7.5
2567,35.0,336.9228634059941,4.5,7.5,7.5
2568,47.5,336.9228634059941,4.5,7.5,7.5
2569,60.0,336.9228634059941,4.5,7.5,7.5
2570,72.5,336.9228634059941,4.5,7.5,7.5
2571,85.0,336.9228634059941,4.5,7.5,7.5
2572,-33.75,347.74818095329965,4.5,7.5,7.5
2573,-21.25,347.74818095329965,4.5,7.5,7.5
2574,-8.75,347.74818095329965,4.5,7.5,7.5
2575,3.75,347.74818095329965,4.5,7.5,7.5
2576,16.25,347.74818095329965,4.5,7.5,7.5
2577,28.75,347.74818095329965,4.5,7.5,7.5
