heliostat_id,x_m,y_m,z_m,width_m,height_m
1,-74.0,-341.2153903091735,4.0,7.0,7.0
2,-62.0,-341.2153903091735,4.0,7.0,7.0
3,-50.0,-341.2153903091735,4.0,7.0,7.0
4,-38.0,-341.2153903091735,4.0,7.0,7.0
5,-26.0,-341.2153903091735,4.0,7.0,7.0
6,-14.0,-341.2153903091735,4.0,7.0,7.0
7,-2.0,-341.2153903091735,4.0,7.0,7.0
8,10.0,-341.2153903091735,4.0,7.0,7.0
9,22.0,-341.2153903091735,4.0,7.0,7.0
10,34.0,-341.2153903091735,4.0,7.0,7.0
11,46.0,-341.2153903091735,4.0,7.0,7.0
12,58.0,-341.2153903091735,4.0,7.0,7.0
13,70.0,-341.2153903091735,4.0,7.0,7.0
14,-104.0,-330.8230854637602,4.0,7.0,7.0
15,-92.0,-330.8230854637602,4.0,7.0,7.0
16,-80.0,-330.8230854637602,4.0,7.0,7.0
17,-68.0,-330.8230854637602,4.0,7.0,7.0
18,-56.0,-330.8230854637602,4.0,7.0,7.0
19,-44.0,-330.8230854637602,4.0,7.0,7.0
20,-32.0,-330.8230854637602,4.0,7.0,7.0
21,-20.0,-330.8230854637602,4.0,7.0,7.0
22,-8.0,-330.8230854637602,4.0,7.0,7.0
23,4.0,-330.8230854637602,4.0,7.0,7.0
24,16.0,-330.8230854637602,4.0,7.0,7.0
25,28.0,-330.8230854637602,4.0,7.0,7.0
26,40.0,-330.8230854637602,4.0,7.0,7.0
27,52.0,-330.8230854637602,4.0,7.0,7.0
28,64.0,-330.8230854637602,4.0,7.0,7.0
29,76.0,-330.8230854637602,4.0,7.0,7.0
30,88.0,-330.8230854637602,4.0,7.0,7.0
31,100.0,-330.8230854637602,4.0,7.0,7.0
32,112.0,-330.8230854637602,4.0,7.0,7.0
33,-134.0,-320.43078061834694,4.0,7.0,7.0
34,-122.0,-320.43078061834694,4.0,7.0,7.0
35,-110.0,-320.43078061834694,4.0,7.0,7.0
36,-98.0,-320.43078061834694,4.0,7.0,7.0
37,-86.0,-320.43078061834694,4.0,7.0,7.0
38,-74.0,-320.43078061834694,4.0,7.0,7.0
39,-62.0,-320.43078061834694,4.0,7.0,7.0
40,-50.0,-320.43078061834694,4.0,7.0,7.0
41,-38.0,-320.43078061834694,4.0,7.0,7.0
42,-26.0,-320.43078061834694,4.0,7.0,7.0
43,-14.0,-320.43078061834694,4.0,7.0,7.0
44,-2.0,-320.43078061834694,4.0,7.0,7.0
45,10.0,-320.43078061834694,4.0,7.0,7.0
46,22.0,-320.43078061834694,4.0,7.0,7.0
47,34.0,-320.43078061834694,4.0,7.0,7.0
48,46.0,-320.43078061834694,4.0,7.0,7.0
49,58.0,-320.43078061834694,4.0,7.0,7.0
50,70.0,-320.43078061834694,4.0,7.0,7.0
51,82.0,-320.43078061834694,4.0,7.0,7.0
52,94.0,-320.43078061834694,4.0,7.0,7.0
53,106.0,-320.43078061834694,4.0,7.0,7.0
54,118.0,-320.43078061834694,4.0,7.0,7.0
55,130.0,-320.43078061834694,4.0,7.0,7.0
56,-152.0,-310.0384757729337,4.0,7.0,7.0
57,-140.0,-310.0384757729337,4.0,7.0,7.0
58,-128.0,-310.0384757729337,4.0,7.0,7.0
59,-116.0,-310.0384757729337,4.0,7.0,7.0
60,-104.0,-310.0384757729337,4.0,7.0,7.0
61,-92.0,-310.0384757729337,4.0,7.0,7.0
62,-80.0,-310.0384757729337,4.0,7.0,7.0
63,-68.0,-310.0384757729337,4.0,7.0,7.0
64,-56.0,-310.0384757729337,4.0,7.0,7.0
65,-44.0,-310.0384757729337,4.0,7.0,7.0
66,-32.0,-310.0384757729337,4.0,7.0,7.0
67,-20.0,-310.0384757729337,4.0,7.0,7.0
68,-8.0,-310.0384757729337,4.0,7.0,7.0
69,4.0,-310.0384757729337,4.0,7.0,7.0
70,16.0,-310.0384757729337,4.0,7.0,7.0
71,28.0,-310.0384757729337,4.0,7.0,7.0
72,40.0,-310.0384757729337,4.0,7.0,7.0
73,52.0,-310.0384757729337,4.0,7.0,7.0
74,64.0,-310.0384757729337,4.0,7.0,7.0
75,76.0,-310.0384757729337,4.0,7.0,7.0
76,88.0,-310.0384757729337,4.0,7.0,7.0
77,100.0,-310.0384757729337,4.0,7.0,7.0
78,112.0,-310.0384757729337,4.0,7.0,7.0
79,124.0,-310.0384757729337,4.0,7.0,7.0
80,136.0,-310.0384757729337,4.0,7.0,7.0
81,148.0,-310.0384757729337,4.0,7.0,7.0
82,160.0,-310.0384757729337,4.0,7.0,7.0
83,-170.0,-299.6461709275204,4.0,7.0,7.0
84,-158.0,-299.6461709275204,4.0,7.0,7.0
85,-146.0,-299.6461709275204,4.0,7.0,7.0
86,-134.0,-299.6461709275204,4.0,7.0,7.0
87,-122.0,-299.6461709275204,4.0,7.0,7.0
88,-110.0,-299.6461709275204,4.0,7.0,7.0
89,-98.0,-299.6461709275204,4.0,7.0,7.0
90,-86.0,-299.6461709275204,4.0,7.0,7.0
91,-74.0,-299.6461709275204,4.0,7.0,7.0
92,-62.0,-299.6461709275204,4.0,7.0,7.0
93,-50.0,-299.6461709275204,4.0,7.0,7.0
94,-38.0,-299.6461709275204,4.0,7.0,7.0
95,-26.0,-299.6461709275204,4.0,7.0,7.0
96,-14.0,-299.6461709275204,4.0,7.0,7.0
97,-2.0,-299.6461709275204,4.0,7.0,7.0
98,10.0,-299.6461709275204,4.0,7.0,7.0
99,22.0,-299.6461709275204,4.0,7.0,7.0
100,34.0,-299.6461709275204,4.0,7.0,7.0
101,46.0,-299.6461709275204,4.0,7.0,7.0
102,58.0,-299.6461709275204,4.0,7.0,7.0
103,70.0,-299.6461709275204,4.0,7.0,7.0
104,82.0,-299.6461709275204,4.0,7.0,7.0
105,94.0,-299.6461709275204,4.0,7.0,7.0
106,106.0,-299.6461709275204,4.0,7.0,7.0
107,118.0,-299.6461709275204,4.0,7.0,7.0
108,130.0,-299.6461709275204,4.0,7.0,7.0
109,142.0,-299.6461709275204,4.0,7.0,7.0
110,154.0,-299.6461709275204,4.0,7.0,7.0
111,166.0,-299.6461709275204,4.0,7.0,7.0
112,178.0,-299.6461709275204,4.0,7.0,7.0
113,-188.0,-289.25386608210715,4.0,7.0,7.0
114,-176.0,-289.25386608210715,4.0,7.0,7.0
115,-164.0,-289.25386608210715,4.0,7.0,7.0
116,-152.0,-289.25386608210715,4.0,7.0,7.0
117,-140.0,-289.25386608210715,4.0,7.0,7.0
118,-128.0,-289.25386608210715,4.0,7.0,7.0
119,-116.0,-289.25386608210715,4.0,7.0,7.0
120,-104.0,-289.25386608210715,4.0,7.0,7.0
121,-92.0,-289.25386608210715,4.0,7.0,7.0
122,-80.0,-289.25386608210715,4.0,7.0,7.0
123,-68.0,-289.25386608210715,4.0,7.0,7.0
124,-56.0,-289.25386608210715,4.0,7.0,7.0
125,-44.0,-289.25386608210715,4.0,7.0,7.0
126,-32.0,-289.25386608210715,4.0,7.0,7.0
127,-20.0,-289.25386608210715,4.0,7.0,7.0
128,-8.0,-289.25386608210715,4.0,7.0,7.0
129,4.0,-289.25386608210715,4.0,7.0,7.0
130,16.0,-289.25386608210715,4.0,7.0,7.0
131,28.0,-289.25386608210715,4.0,7.0,7.0
132,40.0,-289.25386608210715,4.0,7.0,7.0
133,52.0,-289.25386608210715,4.0,7.0,7.0
134,64.0,-289.25386608210715,4.0,7.0,7.0
135,76.0,-289.25386608210715,4.0,7.0,7.0
136,88.0,-289.25386608210715,4.0,7.0,7.0
137,100.0,-289.25386608210715,4.0,7.0,7.0
138,112.0,-289.25386608210715,4.0,7.0,7.0
139,124.0,-289.25386608210715,4.0,7.0,7.0
140,136.0,-289.25386608210715,4.0,7.0,7.0
141,148.0,-289.25386608210715,4.0,7.0,7.0
142,160.0,-289.25386608210715,4.0,7.0,7.0
143,172.0,-289.25386608210715,4.0,7.0,7.0
144,184.0,-289.25386608210715,4.0,7.0,7.0
145,196.0,-289.25386608210715,4.0,7.0,7.0
146,-206.0,-278.8615612366939,4.0,7.0,7.0
147,-194.0,-278.8615612366939,4.0,7.0,7.0
148,-182.0,-278.8615612366939,4.0,7.0,7.0
149,-170.0,-278.8615612366939,4.0,7.0,7.0
150,-158.0,-278.8615612366939,4.0,7.0,7.0
151,-146.0,-278.8615612366939,4.0,7.0,7.0
152,-134.0,-278.8615612366939,4.0,7.0,7.0
153,-122.0,-278.8615612366939,4.0,7.0,7.0
154,-110.0,-278.8615612366939,4.0,7.0,7.0
155,-98.0,-278.8615612366939,4.0,7.0,7.0
156,-86.0,-278.8615612366939,4.0,7.0,7.0
157,-74.0,-278.8615612366939,4.0,7.0,7.0
158,-62.0,-278.8615612366939,4.0,7.0,7.0
159,-50.0,-278.8615612366939,4.0,7.0,7.0
160,-38.0,-278.8615612366939,4.0,7.0,7.0
161,-26.0,-278.8615612366939,4.0,7.0,7.0
162,-14.0,-278.8615612366939,4.0,7.0,7.0
163,-2.0,-278.8615612366939,4.0,7.0,7.0
164,10.0,-278.8615612366939,4.0,7.0,7.0
165,22.0,-278.8615612366939,4.0,7.0,7.0
166,34.0,-278.8615612366939,4.0,7.0,7.0
167,46.0,-278.8615612366939,4.0,7.0,7.0
168,58.0,-278.8615612366939,4.0,7.0,7.0
169,70.0,-278.8615612366939,4.0,7.0,7.0
170,82.0,-278.8615612366939,4.0,7.0,7.0
171,94.0,-278.8615612366939,4.0,7.0,7.0
172,106.0,-278.8615612366939,4.0,7.0,7.0
173,118.0,-278.8615612366939,4.0,7.0,7.0
174,130.0,-278.8615612366939,4.0,7.0,7.0
175,142.0,-278.8615612366939,4.0,7.0,7.0
176,154.0,-278.8615612366939,4.0,7.0,7.0
177,166.0,-278.8615612366939,4.0,7.0,7.0
178,178.0,-278.8615612366939,4.0,7.0,7.0
179,190.0,-278.8615612366939,4.0,7.0,7.0
180,202.0,-278.8615612366939,4.0,7.0,7.0
181,-224.0,-268.4692563912806,4.0,7.0,7.0
182,-212.0,-268.4692563912806,4.0,7.0,7.0
183,-200.0,-268.4692563912806,4.0,7.0,7.0
184,-188.0,-268.4692563912806,4.0,7.0,7.0
185,-176.0,-268.4692563912806,4.0,7.0,7.0
186,-164.0,-268.4692563912806,4.0,7.0,7.0
187,-152.0,-268.4692563912806,4.0,7.0,7.0
188,-140.0,-268.4692563912806,4.0,7.0,7.0
189,-128.0,-268.4692563912806,4.0,7.0,7.0
190,-116.0,-268.4692563912806,4.0,7.0,7.0
191,-104.0,-268.4692563912806,4.0,7.0,7.0
192,-92.0,-268.4692563912806,4.0,7.0,7.0
193,-80.0,-268.4692563912806,4.0,7.0,7.0
194,-68.0,-268.4692563912806,4.0,7.0,7.0
195,-56.0,-268.4692563912806,4.0,7.0,7.0
196,-44.0,-268.4692563912806,4.0,7.0,7.0
197,-32.0,-268.4692563912806,4.0,7.0,7.0
198,-20.0,-268.4692563912806,4.0,7.0,7.0
199,-8.0,-268.4692563912806,4.0,7.0,7.0
200,4.0,-268.4692563912806,4.0,7.0,7.0
201,16.0,-268.4692563912806,4.0,7.0,7.0
202,28.0,-268.4692563912806,4.0,7.0,7.0
203,40.0,-268.4692563912806,4.0,7.0,7.0
204,52.0,-268.4692563912806,4.0,7.0,7.0
205,64.0,-268.4692563912806,4.0,7.0,7.0
206,76.0,-268.4692563912806,4.0,7.0,7.0
207,88.0,-268.4692563912806,4.0,7.0,7.0
208,100.0,-268.4692563912806,4.0,7.0,7.0
209,112.0,-268.4692563912806,4.0,7.0,7.0
210,124.0,-268.4692563912806,4.0,7.0,7.0
211,136.0,-268.4692563912806,4.0,7.0,7.0
212,148.0,-268.4692563912806,4.0,7.0,7.0
213,160.0,-268.4692563912806,4.0,7.0,7.0
214,172.0,-268.4692563912806,4.0,7.0,7.0
215,184.0,-268.4692563912806,4.0,7.0,7.0
216,196.0,-268.4692563912806,4.0,7.0,7.0
217,208.0,-268.4692563912806,4.0,7.0,7.0
218,220.0,-268.4692563912806,4.0,7.0,7.0
219,-230.0,-258.07695154586736,4.0,7.0,7.0
220,-218.0,-258.07695154586736,4.0,7.0,7.0
221,-206.0,-258.07695154586736,4.0,7.0,7.0
222,-194.0,-258.07695154586736,4.0,7.0,7.0
223,-182.0,-258.07695154586736,4.0,7.0,7.0
224,-170.0,-258.07695154586736,4.0,7.0,7.0
225,-158.0,-258.07695154586736,4.0,7.0,7.0
226,-146.0,-258.07695154586736,4.0,7.0,7.0
227,-134.0,-258.07695154586736,4.0,7.0,7.0
228,-122.0,-258.07695154586736,4.0,7.0,7.0
229,-110.0,-258.07695154586736,4.0,7.0,7.0
230,-98.0,-258.07695154586736,4.0,7.0,7.0
231,-86.0,-258.07695154586736,4.0,7.0,7.0
232,-74.0,-258.07695154586736,4.0,7.0,7.0
233,-62.0,-258.07695154586736,4.0,7.0,7.0
234,-50.0,-258.07695154586736,4.0,7.0,7.0
235,-38.0,-258.07695154586736,4.0,7.0,7.0
236,-26.0,-258.07695154586736,4.0,7.0,7.0
237,-14.0,-258.07695154586736,4.0,7.0,7.0
238,-2.0,-258.07695154586736,4.0,7.0,7.0
239,10.0,-258.07695154586736,4.0,7.0,7.0
240,22.0,-258.07695154586736,4.0,7.0,7.0
241,34.0,-258.07695154586736,4.0,7.0,7.0
242,46.0,-258.07695154586736,4.0,7.0,7.0
243,58.0,-258.07695154586736,4.0,7.0,7.0
244,70.0,-258.07695154586736,4.0,7.0,7.0
245,82.0,-258.07695154586736,4.0,7.0,7.0
246,94.0,-258.07695154586736,4.0,7.0,7.0
247,106.0,-258.07695154586736,4.0,7.0,7.0
248,118.0,-258.07695154586736,4.0,7.0,7.0
249,130.0,-258.07695154586736,4.0,7.0,7.0
250,142.0,-258.07695154586736,4.0,7.0,7.0
251,154.0,-258.07695154586736,4.0,7.0,7.0
252,166.0,-258.07695154586736,4.0,7.0,7.0
253,178.0,-258.07695154586736,4.0,7.0,7.0
254,190.0,-258.07695154586736,4.0,7.0,7.0
255,202.0,-258.07695154586736,4.0,7.0,7.0
256,214.0,-258.07695154586736,4.0,7.0,7.0
257,226.0,-258.07695154586736,4.0,7.0,7.0
258,-236.0,-247.6846467004541,4.0,7.0,7.0
259,-224.0,-247.6846467004541,4.0,7.0,7.0
260,-212.0,-247.6846467004541,4.0,7.0,7.0
261,-200.0,-247.6846467004541,4.0,7.0,7.0
262,-188.0,-247.6846467004541,4.0,7.0,7.0
263,-176.0,-247.6846467004541,4.0,7.0,7.0
264,-164.0,-247.6846467004541,4.0,7.0,7.0
265,-152.0,-247.6846467004541,4.0,7.0,7.0
266,-140.0,-247.6846467004541,4.0,7.0,7.0
267,-128.0,-247.6846467004541,4.0,7.0,7.0
268,-116.0,-247.6846467004541,4.0,7.0,7.0
269,-104.0,-247.6846467004541,4.0,7.0,7.0
270,-92.0,-247.6846467004541,4.0,7.0,7.0
271,-80.0,-247.6846467004541,4.0,7.0,7.0
272,-68.0,-247.6846467004541,4.0,7.0,7.0
273,-56.0,-247.6846467004541,4.0,7.0,7.0
274,-44.0,-247.6846467004541,4.0,7.0,7.0
275,-32.0,-247.6846467004541,4.0,7.0,7.0
276,-20.0,-247.6846467004541,4.0,7.0,7.0
277,-8.0,-247.6846467004541,4.0,7.0,7.0
278,4.0,-247.6846467004541,4.0,7.0,7.0
279,16.0,-247.6846467004541,4.0,7.0,7.0
280,28.0,-247.6846467004541,4.0,7.0,7.0
281,40.0,-247.6846467004541,4.0,7.0,7.0
282,52.0,-247.6846467004541,4.0,7.0,7.0
283,64.0,-247.6846467004541,4.0,7.0,7.0
284,76.0,-247.6846467004541,4.0,7.0,7.0
285,88.0,-247.6846467004541,4.0,7.0,7.0
286,100.0,-247.6846467004541,4.0,7.0,7.0
287,112.0,-247.6846467004541,4.0,7.0,7.0
288,124.0,-247.6846467004541,4.0,7.0,7.0
289,136.0,-247.6846467004541,4.0,7.0,7.0
290,148.0,-247.6846467004541,4.0,7.0,7.0
291,160.0,-247.6846467004541,4.0,7.0,7.0
292,172.0,-247.6846467004541,4.0,7.0,7.0
293,184.0,-247.6846467004541,4.0,7.0,7.0
294,196.0,-247.6846467004541,4.0,7.0,7.0
295,208.0,-247.6846467004541,4.0,7.0,7.0
296,220.0,-247.6846467004541,4.0,7.0,7.0
297,232.0,-247.6846467004541,4.0,7.0,7.0
298,244.0,-247.6846467004541,4.0,7.0,7.0
299,-254.0,-237.29234185504083,4.0,7.0,7.0
300,-242.0,-237.29234185504083,4.0,7.0,7.0
301,-230.0,-237.29234185504083,4.0,7.0,7.0
302,-218.0,-237.29234185504083,4.0,7.0,7.0
303,-206.0,-237.29234185504083,4.0,7.0,7.0
304,-194.0,-237.29234185504083,4.0,7.0,7.0
305,-182.0,-237.29234185504083,4.0,7.0,7.0
306,-170.0,-237.29234185504083,4.0,7.0,7.0
307,-158.0,-237.29234185504083,4.0,7.0,7.0
308,-146.0,-237.29234185504083,4.0,7.0,7.0
309,-134.0,-237.29234185504083,4.0,7.0,7.0
310,-122.0,-237.29234185504083,4.0,7.0,7.0
311,-110.0,-237.29234185504083,4.0,7.0,7.0
312,-98.0,-237.29234185504083,4.0,7.0,7.0
313,-86.0,-237.29234185504083,4.0,7.0,7.0
314,-74.0,-237.29234185504083,4.0,7.0,7.0
315,-62.0,-237.29234185504083,4.0,7.0,7.0
316,-50.0,-237.29234185504083,4.0,7.0,7.0
317,-38.0,-237.29234185504083,4.0,7.0,7.0
318,-26.0,-237.29234185504083,4.0,7.0,7.0
319,-14.0,-237.29234185504083,4.0,7.0,7.0
320,-2.0,-237.29234185504083,4.0,7.0,7.0
321,10.0,-237.29234185504083,4.0,7.0,7.0
322,22.0,-237.29234185504083,4.0,7.0,7.0
323,34.0,-237.29234185504083,4.0,7.0,7.0
324,46.0,-237.29234185504083,4.0,7.0,7.0
325,58.0,-237.29234185504083,4.0,7.0,7.0
326,70.0,-237.29234185504083,4.0,7.0,7.0
327,82.0,-237.29234185504083,4.0,7.0,7.0
328,94.0,-237.29234185504083,4.0,7.0,7.0
329,106.0,-237.29234185504083,4.0,7.0,7.0
330,118.0,-237.29234185504083,4.0,7.0,7.0
331,130.0,-237.29234185504083,4.0,7.0,7.0
332,142.0,-237.29234185504083,4.0,7.0,7.0
333,154.0,-237.29234185504083,4.0,7.0,7.0
334,166.0,-237.29234185504083,4.0,7.0,7.0
335,178.0,-237.29234185504083,4.0,7.0,7.0
336,190.0,-237.29234185504083,4.0,7.0,7.0
337,202.0,-237.29234185504083,4.0,7.0,7.0
338,214.0,-237.29234185504083,4.0,7.0,7.0
339,226.0,-237.29234185504083,4.0,7.0,7.0
340,238.0,-237.29234185504083,4.0,7.0,7.0
341,250.0,-237.29234185504083,4.0,7.0,7.0
342,-260.0,-226.90003700962757,4.0,7.0,7.0
343,-248.0,-226.90003700962757,4.0,7.0,7.0
344,-236.0,-226.90003700962757,4.0,7.0,7.0
345,-224.0,-226.90003700962757,4.0,7.0,7.0
346,-212.0,-226.90003700962757,4.0,7.0,7.0
347,-200.0,-226.90003700962757,4.0,7.0,7.0
348,-188.0,-226.90003700962757,4.0,7.0,7.0
349,-176.0,-226.90003700962757,4.0,7.0,7.0
350,-164.0,-226.90003700962757,4.0,7.0,7.0
351,-152.0,-226.90003700962757,4.0,7.0,7.0
352,-140.0,-226.90003700962757,4.0,7.0,7.0
353,-128.0,-226.90003700962757,4.0,7.0,7.0
354,-116.0,-226.90003700962757,4.0,7.0,7.0
355,-104.0,-226.90003700962757,4.0,7.0,7.0
356,-92.0,-226.90003700962757,4.0,7.0,7.0
357,-80.0,-226.90003700962757,4.0,7.0,7.0
358,-68.0,-226.90003700962757,4.0,7.0,7.0
359,-56.0,-226.90003700962757,4.0,7.0,7.0
360,-44.0,-226.90003700962757,4.0,7.0,7.0
361,-32.0,-226.90003700962757,4.0,7.0,7.0
362,-20.0,-226.90003700962757,4.0,7.0,7.0
363,-8.0,-226.90003700962757,4.0,7.0,7.0
364,4.0,-226.90003700962757,4.0,7.0,7.0
365,16.0,-226.90003700962757,4.0,7.0,7.0
366,28.0,-226.90003700962757,4.0,7.0,7.0
367,40.0,-226.90003700962757,4.0,7.0,7.0
368,52.0,-226.90003700962757,4.0,7.0,7.0
369,64.0,-226.90003700962757,4.0,7.0,7.0
370,76.0,-226.90003700962757,4.0,7.0,7.0
371,88.0,-226.90003700962757,4.0,7.0,7.0
372,100.0,-226.90003700962757,4.0,7.0,7.0
373,112.0,-226.90003700962757,4.0,7.0,7.0
374,124.0,-226.90003700962757,4.0,7.0,7.0
375,136.0,-226.90003700962757,4.0,7.0,7.0
376,148.0,-226.90003700962757,4.0,7.0,7.0
377,160.0,-226.90003700962757,4.0,7.0,7.0
378,172.0,-226.90003700962757,4.0,7.0,7.0
379,184.0,-226.90003700962757,4.0,7.0,7.0
380,196.0,-226.90003700962757,4.0,7.0,7.0
381,208.0,-226.90003700962757,4.0,7.0,7.0
382,220.0,-226.90003700962757,4.0,7.0,7.0
383,232.0,-226.90003700962757,4.0,7.0,7.0
384,244.0,-226.90003700962757,4.0,7.0,7.0
385,256.0,-226.90003700962757,4.0,7.0,7.0
386,-266.0,-216.5077321642143,4.0,7.0,7.0
387,-254.0,-216.5077321642143,4.0,7.0,7.0
388,-242.0,-216.5077321642143,4.0,7.0,7.0
389,-230.0,-216.5077321642143,4.0,7.0,7.0
390,-218.0,-216.5077321642143,4.0,7.0,7.0
391,-206.0,-216.5077321642143,4.0,7.0,7.0
392,-194.0,-216.5077321642143,4.0,7.0,7.0
393,-182.0,-216.5077321642143,4.0,7.0,7.0
394,-170.0,-216.5077321642143,4.0,7.0,7.0
395,-158.0,-216.5077321642143,4.0,7.0,7.0
396,-146.0,-216.5077321642143,4.0,7.0,7.0
397,-134.0,-216.5077321642143,4.0,7.0,7.0
398,-122.0,-216.5077321642143,4.0,7.0,7.0
399,-110.0,-216.5077321642143,4.0,7.0,7.0
400,-98.0,-216.5077321642143,4.0,7.0,7.0
401,-86.0,-216.5077321642143,4.0,7.0,7.0
402,-74.0,-216.5077321642143,4.0,7.0,7.0
403,-62.0,-216.5077321642143,4.0,7.0,7.0
404,-50.0,-216.5077321642143,4.0,7.0,7.0
405,-38.0,-216.5077321642143,4.0,7.0,7.0
406,-26.0,-216.5077321642143,4.0,7.0,7.0
407,-14.0,-216.5077321642143,4.0,7.0,7.0
408,-2.0,-216.5077321642143,4.0,7.0,7.0
409,10.0,-216.5077321642143,4.0,7.0,7.0
410,22.0,-216.5077321642143,4.0,7.0,7.0
411,34.0,-216.5077321642143,4.0,7.0,7.0
412,46.0,-216.5077321642143,4.0,7.0,7.0
413,58.0,-216.5077321642143,4.0,7.0,7.0
414,70.0,-216.5077321642143,4.0,7.0,7.0
415,82.0,-216.5077321642143,4.0,7.0,7.0
416,94.0,-216.5077321642143,4.0,7.0,7.0
417,106.0,-216.5077321642143,4.0,7.0,7.0
418,118.0,-216.5077321642143,4.0,7.0,7.0
419,130.0,-216.5077321642143,4.0,7.0,7.0
420,142.0,-216.5077321642143,4.0,7.0,7.0
421,154.0,-216.5077321642143,4.0,7.0,7.0
422,166.0,-216.5077321642143,4.0,7.0,7.0
423,178.0,-216.5077321642143,4.0,7.0,7.0
424,190.0,-216.5077321642143,4.0,7.0,7.0
425,202.0,-216.5077321642143,4.0,7.0,7.0
426,214.0,-216.5077321642143,4.0,7.0,7.0
427,226.0,-216.5077321642143,4.0,7.0,7.0
428,238.0,-216.5077321642143,4.0,7.0,7.0
429,250.0,-216.5077321642143,4.0,7.0,7.0
430,262.0,-216.5077321642143,4.0,7.0,7.0
431,274.0,-216.5077321642143,4.0,7.0,7.0
432,-272.0,-206.11542731880104,4.0,7.0,7.0
433,-260.0,-206.11542731880104,4.0,7.0,7.0
434,-248.0,-206.11542731880104,4.0,7.0,7.0
435,-236.0,-206.11542731880104,4.0,7.0,7.0
436,-224.0,-206.11542731880104,4.0,7.0,7.0
437,-212.0,-206.11542731880104,4.0,7.0,7.0
438,-200.0,-206.11542731880104,4.0,7.0,7.0
439,-188.0,-206.11542731880104,4.0,7.0,7.0
440,-176.0,-206.11542731880104,4.0,7.0,7.0
441,-164.0,-206.11542731880104,4.0,7.0,7.0
442,-152.0,-206.11542731880104,4.0,7.0,7.0
443,-140.0,-206.11542731880104,4.0,7.0,7.0
444,-128.0,-206.11542731880104,4.0,7.0,7.0
445,-116.0,-206.11542731880104,4.0,7.0,7.0
446,-104.0,-206.11542731880104,4.0,7.0,7.0
447,-92.0,-206.11542731880104,4.0,7.0,7.0
448,-80.0,-206.11542731880104,4.0,7.0,7.0
449,-68.0,-206.11542731880104,4.0,7.0,7.0
450,-56.0,-206.11542731880104,4.0,7.0,7.0
451,-44.0,-206.11542731880104,4.0,7.0,7.0
452,-32.0,-206.11542731880104,4.0,7.0,7.0
453,-20.0,-206.11542731880104,4.0,7.0,7.0
454,-8.0,-206.11542731880104,4.0,7.0,7.0
455,4.0,-206.11542731880104,4.0,7.0,7.0
456,16.0,-206.11542731880104,4.0,7.0,7.0
457,28.0,-206.11542731880104,4.0,7.0,7.0
458,40.0,-206.11542731880104,4.0,7.0,7.0
459,52.0,-206.11542731880104,4.0,7.0,7.0
460,64.0,-206.11542731880104,4.0,7.0,7.0
461,76.0,-206.11542731880104,4.0,7.0,7.0
462,88.0,-206.11542731880104,4.0,7.0,7.0
463,100.0,-206.11542731880104,4.0,7.0,7.0
464,112.0,-206.11542731880104,4.0,7.0,7.0
465,124.0,-206.11542731880104,4.0,7.0,7.0
466,136.0,-206.11542731880104,4.0,7.0,7.0
467,148.0,-206.11542731880104,4.0,7.0,7.0
468,160.0,-206.11542731880104,4.0,7.0,7.0
469,172.0,-206.11542731880104,4.0,7.0,7.0
470,184.0,-206.11542731880104,4.0,7.0,7.0
471,196.0,-206.11542731880104,4.0,7.0,7.0
472,208.0,-206.11542731880104,4.0,7.0,7.0
473,220.0,-206.11542731880104,4.0,7.0,7.0
474,232.0,-206.11542731880104,4.0,7.0,7.0
475,244.0,-206.11542731880104,4.0,7.0,7.0
476,256.0,-206.11542731880104,4.0,7.0,7.0
477,268.0,-206.11542731880104,4.0,7.0,7.0
478,280.0,-206.11542731880104,4.0,7.0,7.0
479,-290.0,-195.72312247338778,4.0,7.0,7.0
480,-278.0,-195.72312247338778,4.0,7.0,7.0
481,-266.0,-195.72312247338778,4.0,7.0,7.0
482,-254.0,-195.72312247338778,4.0,7.0,7.0
483,-242.0,-195.72312247338778,4.0,7.0,7.0
484,-230.0,-195.72312247338778,4.0,7.0,7.0
485,-218.0,-195.72312247338778,4.0,7.0,7.0
486,-206.0,-195.72312247338778,4.0,7.0,7.0
487,-194.0,-195.72312247338778,4.0,7.0,7.0
488,-182.0,-195.72312247338778,4.0,7.0,7.0
489,-170.0,-195.72312247338778,4.0,7.0,7.0
490,-158.0,-195.72312247338778,4.0,7.0,7.0
491,-146.0,-195.72312247338778,4.0,7.0,7.0
492,-134.0,-195.72312247338778,4.0,7.0,7.0
493,-122.0,-195.72312247338778,4.0,7.0,7.0
494,-110.0,-195.72312247338778,4.0,7.0,7.0
495,-98.0,-195.72312247338778,4.0,7.0,7.0
496,-86.0,-195.72312247338778,4.0,7.0,7.0
497,-74.0,-195.72312247338778,4.0,7.0,7.0
498,-62.0,-195.72312247338778,4.0,7.0,7.0
499,-50.0,-195.72312247338778,4.0,7.0,7.0
500,-38.0,-195.72312247338778,4.0,7.0,7.0
501,-26.0,-195.72312247338778,4.0,7.0,7.0
502,-14.0,-195.72312247338778,4.0,7.0,7.0
503,-2.0,-195.72312247338778,4.0,7.0,7.0
504,10.0,-195.72312247338778,4.0,7.0,7.0
505,22.0,-195.72312247338778,4.0,7.0,7.0
506,34.0,-195.72312247338778,4.0,7.0,7.0
507,46.0,-195.72312247338778,4.0,7.0,7.0
508,58.0,-195.72312247338778,4.0,7.0,7.0
509,70.0,-195.72312247338778,4.0,7.0,7.0
510,82.0,-195.72312247338778,4.0,7.0,7.0
511,94.0,-195.72312247338778,4.0,7.0,7.0
512,106.0,-195.72312247338778,4.0,7.0,7.0
513,118.0,-195.72312247338778,4.0,7.0,7.0
514,130.0,-195.72312247338778,4.0,7.0,7.0
515,142.0,-195.72312247338778,4.0,7.0,7.0
516,154.0,-195.72312247338778,4.0,7.0,7.0
517,166.0,-195.72312247338778,4.0,7.0,7.0
518,178.0,-195.72312247338778,4.0,7.0,7.0
519,190.0,-195.72312247338778,4.0,7.0,7.0
520,202.0,-195.72312247338778,4.0,7.0,7.0
521,214.0,-195.72312247338778,4.0,7.0,7.0
522,226.0,-195.72312247338778,4.0,7.0,7.0
523,238.0,-195.72312247338778,4.0,7.0,7.0
524,250.0,-195.72312247338778,4.0,7.0,7.0
525,262.0,-195.72312247338778,4.0,7.0,7.0
526,274.0,-195.72312247338778,4.0,7.0,7.0
527,286.0,-195.72312247338778,4.0,7.0,7.0
528,-296.0,-185.3308176279745,4.0,7.0,7.0
529,-284.0,-185.3308176279745,4.0,7.0,7.0
530,-272.0,-185.3308176279745,4.0,7.0,7.0
531,-260.0,-185.3308176279745,4.0,7.0,7.0
532,-248.0,-185.3308176279745,4.0,7.0,7.0
533,-236.0,-185.3308176279745,4.0,7.0,7.0
534,-224.0,-185.3308176279745,4.0,7.0,7.0
535,-212.0,-185.3308176279745,4.0,7.0,7.0
536,-200.0,-185.3308176279745,4.0,7.0,7.0
537,-188.0,-185.3308176279745,4.0,7.0,7.0
538,-176.0,-185.3308176279745,4.0,7.0,7.0
539,-164.0,-185.3308176279745,4.0,7.0,7.0
540,-152.0,-185.3308176279745,4.0,7.0,7.0
541,-140.0,-185.3308176279745,4.0,7.0,7.0
542,-128.0,-185.3308176279745,4.0,7.0,7.0
543,-116.0,-185.3308176279745,4.0,7.0,7.0
544,-104.0,-185.3308176279745,4.0,7.0,7.0
545,-92.0,-185.3308176279745,4.0,7.0,7.0
546,-80.0,-185.3308176279745,4.0,7.0,7.0
547,-68.0,-185.3308176279745,4.0,7.0,7.0
548,-56.0,-185.3308176279745,4.0,7.0,7.0
549,-44.0,-185.3308176279745,4.0,7.0,7.0
550,-32.0,-185.3308176279745,4.0,7.0,7.0
551,-20.0,-185.3308176279745,4.0,7.0,7.0
552,-8.0,-185.3308176279745,4.0,7.0,7.0
553,4.0,-185.3308176279745,4.0,7.0,7.0
554,16.0,-185.3308176279745,4.0,7.0,7.0
555,28.0,-185.3308176279745,4.0,7.0,7.0
556,40.0,-185.3308176279745,4.0,7.0,7.0
557,52.0,-185.3308176279745,4.0,7.0,7.0
558,64.0,-185.3308176279745,4.0,7.0,7.0
559,76.0,-185.3308176279745,4.0,7.0,7.0
560,88.0,-185.3308176279745,4.0,7.0,7.0
561,100.0,-185.3308176279745,4.0,7.0,7.0
562,112.0,-185.3308176279745,4.0,7.0,7.0
563,124.0,-185.3308176279745,4.0,7.0,7.0
564,136.0,-185.3308176279745,4.0,7.0,7.0
565,148.0,-185.3308176279745,4.0,7.0,7.0
566,160.0,-185.3308176279745,4.0,7.0,7.0
567,172.0,-185.3308176279745,4.0,7.0,7.0
568,184.0,-185.3308176279745,4.0,7.0,7.0
569,196.0,-185.3308176279745,4.0,7.0,7.0
570,208.0,-185.3308176279745,4.0,7.0,7.0
571,220.0,-185.3308176279745,4.0,7.0,7.0
572,232.0,-185.3308176279745,4.0,7.0,7.0
573,244.0,-185.3308176279745,4.0,7.0,7.0
574,256.0,-185.3308176279745,4.0,7.0,7.0
575,268.0,-185.3308176279745,4.0,7.0,7.0
576,280.0,-185.3308176279745,4.0,7.0,7.0
577,292.0,-185.3308176279745,4.0,7.0,7.0
578,-302.0,-174.93851278256125,4.0,7.0,7.0
579,-290.0,-174.93851278256125,4.0,7.0,7.0
580,-278.0,-174.93851278256125,4.0,7.0,7.0
581,-266.0,-174.93851278256125,4.0,7.0,7.0
582,-254.0,-174.93851278256125,4.0,7.0,7.0
583,-242.0,-174.93851278256125,4.0,7.0,7.0
584,-230.0,-174.93851278256125,4.0,7.0,7.0
585,-218.0,-174.93851278256125,4.0,7.0,7.0
586,-206.0,-174.93851278256125,4.0,7.0,7.0
587,-194.0,-174.93851278256125,4.0,7.0,7.0
588,-182.0,-174.93851278256125,4.0,7.0,7.0
589,-170.0,-174.93851278256125,4.0,7.0,7.0
590,-158.0,-174.93851278256125,4.0,7.0,7.0
591,-146.0,-174.93851278256125,4.0,7.0,7.0
592,-134.0,-174.93851278256125,4.0,7.0,7.0
593,-122.0,-174.93851278256125,4.0,7.0,7.0
594,-110.0,-174.93851278256125,4.0,7.0,7.0
595,-98.0,-174.93851278256125,4.0,7.0,7.0
596,-86.0,-174.93851278256125,4.0,7.0,7.0
597,-74.0,-174.93851278256125,4.0,7.0,7.0
598,-62.0,-174.93851278256125,4.0,7.0,7.0
599,-50.0,-174.93851278256125,4.0,7.0,7.0
600,-38.0,-174.93851278256125,4.0,7.0,7.0
601,-26.0,-174.93851278256125,4.0,7.0,7.0
602,-14.0,-174.93851278256125,4.0,7.0,7.0
603,-2.0,-174.93851278256125,4.0,7.0,7.0
604,10.0,-174.93851278256125,4.0,7.0,7.0
605,22.0,-174.93851278256125,4.0,7.0,7.0
606,34.0,-174.93851278256125,4.0,7.0,7.0
607,46.0,-174.93851278256125,4.0,7.0,7.0
608,58.0,-174.93851278256125,4.0,7.0,7.0
609,70.0,-174.93851278256125,4.0,7.0,7.0
610,82.0,-174.93851278256125,4.0,7.0,7.0
611,94.0,-174.93851278256125,4.0,7.0,7.0
612,106.0,-174.93851278256125,4.0,7.0,7.0
613,118.0,-174.93851278256125,4.0,7.0,7.0
614,130.0,-174.93851278256125,4.0,7.0,7.0
615,142.0,-174.93851278256125,4.0,7.0,7.0
616,154.0,-174.93851278256125,4.0,7.0,7.0
617,166.0,-174.93851278256125,4.0,7.0,7.0
618,178.0,-174.93851278256125,4.0,7.0,7.0
619,190.0,-174.93851278256125,4.0,7.0,7.0
620,202.0,-174.93851278256125,4.0,7.0,7.0
621,214.0,-174.93851278256125,4.0,7.0,7.0
622,226.0,-174.93851278256125,4.0,7.0,7.0
623,238.0,-174.93851278256125,4.0,7.0,7.0
624,250.0,-174.93851278256125,4.0,7.0,7.0
625,262.0,-174.93851278256125,4.0,7.0,7.0
626,274.0,-174.93851278256125,4.0,7.0,7.0
627,286.0,-174.93851278256125,4.0,7.0,7.0
628,298.0,-174.93851278256125,4.0,7.0,7.0
629,-308.0,-164.54620793714798,4.0,7.0,7.0
630,-296.0,-164.54620793714798,4.0,7.0,7.0
631,-284.0,-164.54620793714798,4.0,7.0,7.0
632,-272.0,-164.54620793714798,4.0,7.0,7.0
633,-260.0,-164.54620793714798,4.0,7.0,7.0
634,-248.0,-164.54620793714798,4.0,7.0,7.0
635,-236.0,-164.54620793714798,4.0,7.0,7.0
636,-224.0,-164.54620793714798,4.0,7.0,7.0
637,-212.0,-164.54620793714798,4.0,7.0,7.0
638,-200.0,-164.54620793714798,4.0,7.0,7.0
639,-188.0,-164.54620793714798,4.0,7.0,7.0
640,-176.0,-164.54620793714798,4.0,7.0,7.0
641,-164.0,-164.54620793714798,4.0,7.0,7.0
642,-152.0,-164.54620793714798,4.0,7.0,7.0
643,-140.0,-164.54620793714798,4.0,7.0,7.0
644,-128.0,-164.54620793714798,4.0,7.0,7.0
645,-116.0,-164.54620793714798,4.0,7.0,7.0
646,-104.0,-164.54620793714798,4.0,7.0,7.0
647,-92.0,-164.54620793714798,4.0,7.0,7.0
648,-80.0,-164.54620793714798,4.0,7.0,7.0
649,-68.0,-164.54620793714798,4.0,7.0,7.0
650,-56.0,-164.54620793714798,4.0,7.0,7.0
651,-44.0,-164.54620793714798,4.0,7.0,7.0
652,-32.0,-164.54620793714798,4.0,7.0,7.0
653,-20.0,-164.54620793714798,4.0,7.0,7.0
654,-8.0,-164.54620793714798,4.0,7.0,7.0
655,4.0,-164.54620793714798,4.0,7.0,7.0
656,16.0,-164.54620793714798,4.0,7.0,7.0
657,28.0,-164.54620793714798,4.0,7.0,7.0
658,40.0,-164.54620793714798,4.0,7.0,7.0
659,52.0,-164.54620793714798,4.0,7.0,7.0
660,64.0,-164.54620793714798,4.0,7.0,7.0
661,76.0,-164.54620793714798,4.0,7.0,7.0
662,88.0,-164.54620793714798,4.0,7.0,7.0
663,100.0,-164.54620793714798,4.0,7.0,7.0
664,112.0,-164.54620793714798,4.0,7.0,7.0
665,124.0,-164.54620793714798,4.0,7.0,7.0
666,136.0,-164.54620793714798,4.0,7.0,7.0
667,148.0,-164.54620793714798,4.0,7.0,7.0
668,160.0,-164.54620793714798,4.0,7.0,7.0
669,172.0,-164.54620793714798,4.0,7.0,7.0
670,184.0,-164.54620793714798,4.0,7.0,7.0
671,196.0,-164.54620793714798,4.0,7.0,7.0
672,208.0,-164.54620793714798,4.0,7.0,7.0
673,220.0,-164.54620793714798,4.0,7.0,7.0
674,232.0,-164.54620793714798,4.0,7.0,7.0
675,244.0,-164.54620793714798,4.0,7.0,7.0
676,256.0,-164.54620793714798,4.0,7.0,7.0
677,268.0,-164.54620793714798,4.0,7.0,7.0
678,280.0,-164.54620793714798,4.0,7.0,7.0
679,292.0,-164.54620793714798,4.0,7.0,7.0
680,304.0,-164.54620793714798,4.0,7.0,7.0
681,-314.0,-154.15390309173472,4.0,7.0,7.0
682,-302.0,-154.15390309173472,4.0,7.0,7.0
683,-290.0,-154.15390309173472,4.0,7.0,7.0
684,-278.0,-154.15390309173472,4.0,7.0,7.0
685,-266.0,-154.15390309173472,4.0,7.0,7.0
686,-254.0,-154.15390309173472,4.0,7.0,7.0
687,-242.0,-154.15390309173472,4.0,7.0,7.0
688,-230.0,-154.15390309173472,4.0,7.0,7.0
689,-218.0,-154.15390309173472,4.0,7.0,7.0
690,-206.0,-154.15390309173472,4.0,7.0,7.0
691,-194.0,-154.15390309173472,4.0,7.0,7.0
692,-182.0,-154.15390309173472,4.0,7.0,7.0
693,-170.0,-154.15390309173472,4.0,7.0,7.0
694,-158.0,-154.15390309173472,4.0,7.0,7.0
695,-146.0,-154.15390309173472,4.0,7.0,7.0
696,-134.0,-154.15390309173472,4.0,7.0,7.0
697,-122.0,-154.15390309173472,4.0,7.0,7.0
698,-110.0,-154.15390309173472,4.0,7.0,7.0
699,-98.0,-154.15390309173472,4.0,7.0,7.0
700,-86.0,-154.15390309173472,4.0,7.0,7.0
701,-74.0,-154.15390309173472,4.0,7.0,7.0
702,-62.0,-154.15390309173472,4.0,7.0,7.0
703,-50.0,-154.15390309173472,4.0,7.0,7.0
704,-38.0,-154.15390309173472,4.0,7.0,7.0
705,-26.0,-154.15390309173472,4.0,7.0,7.0
706,-14.0,-154.15390309173472,4.0,7.0,7.0
707,-2.0,-154.15390309173472,4.0,7.0,7.0
708,10.0,-154.15390309173472,4.0,7.0,7.0
709,22.0,-154.15390309173472,4.0,7.0,7.0
710,34.0,-154.15390309173472,4.0,7.0,7.0
711,46.0,-154.15390309173472,4.0,7.0,7.0
712,58.0,-154.15390309173472,4.0,7.0,7.0
713,70.0,-154.15390309173472,4.0,7.0,7.0
714,82.0,-154.15390309173472,4.0,7.0,7.0
715,94.0,-154.15390309173472,4.0,7.0,7.0
716,106.0,-154.15390309173472,4.0,7.0,7.0
717,118.0,-154.15390309173472,4.0,7.0,7.0
718,130.0,-154.15390309173472,4.0,7.0,7.0
719,142.0,-154.15390309173472,4.0,7.0,7.0
720,154.0,-154.15390309173472,4.0,7.0,7.0
721,166.0,-154.15390309173472,4.0,7.0,7.0
722,178.0,-154.15390309173472,4.0,7.0,7.0
723,190.0,-154.15390309173472,4.0,7.0,7.0
724,202.0,-154.15390309173472,4.0,7.0,7.0
725,214.0,-154.15390309173472,4.0,7.0,7.0
726,226.0,-154.15390309173472,4.0,7.0,7.0
727,238.0,-154.15390309173472,4.0,7.0,7.0
728,250.0,-154.15390309173472,4.0,7.0,7.0
729,262.0,-154.15390309173472,4.0,7.0,7.0
730,274.0,-154.15390309173472,4.0,7.0,7.0
731,286.0,-154.15390309173472,4.0,7.0,7.0
732,298.0,-154.15390309173472,4.0,7.0,7.0
733,310.0,-154.15390309173472,4.0,7.0,7.0
734,-308.0,-143.76159824632146,4.0,7.0,7.0
735,-296.0,-143.76159824632146,4.0,7.0,7.0
736,-284.0,-143.76159824632146,4.0,7.0,7.0
737,-272.0,-143.76159824632146,4.0,7.0,7.0
738,-260.0,-143.76159824632146,4.0,7.0,7.0
739,-248.0,-143.76159824632146,4.0,7.0,7.0
740,-236.0,-143.76159824632146,4.0,7.0,7.0
741,-224.0,-143.76159824632146,4.0,7.0,7.0
742,-212.0,-143.76159824632146,4.0,7.0,7.0
743,-200.0,-143.76159824632146,4.0,7.0,7.0
744,-188.0,-143.76159824632146,4.0,7.0,7.0
745,-176.0,-143.76159824632146,4.0,7.0,7.0
746,-164.0,-143.76159824632146,4.0,7.0,7.0
747,-152.0,-143.76159824632146,4.0,7.0,7.0
748,-140.0,-143.76159824632146,4.0,7.0,7.0
749,-128.0,-143.76159824632146,4.0,7.0,7.0
750,-116.0,-143.76159824632146,4.0,7.0,7.0
751,-104.0,-143.76159824632146,4.0,7.0,7.0
752,-92.0,-143.76159824632146,4.0,7.0,7.0
753,-80.0,-143.76159824632146,4.0,7.0,7.0
754,-68.0,-143.76159824632146,4.0,7.0,7.0
755,-56.0,-143.76159824632146,4.0,7.0,7.0
756,-44.0,-143.76159824632146,4.0,7.0,7.0
757,-32.0,-143.76159824632146,4.0,7.0,7.0
758,-20.0,-143.76159824632146,4.0,7.0,7.0
759,-8.0,-143.76159824632146,4.0,7.0,7.0
760,4.0,-143.76159824632146,4.0,7.0,7.0
761,16.0,-143.76159824632146,4.0,7.0,7.0
762,28.0,-143.76159824632146,4.0,7.0,7.0
763,40.0,-143.76159824632146,4.0,7.0,7.0
764,52.0,-143.76159824632146,4.0,7.0,7.0
765,64.0,-143.76159824632146,4.0,7.0,7.0
766,76.0,-143.76159824632146,4.0,7.0,7.0
767,88.0,-143.76159824632146,4.0,7.0,7.0
768,100.0,-143.76159824632146,4.0,7.0,7.0
769,112.0,-143.76159824632146,4.0,7.0,7.0
770,124.0,-143.76159824632146,4.0,7.0,7.0
771,136.0,-143.76159824632146,4.0,7.0,7.0
772,148.0,-143.76159824632146,4.0,7.0,7.0
773,160.0,-143.76159824632146,4.0,7.0,7.0
774,172.0,-143.76159824632146,4.0,7.0,7.0
775,184.0,-143.76159824632146,4.0,7.0,7.0
776,196.0,-143.76159824632146,4.0,7.0,7.0
777,208.0,-143.76159824632146,4.0,7.0,7.0
778,220.0,-143.76159824632146,4.0,7.0,7.0
779,232.0,-143.76159824632146,4.0,7.0,7.0
780,244.0,-143.76159824632146,4.0,7.0,7.0
781,256.0,-143.76159824632146,4.0,7.0,7.0
782,268.0,-143.76159824632146,4.0,7.0,7.0
783,280.0,-143.76159824632146,4.0,7.0,7.0
784,292.0,-143.76159824632146,4.0,7.0,7.0
785,304.0,-143.76159824632146,4.0,7.0,7.0
786,316.0,-143.76159824632146,4.0,7.0,7.0
787,-314.0,-133.3692934009082,4.0,7.0,7.0
788,-302.0,-133.3692934009082,4.0,7.0,7.0
789,-290.0,-133.3692934009082,4.0,7.0,7.0
790,-278.0,-133.3692934009082,4.0,7.0,7.0
791,-266.0,-133.3692934009082,4.0,7.0,7.0
792,-254.0,-133.3692934009082,4.0,7.0,7.0
793,-242.0,-133.3692934009082,4.0,7.0,7.0
794,-230.0,-133.3692934009082,4.0,7.0,7.0
795,-218.0,-133.3692934009082,4.0,7.0,7.0
796,-206.0,-133.3692934009082,4.0,7.0,7.0
797,-194.0,-133.3692934009082,4.0,7.0,7.0
798,-182.0,-133.3692934009082,4.0,7.0,7.0
799,-170.0,-133.3692934009082,4.0,7.0,7.0
800,-158.0,-133.3692934009082,4.0,7.0,7.0
801,-146.0,-133.3692934009082,4.0,7.0,7.0
802,-134.0,-133.3692934009082,4.0,7.0,7.0
803,-122.0,-133.3692934009082,4.0,7.0,7.0
804,-110.0,-133.3692934009082,4.0,7.0,7.0
805,-98.0,-133.3692934009082,4.0,7.0,7.0
806,-86.0,-133.3692934009082,4.0,7.0,7.0
807,-74.0,-133.3692934009082,4.0,7.0,7.0
808,-62.0,-133.3692934009082,4.0,7.0,7.0
809,-50.0,-133.3692934009082,4.0,7.0,7.0
810,-38.0,-133.3692934009082,4.0,7.0,7.0
811,-26.0,-133.3692934009082,4.0,7.0,7.0
812,-14.0,-133.3692934009082,4.0,7.0,7.0
813,-2.0,-133.3692934009082,4.0,7.0,7.0
814,10.0,-133.3692934009082,4.0,7.0,7.0
815,22.0,-133.3692934009082,4.0,7.0,7.0
816,34.0,-133.3692934009082,4.0,7.0,7.0
817,46.0,-133.3692934009082,4.0,7.0,7.0
818,58.0,-133.3692934009082,4.0,7.0,7.0
819,70.0,-133.3692934009082,4.0,7.0,7.0
820,82.0,-133.3692934009082,4.0,7.0,7.0
821,94.0,-133.3692934009082,4.0,7.0,7.0
822,106.0,-133.3692934009082,4.0,7.0,7.0
823,118.0,-133.3692934009082,4.0,7.0,7.0
824,130.0,-133.3692934009082,4.0,7.0,7.0
825,142.0,-133.3692934009082,4.0,7.0,7.0
826,154.0,-133.3692934009082,4.0,7.0,7.0
827,166.0,-133.3692934009082,4.0,7.0,7.0
828,178.0,-133.3692934009082,4.0,7.0,7.0
829,190.0,-133.3692934009082,4.0,7.0,7.0
830,202.0,-133.3692934009082,4.0,7.0,7.0
831,214.0,-133.3692934009082,4.0,7.0,7.0
832,226.0,-133.3692934009082,4.0,7.0,7.0
833,238.0,-133.3692934009082,4.0,7.0,7.0
834,250.0,-133.3692934009082,4.0,7.0,7.0
835,262.0,-133.3692934009082,4.0,7.0,7.0
836,274.0,-133.3692934009082,4.0,7.0,7.0
837,286.0,-133.3692934009082,4.0,7.0,7.0
838,298.0,-133.3692934009082,4.0,7.0,7.0
839,310.0,-133.3692934009082,4.0,7.0,7.0
840,322.0,-133.3692934009082,4.0,7.0,7.0
841,-320.0,-122.97698855549493,4.0,7.0,7.0
842,-308.0,-122.97698855549493,4.0,7.0,7.0
843,-296.0,-122.97698855549493,4.0,7.0,7.0
844,-284.0,-122.97698855549493,4.0,7.0,7.0
845,-272.0,-122.97698855549493,4.0,7.0,7.0
846,-260.0,-122.97698855549493,4.0,7.0,7.0
847,-248.0,-122.97698855549493,4.0,7.0,7.0
848,-236.0,-122.97698855549493,4.0,7.0,7.0
849,-224.0,-122.97698855549493,4.0,7.0,7.0
850,-212.0,-122.97698855549493,4.0,7.0,7.0
851,-200.0,-122.97698855549493,4.0,7.0,7.0
852,-188.0,-122.97698855549493,4.0,7.0,7.0
853,-176.0,-122.97698855549493,4.0,7.0,7.0
854,-164.0,-122.97698855549493,4.0,7.0,7.0
855,-152.0,-122.97698855549493,4.0,7.0,7.0
856,-140.0,-122.97698855549493,4.0,7.0,7.0
857,-128.0,-122.97698855549493,4.0,7.0,7.0
858,-116.0,-122.97698855549493,4.0,7.0,7.0
859,-104.0,-122.97698855549493,4.0,7.0,7.0
860,-92.0,-122.97698855549493,4.0,7.0,7.0
861,-80.0,-122.97698855549493,4.0,7.0,7.0
862,-68.0,-122.97698855549493,4.0,7.0,7.0
863,-56.0,-122.97698855549493,4.0,7.0,7.0
864,-44.0,-122.97698855549493,4.0,7.0,7.0
865,-32.0,-122.97698855549493,4.0,7.0,7.0
866,-20.0,-122.97698855549493,4.0,7.0,7.0
867,-8.0,-122.97698855549493,4.0,7.0,7.0
868,4.0,-122.97698855549493,4.0,7.0,7.0
869,16.0,-122.97698855549493,4.0,7.0,7.0
870,28.0,-122.97698855549493,4.0,7.0,7.0
871,40.0,-122.97698855549493,4.0,7.0,7.0
872,52.0,-122.97698855549493,4.0,7.0,7.0
873,64.0,-122.97698855549493,4.0,7.0,7.0
874,76.0,-122.97698855549493,4.0,7.0,7.0
875,88.0,-122.97698855549493,4.0,7.0,7.0
876,100.0,-122.97698855549493,4.0,7.0,7.0
877,112.0,-122.97698855549493,4.0,7.0,7.0
878,124.0,-122.97698855549493,4.0,7.0,7.0
879,136.0,-122.97698855549493,4.0,7.0,7.0
880,148.0,-122.97698855549493,4.0,7.0,7.0
881,160.0,-122.97698855549493,4.0,7.0,7.0
882,172.0,-122.97698855549493,4.0,7.0,7.0
883,184.0,-122.97698855549493,4.0,7.0,7.0
884,196.0,-122.97698855549493,4.0,7.0,7.0
885,208.0,-122.97698855549493,4.0,7.0,7.0
886,220.0,-122.97698855549493,4.0,7.0,7.0
887,232.0,-122.97698855549493,4.0,7.0,7.0
888,244.0,-122.97698855549493,4.0,7.0,7.0
889,256.0,-122.97698855549493,4.0,7.0,7.0
890,268.0,-122.97698855549493,4.0,7.0,7.0
891,280.0,-122.97698855549493,4.0,7.0,7.0
892,292.0,-122.97698855549493,4.0,7.0,7.0
893,304.0,-122.97698855549493,4.0,7.0,7.0
894,316.0,-122.97698855549493,4.0,7.0,7.0
895,-326.0,-112.58468371008166,4.0,7.0,7.0
896,-314.0,-112.58468371008166,4.0,7.0,7.0
897,-302.0,-112.58468371008166,4.0,7.0,7.0
898,-290.0,-112.58468371008166,4.0,7.0,7.0
899,-278.0,-112.58468371008166,4.0,7.0,7.0
900,-266.0,-112.58468371008166,4.0,7.0,7.0
901,-254.0,-112.58468371008166,4.0,7.0,7.0
902,-242.0,-112.58468371008166,4.0,7.0,7.0
903,-230.0,-112.58468371008166,4.0,7.0,7.0
904,-218.0,-112.58468371008166,4.0,7.0,7.0
905,-206.0,-112.58468371008166,4.0,7.0,7.0
906,-194.0,-112.58468371008166,4.0,7.0,7.0
907,-182.0,-112.58468371008166,4.0,7.0,7.0
908,-170.0,-112.58468371008166,4.0,7.0,7.0
909,-158.0,-112.58468371008166,4.0,7.0,7.0
910,-146.0,-112.58468371008166,4.0,7.0,7.0
911,-134.0,-112.58468371008166,4.0,7.0,7.0
912,-122.0,-112.58468371008166,4.0,7.0,7.0
913,-110.0,-112.58468371008166,4.0,7.0,7.0
914,-98.0,-112.58468371008166,4.0,7.0,7.0
915,-86.0,-112.58468371008166,4.0,7.0,7.0
916,-74.0,-112.58468371008166,4.0,7.0,7.0
917,-62.0,-112.58468371008166,4.0,7.0,7.0
918,-50.0,-112.58468371008166,4.0,7.0,7.0
919,-38.0,-112.58468371008166,4.0,7.0,7.0
920,-26.0,-112.58468371008166,4.0,7.0,7.0
921,-14.0,-112.58468371008166,4.0,7.0,7.0
922,-2.0,-112.58468371008166,4.0,7.0,7.0
923,10.0,-112.58468371008166,4.0,7.0,7.0
924,22.0,-112.58468371008166,4.0,7.0,7.0
925,34.0,-112.58468371008166,4.0,7.0,7.0
926,46.0,-112.58468371008166,4.0,7.0,7.0
927,58.0,-112.58468371008166,4.0,7.0,7.0
928,70.0,-112.58468371008166,4.0,7.0,7.0
929,82.0,-112.58468371008166,4.0,7.0,7.0
930,94.0,-112.58468371008166,4.0,7.0,7.0
931,106.0,-112.58468371008166,4.0,7.0,7.0
932,118.0,-112.58468371008166,4.0,7.0,7.0
933,130.0,-112.58468371008166,4.0,7.0,7.0
934,142.0,-112.58468371008166,4.0,7.0,7.0
935,154.0,-112.58468371008166,4.0,7.0,7.0
936,166.0,-112.58468371008166,4.0,7.0,7.0
937,178.0,-112.58468371008166,4.0,7.0,7.0
938,190.0,-112.58468371008166,4.0,7.0,7.0
939,202.0,-112.58468371008166,4.0,7.0,7.0
940,214.0,-112.58468371008166,4.0,7.0,7.0
941,226.0,-112.58468371008166,4.0,7.0,7.0
942,238.0,-112.58468371008166,4.0,7.0,7.0
943,250.0,-112.58468371008166,4.0,7.0,7.0
944,262.0,-112.58468371008166,4.0,7.0,7.0
945,274.0,-112.58468371008166,4.0,7.0,7.0
946,286.0,-112.58468371008166,4.0,7.0,7.0
947,298.0,-112.58468371008166,4.0,7.0,7.0
948,310.0,-112.58468371008166,4.0,7.0,7.0
949,322.0,-112.58468371008166,4.0,7.0,7.0
950,-332.0,-102.1923788646684,4.0,7.0,7.0
951,-320.0,-102.1923788646684,4.0,7.0,7.0
952,-308.0,-102.1923788646684,4.0,7.0,7.0
953,-296.0,-102.1923788646684,4.0,7.0,7.0
954,-284.0,-102.1923788646684,4.0,7.0,7.0
955,-272.0,-102.1923788646684,4.0,7.0,7.0
956,-260.0,-102.1923788646684,4.0,7.0,7.0
957,-248.0,-102.1923788646684,4.0,7.0,7.0
958,-236.0,-102.1923788646684,4.0,7.0,7.0
959,-224.0,-102.1923788646684,4.0,7.0,7.0
960,-212.0,-102.1923788646684,4.0,7.0,7.0
961,-200.0,-102.1923788646684,4.0,7.0,7.0
962,-188.0,-102.1923788646684,4.0,7.0,7.0
963,-176.0,-102.1923788646684,4.0,7.0,7.0
964,-164.0,-102.1923788646684,4.0,7.0,7.0
965,-152.0,-102.1923788646684,4.0,7.0,7.0
966,-140.0,-102.1923788646684,4.0,7.0,7.0
967,-128.0,-102.1923788646684,4.0,7.0,7.0
968,-116.0,-102.1923788646684,4.0,7.0,7.0
969,-104.0,-102.1923788646684,4.0,7.0,7.0
970,-92.0,-102.1923788646684,4.0,7.0,7.0
971,-80.0,-102.1923788646684,4.0,7.0,7.0
972,-68.0,-102.1923788646684,4.0,7.0,7.0
973,-56.0,-102.1923788646684,4.0,7.0,7.0
974,-44.0,-102.1923788646684,4.0,7.0,7.0
975,-32.0,-102.1923788646684,4.0,7.0,7.0
976,-20.0,-102.1923788646684,4.0,7.0,7.0
977,-8.0,-102.1923788646684,4.0,7.0,7.0
978,4.0,-102.1923788646684,4.0,7.0,7.0
979,16.0,-102.1923788646684,4.0,7.0,7.0
980,28.0,-102.1923788646684,4.0,7.0,7.0
981,40.0,-102.1923788646684,4.0,7.0,7.0
982,52.0,-102.1923788646684,4.0,7.0,7.0
983,64.0,-102.1923788646684,4.0,7.0,7.0
984,76.0,-102.1923788646684,4.0,7.0,7.0
985,88.0,-102.1923788646684,4.0,7.0,7.0
986,100.0,-102.1923788646684,4.0,7.0,7.0
987,112.0,-102.1923788646684,4.0,7.0,7.0
988,124.0,-102.1923788646684,4.0,7.0,7.0
989,136.0,-102.1923788646684,4.0,7.0,7.0
990,148.0,-102.1923788646684,4.0,7.0,7.0
991,160.0,-102.1923788646684,4.0,7.0,7.0
992,172.0,-102.1923788646684,4.0,7.0,7.0
993,184.0,-102.1923788646684,4.0,7.0,7.0
994,196.0,-102.1923788646684,4.0,7.0,7.0
995,208.0,-102.1923788646684,4.0,7.0,7.0
996,220.0,-102.1923788646684,4.0,7.0,7.0
997,232.0,-102.1923788646684,4.0,7.0,7.0
998,244.0,-102.1923788646684,4.0,7.0,7.0
999,256.0,-102.1923788646684,4.0,7.0,7.0
1000,268.0,-102.1923788646684,4.0,7.0,7.0
1001,280.0,-102.1923788646684,4.0,7.0,7.0
1002,292.0,-102.1923788646684,4.0,7.0,7.0
1003,304.0,-102.1923788646684,4.0,7.0,7.0
1004,316.0,-102.1923788646684,4.0,7.0,7.0
1005,328.0,-102.1923788646684,4.0,7.0,7.0
1006,-326.0,-91.80007401925513,4.0,7.0,7.0
1007,-314.0,-91.80007401925513,4.0,7.0,7.0
1008,-302.0,-91.80007401925513,4.0,7.0,7.0
1009,-290.0,-91.80007401925513,4.0,7.0,7.0
1010,-278.0,-91.80007401925513,4.0,7.0,7.0
1011,-266.0,-91.80007401925513,4.0,7.0,7.0
1012,-254.0,-91.80007401925513,4.0,7.0,7.0
1013,-242.0,-91.80007401925513,4.0,7.0,7.0
1014,-230.0,-91.80007401925513,4.0,7.0,7.0
1015,-218.0,-91.80007401925513,4.0,7.0,7.0
1016,-206.0,-91.80007401925513,4.0,7.0,7.0
1017,-194.0,-91.80007401925513,4.0,7.0,7.0
1018,-182.0,-91.80007401925513,4.0,7.0,7.0
1019,-170.0,-91.80007401925513,4.0,7.0,7.0
1020,-158.0,-91.80007401925513,4.0,7.0,7.0
1021,-146.0,-91.80007401925513,4.0,7.0,7.0
1022,-134.0,-91.80007401925513,4.0,7.0,7.0
1023,-122.0,-91.80007401925513,4.0,7.0,7.0
1024,-110.0,-91.80007401925513,4.0,7.0,7.0
1025,-98.0,-91.80007401925513,4.0,7.0,7.0
1026,-86.0,-91.80007401925513,4.0,7.0,7.0
1027,-74.0,-91.80007401925513,4.0,7.0,7.0
1028,-62.0,-91.80007401925513,4.0,7.0,7.0
1029,-50.0,-91.80007401925513,4.0,7.0,7.0
1030,46.0,-91.80007401925513,4.0,7.0,7.0
1031,58.0,-91.80007401925513,4.0,7.0,7.0
1032,70.0,-91.80007401925513,4.0,7.0,7.0
1033,82.0,-91.80007401925513,4.0,7.0,7.0
1034,94.0,-91.80007401925513,4.0,7.0,7.0
1035,106.0,-91.80007401925513,4.0,7.0,7.0
1036,118.0,-91.80007401925513,4.0,7.0,7.0
1037,130.0,-91.80007401925513,4.0,7.0,7.0
1038,142.0,-91.80007401925513,4.0,7.0,7.0
1039,154.0,-91.80007401925513,4.0,7.0,7.0
1040,166.0,-91.80007401925513,4.0,7.0,7.0
1041,178.0,-91.80007401925513,4.0,7.0,7.0
1042,190.0,-91.80007401925513,4.0,7.0,7.0
1043,202.0,-91.80007401925513,4.0,7.0,7.0
1044,214.0,-91.80007401925513,4.0,7.0,7.0
1045,226.0,-91.80007401925513,4.0,7.0,7.0
1046,238.0,-91.80007401925513,4.0,7.0,7.0
1047,250.0,-91.80007401925513,4.0,7.0,7.0
1048,262.0,-91.80007401925513,4.0,7.0,7.0
1049,274.0,-91.80007401925513,4.0,7.0,7.0
1050,286.0,-91.80007401925513,4.0,7.0,7.0
1051,298.0,-91.80007401925513,4.0,7.0,7.0
1052,310.0,-91.80007401925513,4.0,7.0,7.0
1053,322.0,-91.80007401925513,4.0,7.0,7.0
1054,334.0,-91.80007401925513,4.0,7.0,7.0
1055,-332.0,-81.40776917384187,4.0,7.0,7.0
1056,-320.0,-81.40776917384187,4.0,7.0,7.0
1057,-308.0,-81.40776917384187,4.0,7.0,7.0
1058,-296.0,-81.40776917384187,4.0,7.0,7.0
1059,-284.0,-81.40776917384187,4.0,7.0,7.0
1060,-272.0,-81.40776917384187,4.0,7.0,7.0
1061,-260.0,-81.40776917384187,4.0,7.0,7.0
1062,-248.0,-81.40776917384187,4.0,7.0,7.0
1063,-236.0,-81.40776917384187,4.0,7.0,7.0
1064,-224.0,-81.40776917384187,4.0,7.0,7.0
1065,-212.0,-81.40776917384187,4.0,7.0,7.0
1066,-200.0,-81.40776917384187,4.0,7.0,7.0
1067,-188.0,-81.40776917384187,4.0,7.0,7.0
1068,-176.0,-81.40776917384187,4.0,7.0,7.0
1069,-164.0,-81.40776917384187,4.0,7.0,7.0
1070,-152.0,-81.40776917384187,4.0,7.0,7.0
1071,-140.0,-81.40776917384187,4.0,7.0,7.0
1072,-128.0,-81.40776917384187,4.0,7.0,7.0
1073,-116.0,-81.40776917384187,4.0,7.0,7.0
1074,-104.0,-81.40776917384187,4.0,7.0,7.0
1075,-92.0,-81.40776917384187,4.0,7.0,7.0
1076,-80.0,-81.40776917384187,4.0,7.0,7.0
1077,-68.0,-81.40776917384187,4.0,7.0,7.0
1078,64.0,-81.40776917384187,4.0,7.0,7.0
1079,76.0,-81.40776917384187,4.0,7.0,7.0
1080,88.0,-81.40776917384187,4.0,7.0,7.0
1081,100.0,-81.40776917384187,4.0,7.0,7.0
1082,112.0,-81.40776917384187,4.0,7.0,7.0
1083,124.0,-81.40776917384187,4.0,7.0,7.0
1084,136.0,-81.40776917384187,4.0,7.0,7.0
1085,148.0,-81.40776917384187,4.0,7.0,7.0
1086,160.0,-81.40776917384187,4.0,7.0,7.0
1087,172.0,-81.40776917384187,4.0,7.0,7.0
1088,184.0,-81.40776917384187,4.0,7.0,7.0
1089,196.0,-81.40776917384187,4.0,7.0,7.0
1090,208.0,-81.40776917384187,4.0,7.0,7.0
1091,220.0,-81.40776917384187,4.0,7.0,7.0
1092,232.0,-81.40776917384187,4.0,7.0,7.0
1093,244.0,-81.40776917384187,4.0,7.0,7.0
1094,256.0,-81.40776917384187,4.0,7.0,7.0
1095,268.0,-81.40776917384187,4.0,7.0,7.0
1096,280.0,-81.40776917384187,4.0,7.0,7.0
1097,292.0,-81.40776917384187,4.0,7.0,7.0
1098,304.0,-81.40776917384187,4.0,7.0,7.0
1099,316.0,-81.40776917384187,4.0,7.0,7.0
1100,328.0,-81.40776917384187,4.0,7.0,7.0
1101,340.0,-81.40776917384187,4.0,7.0,7.0
1102,-338.0,-71.0154643284286,4.0,7.0,7.0
1103,-326.0,-71.0154643284286,4.0,7.0,7.0
1104,-314.0,-71.0154643284286,4.0,7.0,7.0
1105,-302.0,-71.0154643284286,4.0,7.0,7.0
1106,-290.0,-71.0154643284286,4.0,7.0,7.0
1107,-278.0,-71.0154643284286,4.0,7.0,7.0
1108,-266.0,-71.0154643284286,4.0,7.0,7.0
1109,-254.0,-71.0154643284286,4.0,7.0,7.0
1110,-242.0,-71.0154643284286,4.0,7.0,7.0
1111,-230.0,-71.0154643284286,4.0,7.0,7.0
1112,-218.0,-71.0154643284286,4.0,7.0,7.0
1113,-206.0,-71.0154643284286,4.0,7.0,7.0
1114,-194.0,-71.0154643284286,4.0,7.0,7.0
1115,-182.0,-71.0154643284286,4.0,7.0,7.0
1116,-170.0,-71.0154643284286,4.0,7.0,7.0
1117,-158.0,-71.0154643284286,4.0,7.0,7.0
1118,-146.0,-71.0154643284286,4.0,7.0,7.0
1119,-134.0,-71.0154643284286,4.0,7.0,7.0
1120,-122.0,-71.0154643284286,4.0,7.0,7.0
1121,-110.0,-71.0154643284286,4.0,7.0,7.0
1122,-98.0,-71.0154643284286,4.0,7.0,7.0
1123,-86.0,-71.0154643284286,4.0,7.0,7.0
1124,-74.0,-71.0154643284286,4.0,7.0,7.0
1125,82.0,-71.0154643284286,4.0,7.0,7.0
1126,94.0,-71.0154643284286,4.0,7.0,7.0
1127,106.0,-71.0154643284286,4.0,7.0,7.0
1128,118.0,-71.0154643284286,4.0,7.0,7.0
1129,130.0,-71.0154643284286,4.0,7.0,7.0
1130,142.0,-71.0154643284286,4.0,7.0,7.0
1131,154.0,-71.0154643284286,4.0,7.0,7.0
1132,166.0,-71.0154643284286,4.0,7.0,7.0
1133,178.0,-71.0154643284286,4.0,7.0,7.0
1134,190.0,-71.0154643284286,4.0,7.0,7.0
1135,202.0,-71.0154643284286,4.0,7.0,7.0
1136,214.0,-71.0154643284286,4.0,7.0,7.0
1137,226.0,-71.0154643284286,4.0,7.0,7.0
1138,238.0,-71.0154643284286,4.0,7.0,7.0
1139,250.0,-71.0154643284286,4.0,7.0,7.0
1140,262.0,-71.0154643284286,4.0,7.0,7.0
1141,274.0,-71.0154643284286,4.0,7.0,7.0
1142,286.0,-71.0154643284286,4.0,7.0,7.0
1143,298.0,-71.0154643284286,4.0,7.0,7.0
1144,310.0,-71.0154643284286,4.0,7.0,7.0
1145,322.0,-71.0154643284286,4.0,7.0,7.0
1146,334.0,-71.0154643284286,4.0,7.0,7.0
1147,-344.0,-60.62315948301534,4.0,7.0,7.0
1148,-332.0,-60.62315948301534,4.0,7.0,7.0
1149,-320.0,-60.62315948301534,4.0,7.0,7.0
1150,-308.0,-60.62315948301534,4.0,7.0,7.0
1151,-296.0,-60.62315948301534,4.0,7.0,7.0
1152,-284.0,-60.62315948301534,4.0,7.0,7.0
1153,-272.0,-60.62315948301534,4.0,7.0,7.0
1154,-260.0,-60.62315948301534,4.0,7.0,7.0
1155,-248.0,-60.62315948301534,4.0,7.0,7.0
1156,-236.0,-60.62315948301534,4.0,7.0,7.0
1157,-224.0,-60.62315948301534,4.0,7.0,7.0
1158,-212.0,-60.62315948301534,4.0,7.0,7.0
1159,-200.0,-60.62315948301534,4.0,7.0,7.0
1160,-188.0,-60.62315948301534,4.0,7.0,7.0
1161,-176.0,-60.62315948301534,4.0,7.0,7.0
1162,-164.0,-60.62315948301534,4.0,7.0,7.0
1163,-152.0,-60.62315948301534,4.0,7.0,7.0
1164,-140.0,-60.62315948301534,4.0,7.0,7.0
1165,-128.0,-60.62315948301534,4.0,7.0,7.0
1166,-116.0,-60.62315948301534,4.0,7.0,7.0
1167,-104.0,-60.62315948301534,4.0,7.0,7.0
1168,-92.0,-60.62315948301534,4.0,7.0,7.0
1169,-80.0,-60.62315948301534,4.0,7.0,7.0
1170,88.0,-60.62315948301534,4.0,7.0,7.0
1171,100.0,-60.62315948301534,4.0,7.0,7.0
1172,112.0,-60.62315948301534,4.0,7.0,7.0
1173,124.0,-60.62315948301534,4.0,7.0,7.0
1174,136.0,-60.62315948301534,4.0,7.0,7.0
1175,148.0,-60.62315948301534,4.0,7.0,7.0
1176,160.0,-60.62315948301534,4.0,7.0,7.0
1177,172.0,-60.62315948301534,4.0,7.0,7.0
1178,184.0,-60.62315948301534,4.0,7.0,7.0
1179,196.0,-60.62315948301534,4.0,7.0,7.0
1180,208.0,-60.62315948301534,4.0,7.0,7.0
1181,220.0,-60.62315948301534,4.0,7.0,7.0
1182,232.0,-60.62315948301534,4.0,7.0,7.0
1183,244.0,-60.62315948301534,4.0,7.0,7.0
1184,256.0,-60.62315948301534,4.0,7.0,7.0
1185,268.0,-60.62315948301534,4.0,7.0,7.0
1186,280.0,-60.62315948301534,4.0,7.0,7.0
1187,292.0,-60.62315948301534,4.0,7.0,7.0
1188,304.0,-60.62315948301534,4.0,7.0,7.0
1189,316.0,-60.62315948301534,4.0,7.0,7.0
1190,328.0,-60.62315948301534,4.0,7.0,7.0
1191,340.0,-60.62315948301534,4.0,7.0,7.0
1192,-338.0,-50.23085463760208,4.0,7.0,7.0
1193,-326.0,-50.23085463760208,4.0,7.0,7.0
1194,-314.0,-50.23085463760208,4.0,7.0,7.0
1195,-302.0,-50.23085463760208,4.0,7.0,7.0
1196,-290.0,-50.23085463760208,4.0,7.0,7.0
1197,-278.0,-50.23085463760208,4.0,7.0,7.0
1198,-266.0,-50.23085463760208,4.0,7.0,7.0
1199,-254.0,-50.23085463760208,4.0,7.0,7.0
1200,-242.0,-50.23085463760208,4.0,7.0,7.0
1201,-230.0,-50.23085463760208,4.0,7.0,7.0
1202,-218.0,-50.23085463760208,4.0,7.0,7.0
1203,-206.0,-50.23085463760208,4.0,7.0,7.0
1204,-194.0,-50.23085463760208,4.0,7.0,7.0
1205,-182.0,-50.23085463760208,4.0,7.0,7.0
1206,-170.0,-50.23085463760208,4.0,7.0,7.0
1207,-158.0,-50.23085463760208,4.0,7.0,7.0
1208,-146.0,-50.23085463760208,4.0,7.0,7.0
1209,-134.0,-50.23085463760208,4.0,7.0,7.0
1210,-122.0,-50.23085463760208,4.0,7.0,7.0
1211,-110.0,-50.23085463760208,4.0,7.0,7.0
1212,-98.0,-50.23085463760208,4.0,7.0,7.0
1213,94.0,-50.23085463760208,4.0,7.0,7.0
1214,106.0,-50.23085463760208,4.0,7.0,7.0
1215,118.0,-50.23085463760208,4.0,7.0,7.0
1216,130.0,-50.23085463760208,4.0,7.0,7.0
1217,142.0,-50.23085463760208,4.0,7.0,7.0
1218,154.0,-50.23085463760208,4.0,7.0,7.0
1219,166.0,-50.23085463760208,4.0,7.0,7.0
1220,178.0,-50.23085463760208,4.0,7.0,7.0
1221,190.0,-50.23085463760208,4.0,7.0,7.0
1222,202.0,-50.23085463760208,4.0,7.0,7.0
1223,214.0,-50.23085463760208,4.0,7.0,7.0
1224,226.0,-50.23085463760208,4.0,7.0,7.0
1225,238.0,-50.23085463760208,4.0,7.0,7.0
1226,250.0,-50.23085463760208,4.0,7.0,7.0
1227,262.0,-50.23085463760208,4.0,7.0,7.0
1228,274.0,-50.23085463760208,4.0,7.0,7.0
1229,286.0,-50.23085463760208,4.0,7.0,7.0
1230,298.0,-50.23085463760208,4.0,7.0,7.0
1231,310.0,-50.23085463760208,4.0,7.0,7.0
1232,322.0,-50.23085463760208,4.0,7.0,7.0
1233,334.0,-50.23085463760208,4.0,7.0,7.0
1234,346.0,-50.23085463760208,4.0,7.0,7.0
1235,-344.0,-39.838549792188815,4.0,7.0,7.0
1236,-332.0,-39.838549792188815,4.0,7.0,7.0
1237,-320.0,-39.838549792188815,4.0,7.0,7.0
1238,-308.0,-39.838549792188815,4.0,7.0,7.0
1239,-296.0,-39.838549792188815,4.0,7.0,7.0
1240,-284.0,-39.838549792188815,4.0,7.0,7.0
1241,-272.0,-39.838549792188815,4.0,7.0,7.0
1242,-260.0,-39.838549792188815,4.0,7.0,7.0
1243,-248.0,-39.838549792188815,4.0,7.0,7.0
1244,-236.0,-39.838549792188815,4.0,7.0,7.0
1245,-224.0,-39.838549792188815,4.0,7.0,7.0
1246,-212.0,-39.838549792188815,4.0,7.0,7.0
1247,-200.0,-39.838549792188815,4.0,7.0,7.0
1248,-188.0,-39.838549792188815,4.0,7.0,7.0
1249,-176.0,-39.838549792188815,4.0,7.0,7.0
1250,-164.0,-39.838549792188815,4.0,7.0,7.0
1251,-152.0,-39.838549792188815,4.0,7.0,7.0
1252,-140.0,-39.838549792188815,4.0,7.0,7.0
1253,-128.0,-39.838549792188815,4.0,7.0,7.0
1254,-116.0,-39.838549792188815,4.0,7.0,7.0
1255,-104.0,-39.838549792188815,4.0,7.0,7.0
1256,-92.0,-39.838549792188815,4.0,7.0,7.0
1257,100.0,-39.838549792188815,4.0,7.0,7.0
1258,112.0,-39.838549792188815,4.0,7.0,7.0
1259,124.0,-39.838549792188815,4.0,7.0,7.0
1260,136.0,-39.838549792188815,4.0,7.0,7.0
1261,148.0,-39.838549792188815,4.0,7.0,7.0
1262,160.0,-39.838549792188815,4.0,7.0,7.0
1263,172.0,-39.838549792188815,4.0,7.0,7.0
1264,184.0,-39.838549792188815,4.0,7.0,7.0
1265,196.0,-39.838549792188815,4.0,7.0,7.0
1266,208.0,-39.838549792188815,4.0,7.0,7.0
1267,220.0,-39.838549792188815,4.0,7.0,7.0
1268,232.0,-39.838549792188815,4.0,7.0,7.0
1269,244.0,-39.838549792188815,4.0,7.0,7.0
1270,256.0,-39.838549792188815,4.0,7.0,7.0
1271,268.0,-39.838549792188815,4.0,7.0,7.0
1272,280.0,-39.838549792188815,4.0,7.0,7.0
1273,292.0,-39.838549792188815,4.0,7.0,7.0
1274,304.0,-39.838549792188815,4.0,7.0,7.0
1275,316.0,-39.838549792188815,4.0,7.0,7.0
1276,328.0,-39.838549792188815,4.0,7.0,7.0
1277,340.0,-39.838549792188815,4.0,7.0,7.0
1278,-338.0,-29.44624494677555,4.0,7.0,7.0
1279,-326.0,-29.44624494677555,4.0,7.0,7.0
1280,-314.0,-29.44624494677555,4.0,7.0,7.0
1281,-302.0,-29.44624494677555,4.0,7.0,7.0
1282,-290.0,-29.44624494677555,4.0,7.0,7.0
1283,-278.0,-29.44624494677555,4.0,7.0,7.0
1284,-266.0,-29.44624494677555,4.0,7.0,7.0
1285,-254.0,-29.44624494677555,4.0,7.0,7.0
1286,-242.0,-29.44624494677555,4.0,7.0,7.0
1287,-230.0,-29.44624494677555,4.0,7.0,7.0
1288,-218.0,-29.44624494677555,4.0,7.0,7.0
1289,-206.0,-29.44624494677555,4.0,7.0,7.0
1290,-194.0,-29.44624494677555,4.0,7.0,7.0
1291,-182.0,-29.44624494677555,4.0,7.0,7.0
1292,-170.0,-29.44624494677555,4.0,7.0,7.0
1293,-158.0,-29.44624494677555,4.0,7.0,7.0
1294,-146.0,-29.44624494677555,4.0,7.0,7.0
1295,-134.0,-29.44624494677555,4.0,7.0,7.0
1296,-122.0,-29.44624494677555,4.0,7.0,7.0
1297,-110.0,-29.44624494677555,4.0,7.0,7.0
1298,-98.0,-29.44624494677555,4.0,7.0,7.0
1299,106.0,-29.44624494677555,4.0,7.0,7.0
1300,118.0,-29.44624494677555,4.0,7.0,7.0
1301,130.0,-29.44624494677555,4.0,7.0,7.0
1302,142.0,-29.44624494677555,4.0,7.0,7.0
1303,154.0,-29.44624494677555,4.0,7.0,7.0
1304,166.0,-29.44624494677555,4.0,7.0,7.0
1305,178.0,-29.44624494677555,4.0,7.0,7.0
1306,190.0,-29.44624494677555,4.0,7.0,7.0
1307,202.0,-29.44624494677555,4.0,7.0,7.0
1308,214.0,-29.44624494677555,4.0,7.0,7.0
1309,226.0,-29.44624494677555,4.0,7.0,7.0
1310,238.0,-29.44624494677555,4.0,7.0,7.0
1311,250.0,-29.44624494677555,4.0,7.0,7.0
1312,262.0,-29.44624494677555,4.0,7.0,7.0
1313,274.0,-29.44624494677555,4.0,7.0,7.0
1314,286.0,-29.44624494677555,4.0,7.0,7.0
1315,298.0,-29.44624494677555,4.0,7.0,7.0
1316,310.0,-29.44624494677555,4.0,7.0,7.0
1317,322.0,-29.44624494677555,4.0,7.0,7.0
1318,334.0,-29.44624494677555,4.0,7.0,7.0
1319,346.0,-29.44624494677555,4.0,7.0,7.0
1320,-344.0,-19.053940101362286,4.0,7.0,7.0
1321,-332.0,-19.053940101362286,4.0,7.0,7.0
1322,-320.0,-19.053940101362286,4.0,7.0,7.0
1323,-308.0,-19.053940101362286,4.0,7.0,7.0
1324,-296.0,-19.053940101362286,4.0,7.0,7.0
1325,-284.0,-19.053940101362286,4.0,7.0,7.0
1326,-272.0,-19.053940101362286,4.0,7.0,7.0
1327,-260.0,-19.053940101362286,4.0,7.0,7.0
1328,-248.0,-19.053940101362286,4.0,7.0,7.0
1329,-236.0,-19.053940101362286,4.0,7.0,7.0
1330,-224.0,-19.053940101362286,4.0,7.0,7.0
1331,-212.0,-19.053940101362286,4.0,7.0,7.0
1332,-200.0,-19.053940101362286,4.0,7.0,7.0
1333,-188.0,-19.053940101362286,4.0,7.0,7.0
1334,-176.0,-19.053940101362286,4.0,7.0,7.0
1335,-164.0,-19.053940101362286,4.0,7.0,7.0
1336,-152.0,-19.053940101362286,4.0,7.0,7.0
1337,-140.0,-19.053940101362286,4.0,7.0,7.0
1338,-128.0,-19.053940101362286,4.0,7.0,7.0
1339,-116.0,-19.053940101362286,4.0,7.0,7.0
1340,-104.0,-19.053940101362286,4.0,7.0,7.0
1341,100.0,-19.053940101362286,4.0,7.0,7.0
1342,112.0,-19.053940101362286,4.0,7.0,7.0
1343,124.0,-19.053940101362286,4.0,7.0,7.0
1344,136.0,-19.053940101362286,4.0,7.0,7.0
1345,148.0,-19.053940101362286,4.0,7.0,7.0
1346,160.0,-19.053940101362286,4.0,7.0,7.0
1347,172.0,-19.053940101362286,4.0,7.0,7.0
1348,184.0,-19.053940101362286,4.0,7.0,7.0
1349,196.0,-19.053940101362286,4.0,7.0,7.0
1350,208.0,-19.053940101362286,4.0,7.0,7.0
1351,220.0,-19.053940101362286,4.0,7.0,7.0
1352,232.0,-19.053940101362286,4.0,7.0,7.0
1353,244.0,-19.053940101362286,4.0,7.0,7.0
1354,256.0,-19.053940101362286,4.0,7.0,7.0
1355,268.0,-19.053940101362286,4.0,7.0,7.0
1356,280.0,-19.053940101362286,4.0,7.0,7.0
1357,292.0,-19.053940101362286,4.0,7.0,7.0
1358,304.0,-19.053940101362286,4.0,7.0,7.0
1359,316.0,-19.053940101362286,4.0,7.0,7.0
1360,328.0,-19.053940101362286,4.0,7.0,7.0
1361,340.0,-19.053940101362286,4.0,7.0,7.0
1362,-338.0,-8.661635255949022,4.0,7.0,7.0
1363,-326.0,-8.661635255949022,4.0,7.0,7.0
1364,-314.0,-8.661635255949022,4.0,7.0,7.0
1365,-302.0,-8.661635255949022,4.0,7.0,7.0
1366,-290.0,-8.661635255949022,4.0,7.0,7.0
1367,-278.0,-8.661635255949022,4.0,7.0,7.0
1368,-266.0,-8.661635255949022,4.0,7.0,7.0
1369,-254.0,-8.661635255949022,4.0,7.0,7.0
1370,-242.0,-8.661635255949022,4.0,7.0,7.0
1371,-230.0,-8.661635255949022,4.0,7.0,7.0
1372,-218.0,-8.661635255949022,4.0,7.0,7.0
1373,-206.0,-8.661635255949022,4.0,7.0,7.0
1374,-194.0,-8.661635255949022,4.0,7.0,7.0
1375,-182.0,-8.661635255949022,4.0,7.0,7.0
1376,-170.0,-8.661635255949022,4.0,7.0,7.0
1377,-158.0,-8.661635255949022,4.0,7.0,7.0
1378,-146.0,-8.661635255949022,4.0,7.0,7.0
1379,-134.0,-8.661635255949022,4.0,7.0,7.0
1380,-122.0,-8.661635255949022,4.0,7.0,7.0
1381,-110.0,-8.661635255949022,4.0,7.0,7.0
1382,106.0,-8.661635255949022,4.0,7.0,7.0
1383,118.0,-8.661635255949022,4.0,7.0,7.0
1384,130.0,-8.661635255949022,4.0,7.0,7.0
1385,142.0,-8.661635255949022,4.0,7.0,7.0
1386,154.0,-8.661635255949022,4.0,7.0,7.0
1387,166.0,-8.661635255949022,4.0,7.0,7.0
1388,178.0,-8.661635255949022,4.0,7.0,7.0
1389,190.0,-8.661635255949022,4.0,7.0,7.0
1390,202.0,-8.661635255949022,4.0,7.0,7.0
1391,214.0,-8.661635255949022,4.0,7.0,7.0
1392,226.0,-8.661635255949022,4.0,7.0,7.0
1393,238.0,-8.661635255949022,4.0,7.0,7.0
1394,250.0,-8.661635255949022,4.0,7.0,7.0
1395,262.0,-8.661635255949022,4.0,7.0,7.0
1396,274.0,-8.661635255949022,4.0,7.0,7.0
1397,286.0,-8.661635255949022,4.0,7.0,7.0
1398,298.0,-8.661635255949022,4.0,7.0,7.0
1399,310.0,-8.661635255949022,4.0,7.0,7.0
1400,322.0,-8.661635255949022,4.0,7.0,7.0
1401,334.0,-8.661635255949022,4.0,7.0,7.0
1402,346.0,-8.661635255949022,4.0,7.0,7.0
1403,-344.0,1.7306695894642417,4.0,7.0,7.0
1404,-332.0,1.7306695894642417,4.0,7.0,7.0
1405,-320.0,1.7306695894642417,4.0,7.0,7.0
1406,-308.0,1.7306695894642417,4.0,7.0,7.0
1407,-296.0,1.7306695894642417,4.0,7.0,7.0
1408,-284.0,1.7306695894642417,4.0,7.0,7.0
1409,-272.0,1.7306695894642417,4.0,7.0,7.0
1410,-260.0,1.7306695894642417,4.0,7.0,7.0
1411,-248.0,1.7306695894642417,4.0,7.0,7.0
1412,-236.0,1.7306695894642417,4.0,7.0,7.0
1413,-224.0,1.7306695894642417,4.0,7.0,7.0
1414,-212.0,1.7306695894642417,4.0,7.0,7.0
1415,-200.0,1.7306695894642417,4.0,7.0,7.0
1416,-188.0,1.7306695894642417,4.0,7.0,7.0
1417,-176.0,1.7306695894642417,4.0,7.0,7.0
1418,-164.0,1.7306695894642417,4.0,7.0,7.0
1419,-152.0,1.7306695894642417,4.0,7.0,7.0
1420,-140.0,1.7306695894642417,4.0,7.0,7.0
1421,-128.0,1.7306695894642417,4.0,7.0,7.0
1422,-116.0,1.7306695894642417,4.0,7.0,7.0
1423,-104.0,1.7306695894642417,4.0,7.0,7.0
1424,100.0,1.7306695894642417,4.0,7.0,7.0
1425,112.0,1.7306695894642417,4.0,7.0,7.0
1426,124.0,1.7306695894642417,4.0,7.0,7.0
1427,136.0,1.7306695894642417,4.0,7.0,7.0
1428,148.0,1.7306695894642417,4.0,7.0,7.0
1429,160.0,1.7306695894642417,4.0,7.0,7.0
1430,172.0,1.7306695894642417,4.0,7.0,7.0
1431,184.0,1.7306695894642417,4.0,7.0,7.0
1432,196.0,1.7306695894642417,4.0,7.0,7.0
1433,208.0,1.7306695894642417,4.0,7.0,7.0
1434,220.0,1.7306695894642417,4.0,7.0,7.0
1435,232.0,1.7306695894642417,4.0,7.0,7.0
1436,244.0,1.7306695894642417,4.0,7.0,7.0
1437,256.0,1.7306695894642417,4.0,7.0,7.0
1438,268.0,1.7306695894642417,4.0,7.0,7.0
1439,280.0,1.7306695894642417,4.0,7.0,7.0
1440,292.0,1.7306695894642417,4.0,7.0,7.0
1441,304.0,1.7306695894642417,4.0,7.0,7.0
1442,316.0,1.7306695894642417,4.0,7.0,7.0
1443,328.0,1.7306695894642417,4.0,7.0,7.0
1444,340.0,1.7306695894642417,4.0,7.0,7.0
1445,-338.0,12.122974434877506,4.0,7.0,7.0
1446,-326.0,12.122974434877506,4.0,7.0,7.0
1447,-314.0,12.122974434877506,4.0,7.0,7.0
1448,-302.0,12.122974434877506,4.0,7.0,7.0
1449,-290.0,12.122974434877506,4.0,7.0,7.0
1450,-278.0,12.122974434877506,4.0,7.0,7.0
1451,-266.0,12.122974434877506,4.0,7.0,7.0
1452,-254.0,12.122974434877506,4.0,7.0,7.0
1453,-242.0,12.122974434877506,4.0,7.0,7.0
1454,-230.0,12.122974434877506,4.0,7.0,7.0
1455,-218.0,12.122974434877506,4.0,7.0,7.0
1456,-206.0,12.122974434877506,4.0,7.0,7.0
1457,-194.0,12.122974434877506,4.0,7.0,7.0
1458,-182.0,12.122974434877506,4.0,7.0,7.0
1459,-170.0,12.122974434877506,4.0,7.0,7.0
1460,-158.0,12.122974434877506,4.0,7.0,7.0
1461,-146.0,12.122974434877506,4.0,7.0,7.0
1462,-134.0,12.122974434877506,4.0,7.0,7.0
1463,-122.0,12.122974434877506,4.0,7.0,7.0
1464,-110.0,12.122974434877506,4.0,7.0,7.0
1465,106.0,12.122974434877506,4.0,7.0,7.0
1466,118.0,12.122974434877506,4.0,7.0,7.0
1467,130.0,12.122974434877506,4.0,7.0,7.0
1468,142.0,12.122974434877506,4.0,7.0,7.0
1469,154.0,12.122974434877506,4.0,7.0,7.0
1470,166.0,12.122974434877506,4.0,7.0,7.0
1471,178.0,12.122974434877506,4.0,7.0,7.0
1472,190.0,12.122974434877506,4.0,7.0,7.0
1473,202.0,12.122974434877506,4.0,7.0,7.0
1474,214.0,12.122974434877506,4.0,7.0,7.0
1475,226.0,12.122974434877506,4.0,7.0,7.0
1476,238.0,12.122974434877506,4.0,7.0,7.0
1477,250.0,12.122974434877506,4.0,7.0,7.0
1478,262.0,12.122974434877506,4.0,7.0,7.0
1479,274.0,12.122974434877506,4.0,7.0,7.0
1480,286.0,12.122974434877506,4.0,7.0,7.0
1481,298.0,12.122974434877506,4.0,7.0,7.0
1482,310.0,12.122974434877506,4.0,7.0,7.0
1483,322.0,12.122974434877506,4.0,7.0,7.0
1484,334.0,12.122974434877506,4.0,7.0,7.0
1485,346.0,12.122974434877506,4.0,7.0,7.0
1486,-344.0,22.51527928029077,4.0,7.0,7.0
1487,-332.0,22.51527928029077,4.0,7.0,7.0
1488,-320.0,22.51527928029077,4.0,7.0,7.0
1489,-308.0,22.51527928029077,4.0,7.0,7.0
1490,-296.0,22.51527928029077,4.0,7.0,7.0
1491,-284.0,22.51527928029077,4.0,7.0,7.0
1492,-272.0,22.51527928029077,4.0,7.0,7.0
1493,-260.0,22.51527928029077,4.0,7.0,7.0
1494,-248.0,22.51527928029077,4.0,7.0,7.0
1495,-236.0,22.51527928029077,4.0,7.0,7.0
1496,-224.0,22.51527928029077,4.0,7.0,7.0
1497,-212.0,22.51527928029077,4.0,7.0,7.0
1498,-200.0,22.51527928029077,4.0,7.0,7.0
1499,-188.0,22.51527928029077,4.0,7.0,7.0
1500,-176.0,22.51527928029077,4.0,7.0,7.0
1501,-164.0,22.51527928029077,4.0,7.0,7.0
1502,-152.0,22.51527928029077,4.0,7.0,7.0
1503,-140.0,22.51527928029077,4.0,7.0,7.0
1504,-128.0,22.51527928029077,4.0,7.0,7.0
1505,-116.0,22.51527928029077,4.0,7.0,7.0
1506,-104.0,22.51527928029077,4.0,7.0,7.0
1507,100.0,22.51527928029077,4.0,7.0,7.0
1508,112.0,22.51527928029077,4.0,7.0,7.0
1509,124.0,22.51527928029077,4.0,7.0,7.0
1510,136.0,22.51527928029077,4.0,7.0,7.0
1511,148.0,22.51527928029077,4.0,7.0,7.0
1512,160.0,22.51527928029077,4.0,7.0,7.0
1513,172.0,22.51527928029077,4.0,7.0,7.0
1514,184.0,22.51527928029077,4.0,7.0,7.0
1515,196.0,22.51527928029077,4.0,7.0,7.0
1516,208.0,22.51527928029077,4.0,7.0,7.0
1517,220.0,22.51527928029077,4.0,7.0,7.0
1518,232.0,22.51527928029077,4.0,7.0,7.0
1519,244.0,22.51527928029077,4.0,7.0,7.0
1520,256.0,22.51527928029077,4.0,7.0,7.0
1521,268.0,22.51527928029077,4.0,7.0,7.0
1522,280.0,22.51527928029077,4.0,7.0,7.0
1523,292.0,22.51527928029077,4.0,7.0,7.0
1524,304.0,22.51527928029077,4.0,7.0,7.0
1525,316.0,22.51527928029077,4.0,7.0,7.0
1526,328.0,22.51527928029077,4.0,7.0,7.0
1527,340.0,22.51527928029077,4.0,7.0,7.0
1528,-338.0,32.907584125704034,4.0,7.0,7.0
1529,-326.0,32.907584125704034,4.0,7.0,7.0
1530,-314.0,32.907584125704034,4.0,7.0,7.0
1531,-302.0,32.907584125704034,4.0,7.0,7.0
1532,-290.0,32.907584125704034,4.0,7.0,7.0
1533,-278.0,32.907584125704034,4.0,7.0,7.0
1534,-266.0,32.907584125704034,4.0,7.0,7.0
1535,-254.0,32.907584125704034,4.0,7.0,7.0
1536,-242.0,32.907584125704034,4.0,7.0,7.0
1537,-230.0,32.907584125704034,4.0,7.0,7.0
1538,-218.0,32.907584125704034,4.0,7.0,7.0
1539,-206.0,32.907584125704034,4.0,7.0,7.0
1540,-194.0,32.907584125704034,4.0,7.0,7.0
1541,-182.0,32.907584125704034,4.0,7.0,7.0
1542,-170.0,32.907584125704034,4.0,7.0,7.0
1543,-158.0,32.907584125704034,4.0,7.0,7.0
1544,-146.0,32.907584125704034,4.0,7.0,7.0
1545,-134.0,32.907584125704034,4.0,7.0,7.0
1546,-122.0,32.907584125704034,4.0,7.0,7.0
1547,-110.0,32.907584125704034,4.0,7.0,7.0
1548,-98.0,32.907584125704034,4.0,7.0,7.0
1549,106.0,32.907584125704034,4.0,7.0,7.0
1550,118.0,32.907584125704034,4.0,7.0,7.0
1551,130.0,32.907584125704034,4.0,7.0,7.0
1552,142.0,32.907584125704034,4.0,7.0,7.0
1553,154.0,32.907584125704034,4.0,7.0,7.0
1554,166.0,32.907584125704034,4.0,7.0,7.0
1555,178.0,32.907584125704034,4.0,7.0,7.0
1556,190.0,32.907584125704034,4.0,7.0,7.0
1557,202.0,32.907584125704034,4.0,7.0,7.0
1558,214.0,32.907584125704034,4.0,7.0,7.0
1559,226.0,32.907584125704034,4.0,7.0,7.0
1560,238.0,32.907584125704034,4.0,7.0,7.0
1561,250.0,32.907584125704034,4.0,7.0,7.0
1562,262.0,32.907584125704034,4.0,7.0,7.0
1563,274.0,32.907584125704034,4.0,7.0,7.0
1564,286.0,32.907584125704034,4.0,7.0,7.0
1565,298.0,32.907584125704034,4.0,7.0,7.0
1566,310.0,32.907584125704034,4.0,7.0,7.0
1567,322.0,32.907584125704034,4.0,7.0,7.0
1568,334.0,32.907584125704034,4.0,7.0,7.0
1569,346.0,32.907584125704034,4.0,7.0,7.0
1570,-344.0,43.2998889711173,4.0,7.0,7.0
1571,-332.0,43.2998889711173,4.0,7.0,7.0
1572,-320.0,43.2998889711173,4.0,7.0,7.0
1573,-308.0,43.2998889711173,4.0,7.0,7.0
1574,-296.0,43.2998889711173,4.0,7.0,7.0
1575,-284.0,43.2998889711173,4.0,7.0,7.0
1576,-272.0,43.2998889711173,4.0,7.0,7.0
1577,-260.0,43.2998889711173,4.0,7.0,7.0
1578,-248.0,43.2998889711173,4.0,7.0,7.0
1579,-236.0,43.2998889711173,4.0,7.0,7.0
1580,-224.0,43.2998889711173,4.0,7.0,7.0
1581,-212.0,43.2998889711173,4.0,7.0,7.0
1582,-200.0,43.2998889711173,4.0,7.0,7.0
1583,-188.0,43.2998889711173,4.0,7.0,7.0
1584,-176.0,43.2998889711173,4.0,7.0,7.0
1585,-164.0,43.2998889711173,4.0,7.0,7.0
1586,-152.0,43.2998889711173,4.0,7.0,7.0
1587,-140.0,43.2998889711173,4.0,7.0,7.0
1588,-128.0,43.2998889711173,4.0,7.0,7.0
1589,-116.0,43.2998889711173,4.0,7.0,7.0
1590,-104.0,43.2998889711173,4.0,7.0,7.0
1591,-92.0,43.2998889711173,4.0,7.0,7.0
1592,100.0,43.2998889711173,4.0,7.0,7.0
1593,112.0,43.2998889711173,4.0,7.0,7.0
1594,124.0,43.2998889711173,4.0,7.0,7.0
1595,136.0,43.2998889711173,4.0,7.0,7.0
1596,148.0,43.2998889711173,4.0,7.0,7.0
1597,160.0,43.2998889711173,4.0,7.0,7.0
1598,172.0,43.2998889711173,4.0,7.0,7.0
1599,184.0,43.2998889711173,4.0,7.0,7.0
1600,196.0,43.2998889711173,4.0,7.0,7.0
1601,208.0,43.2998889711173,4.0,7.0,7.0
1602,220.0,43.2998889711173,4.0,7.0,7.0
1603,232.0,43.2998889711173,4.0,7.0,7.0
1604,244.0,43.2998889711173,4.0,7.0,7.0
1605,256.0,43.2998889711173,4.0,7.0,7.0
1606,268.0,43.2998889711173,4.0,7.0,7.0
1607,280.0,43.2998889711173,4.0,7.0,7.0
1608,292.0,43.2998889711173,4.0,7.0,7.0
1609,304.0,43.2998889711173,4.0,7.0,7.0
1610,316.0,43.2998889711173,4.0,7.0,7.0
1611,328.0,43.2998889711173,4.0,7.0,7.0
1612,340.0,43.2998889711173,4.0,7.0,7.0
1613,-338.0,53.69219381653056,4.0,7.0,7.0
1614,-326.0,53.69219381653056,4.0,7.0,7.0
1615,-314.0,53.69219381653056,4.0,7.0,7.0
1616,-302.0,53.69219381653056,4.0,7.0,7.0
1617,-290.0,53.69219381653056,4.0,7.0,7.0
1618,-278.0,53.69219381653056,4.0,7.0,7.0
1619,-266.0,53.69219381653056,4.0,7.0,7.0
1620,-254.0,53.69219381653056,4.0,7.0,7.0
1621,-242.0,53.69219381653056,4.0,7.0,7.0
1622,-230.0,53.69219381653056,4.0,7.0,7.0
1623,-218.0,53.69219381653056,4.0,7.0,7.0
1624,-206.0,53.69219381653056,4.0,7.0,7.0
1625,-194.0,53.69219381653056,4.0,7.0,7.0
1626,-182.0,53.69219381653056,4.0,7.0,7.0
1627,-170.0,53.69219381653056,4.0,7.0,7.0
1628,-158.0,53.69219381653056,4.0,7.0,7.0
1629,-146.0,53.69219381653056,4.0,7.0,7.0
1630,-134.0,53.69219381653056,4.0,7.0,7.0
1631,-122.0,53.69219381653056,4.0,7.0,7.0
1632,-110.0,53.69219381653056,4.0,7.0,7.0
1633,-98.0,53.69219381653056,4.0,7.0,7.0
1634,-86.0,53.69219381653056,4.0,7.0,7.0
1635,94.0,53.69219381653056,4.0,7.0,7.0
1636,106.0,53.69219381653056,4.0,7.0,7.0
1637,118.0,53.69219381653056,4.0,7.0,7.0
1638,130.0,53.69219381653056,4.0,7.0,7.0
1639,142.0,53.69219381653056,4.0,7.0,7.0
1640,154.0,53.69219381653056,4.0,7.0,7.0
1641,166.0,53.69219381653056,4.0,7.0,7.0
1642,178.0,53.69219381653056,4.0,7.0,7.0
1643,190.0,53.69219381653056,4.0,7.0,7.0
1644,202.0,53.69219381653056,4.0,7.0,7.0
1645,214.0,53.69219381653056,4.0,7.0,7.0
1646,226.0,53.69219381653056,4.0,7.0,7.0
1647,238.0,53.69219381653056,4.0,7.0,7.0
1648,250.0,53.69219381653056,4.0,7.0,7.0
1649,262.0,53.69219381653056,4.0,7.0,7.0
1650,274.0,53.69219381653056,4.0,7.0,7.0
1651,286.0,53.69219381653056,4.0,7.0,7.0
1652,298.0,53.69219381653056,4.0,7.0,7.0
1653,310.0,53.69219381653056,4.0,7.0,7.0
1654,322.0,53.69219381653056,4.0,7.0,7.0
1655,334.0,53.69219381653056,4.0,7.0,7.0
1656,-344.0,64.08449866194383,4.0,7.0,7.0
1657,-332.0,64.08449866194383,4.0,7.0,7.0
1658,-320.0,64.08449866194383,4.0,7.0,7.0
1659,-308.0,64.08449866194383,4.0,7.0,7.0
1660,-296.0,64.08449866194383,4.0,7.0,7.0
1661,-284.0,64.08449866194383,4.0,7.0,7.0
1662,-272.0,64.08449866194383,4.0,7.0,7.0
1663,-260.0,64.08449866194383,4.0,7.0,7.0
1664,-248.0,64.08449866194383,4.0,7.0,7.0
1665,-236.0,64.08449866194383,4.0,7.0,7.0
1666,-224.0,64.08449866194383,4.0,7.0,7.0
1667,-212.0,64.08449866194383,4.0,7.0,7.0
1668,-200.0,64.08449866194383,4.0,7.0,7.0
1669,-188.0,64.08449866194383,4.0,7.0,7.0
1670,-176.0,64.08449866194383,4.0,7.0,7.0
1671,-164.0,64.08449866194383,4.0,7.0,7.0
1672,-152.0,64.08449866194383,4.0,7.0,7.0
1673,-140.0,64.08449866194383,4.0,7.0,7.0
1674,-128.0,64.08449866194383,4.0,7.0,7.0
1675,-116.0,64.08449866194383,4.0,7.0,7.0
1676,-104.0,64.08449866194383,4.0,7.0,7.0
1677,-92.0,64.08449866194383,4.0,7.0,7.0
1678,-80.0,64.08449866194383,4.0,7.0,7.0
1679,88.0,64.08449866194383,4.0,7.0,7.0
1680,100.0,64.08449866194383,4.0,7.0,7.0
1681,112.0,64.08449866194383,4.0,7.0,7.0
1682,124.0,64.08449866194383,4.0,7.0,7.0
1683,136.0,64.08449866194383,4.0,7.0,7.0
1684,148.0,64.08449866194383,4.0,7.0,7.0
1685,160.0,64.08449866194383,4.0,7.0,7.0
1686,172.0,64.08449866194383,4.0,7.0,7.0
1687,184.0,64.08449866194383,4.0,7.0,7.0
1688,196.0,64.08449866194383,4.0,7.0,7.0
1689,208.0,64.08449866194383,4.0,7.0,7.0
1690,220.0,64.08449866194383,4.0,7.0,7.0
1691,232.0,64.08449866194383,4.0,7.0,7.0
1692,244.0,64.08449866194383,4.0,7.0,7.0
1693,256.0,64.08449866194383,4.0,7.0,7.0
1694,268.0,64.08449866194383,4.0,7.0,7.0
1695,280.0,64.08449866194383,4.0,7.0,7.0
1696,292.0,64.08449866194383,4.0,7.0,7.0
1697,304.0,64.08449866194383,4.0,7.0,7.0
1698,316.0,64.08449866194383,4.0,7.0,7.0
1699,328.0,64.08449866194383,4.0,7.0,7.0
1700,340.0,64.08449866194383,4.0,7.0,7.0
1701,-338.0,74.47680350735709,4.0,7.0,7.0
1702,-326.0,74.47680350735709,4.0,7.0,7.0
1703,-314.0,74.47680350735709,4.0,7.0,7.0
1704,-302.0,74.47680350735709,4.0,7.0,7.0
1705,-290.0,74.47680350735709,4.0,7.0,7.0
1706,-278.0,74.47680350735709,4.0,7.0,7.0
1707,-266.0,74.47680350735709,4.0,7.0,7.0
1708,-254.0,74.47680350735709,4.0,7.0,7.0
1709,-242.0,74.47680350735709,4.0,7.0,7.0
1710,-230.0,74.47680350735709,4.0,7.0,7.0
1711,-218.0,74.47680350735709,4.0,7.0,7.0
1712,-206.0,74.47680350735709,4.0,7.0,7.0
1713,-194.0,74.47680350735709,4.0,7.0,7.0
1714,-182.0,74.47680350735709,4.0,7.0,7.0
1715,-170.0,74.47680350735709,4.0,7.0,7.0
1716,-158.0,74.47680350735709,4.0,7.0,7.0
1717,-146.0,74.47680350735709,4.0,7.0,7.0
1718,-134.0,74.47680350735709,4.0,7.0,7.0
1719,-122.0,74.47680350735709,4.0,7.0,7.0
1720,-110.0,74.47680350735709,4.0,7.0,7.0
1721,-98.0,74.47680350735709,4.0,7.0,7.0
1722,-86.0,74.47680350735709,4.0,7.0,7.0
1723,-74.0,74.47680350735709,4.0,7.0,7.0
1724,70.0,74.47680350735709,4.0,7.0,7.0
1725,82.0,74.47680350735709,4.0,7.0,7.0
1726,94.0,74.47680350735709,4.0,7.0,7.0
1727,106.0,74.47680350735709,4.0,7.0,7.0
1728,118.0,74.47680350735709,4.0,7.0,7.0
1729,130.0,74.47680350735709,4.0,7.0,7.0
1730,142.0,74.47680350735709,4.0,7.0,7.0
1731,154.0,74.47680350735709,4.0,7.0,7.0
1732,166.0,74.47680350735709,4.0,7.0,7.0
1733,178.0,74.47680350735709,4.0,7.0,7.0
1734,190.0,74.47680350735709,4.0,7.0,7.0
1735,202.0,74.47680350735709,4.0,7.0,7.0
1736,214.0,74.47680350735709,4.0,7.0,7.0
1737,226.0,74.47680350735709,4.0,7.0,7.0
1738,238.0,74.47680350735709,4.0,7.0,7.0
1739,250.0,74.47680350735709,4.0,7.0,7.0
1740,262.0,74.47680350735709,4.0,7.0,7.0
1741,274.0,74.47680350735709,4.0,7.0,7.0
1742,286.0,74.47680350735709,4.0,7.0,7.0
1743,298.0,74.47680350735709,4.0,7.0,7.0
1744,310.0,74.47680350735709,4.0,7.0,7.0
1745,322.0,74.47680350735709,4.0,7.0,7.0
1746,334.0,74.47680350735709,4.0,7.0,7.0
1747,-332.0,84.86910835277035,4.0,7.0,7.0
1748,-320.0,84.86910835277035,4.0,7.0,7.0
1749,-308.0,84.86910835277035,4.0,7.0,7.0
1750,-296.0,84.86910835277035,4.0,7.0,7.0
1751,-284.0,84.86910835277035,4.0,7.0,7.0
1752,-272.0,84.86910835277035,4.0,7.0,7.0
1753,-260.0,84.86910835277035,4.0,7.0,7.0
1754,-248.0,84.86910835277035,4.0,7.0,7.0
1755,-236.0,84.86910835277035,4.0,7.0,7.0
1756,-224.0,84.86910835277035,4.0,7.0,7.0
1757,-212.0,84.86910835277035,4.0,7.0,7.0
1758,-200.0,84.86910835277035,4.0,7.0,7.0
1759,-188.0,84.86910835277035,4.0,7.0,7.0
1760,-176.0,84.86910835277035,4.0,7.0,7.0
1761,-164.0,84.86910835277035,4.0,7.0,7.0
1762,-152.0,84.86910835277035,4.0,7.0,7.0
1763,-140.0,84.86910835277035,4.0,7.0,7.0
1764,-128.0,84.86910835277035,4.0,7.0,7.0
1765,-116.0,84.86910835277035,4.0,7.0,7.0
1766,-104.0,84.86910835277035,4.0,7.0,7.0
1767,-92.0,84.86910835277035,4.0,7.0,7.0
1768,-80.0,84.86910835277035,4.0,7.0,7.0
1769,-68.0,84.86910835277035,4.0,7.0,7.0
1770,-56.0,84.86910835277035,4.0,7.0,7.0
1771,64.0,84.86910835277035,4.0,7.0,7.0
1772,76.0,84.86910835277035,4.0,7.0,7.0
1773,88.0,84.86910835277035,4.0,7.0,7.0
1774,100.0,84.86910835277035,4.0,7.0,7.0
1775,112.0,84.86910835277035,4.0,7.0,7.0
1776,124.0,84.86910835277035,4.0,7.0,7.0
1777,136.0,84.86910835277035,4.0,7.0,7.0
1778,148.0,84.86910835277035,4.0,7.0,7.0
1779,160.0,84.86910835277035,4.0,7.0,7.0
1780,172.0,84.86910835277035,4.0,7.0,7.0
1781,184.0,84.86910835277035,4.0,7.0,7.0
1782,196.0,84.86910835277035,4.0,7.0,7.0
1783,208.0,84.86910835277035,4.0,7.0,7.0
1784,220.0,84.86910835277035,4.0,7.0,7.0
1785,232.0,84.86910835277035,4.0,7.0,7.0
1786,244.0,84.86910835277035,4.0,7.0,7.0
1787,256.0,84.86910835277035,4.0,7.0,7.0
1788,268.0,84.86910835277035,4.0,7.0,7.0
1789,280.0,84.86910835277035,4.0,7.0,7.0
1790,292.0,84.86910835277035,4.0,7.0,7.0
1791,304.0,84.86910835277035,4.0,7.0,7.0
1792,316.0,84.86910835277035,4.0,7.0,7.0
1793,328.0,84.86910835277035,4.0,7.0,7.0
1794,-326.0,95.26141319818362,4.0,7.0,7.0
1795,-314.0,95.26141319818362,4.0,7.0,7.0
1796,-302.0,95.26141319818362,4.0,7.0,7.0
1797,-290.0,95.26141319818362,4.0,7.0,7.0
1798,-278.0,95.26141319818362,4.0,7.0,7.0
1799,-266.0,95.26141319818362,4.0,7.0,7.0
1800,-254.0,95.26141319818362,4.0,7.0,7.0
1801,-242.0,95.26141319818362,4.0,7.0,7.0
1802,-230.0,95.26141319818362,4.0,7.0,7.0
1803,-218.0,95.26141319818362,4.0,7.0,7.0
1804,-206.0,95.26141319818362,4.0,7.0,7.0
1805,-194.0,95.26141319818362,4.0,7.0,7.0
1806,-182.0,95.26141319818362,4.0,7.0,7.0
1807,-170.0,95.26141319818362,4.0,7.0,7.0
1808,-158.0,95.26141319818362,4.0,7.0,7.0
1809,-146.0,95.26141319818362,4.0,7.0,7.0
1810,-134.0,95.26141319818362,4.0,7.0,7.0
1811,-122.0,95.26141319818362,4.0,7.0,7.0
1812,-110.0,95.26141319818362,4.0,7.0,7.0
1813,-98.0,95.26141319818362,4.0,7.0,7.0
1814,-86.0,95.26141319818362,4.0,7.0,7.0
1815,-74.0,95.26141319818362,4.0,7.0,7.0
1816,-62.0,95.26141319818362,4.0,7.0,7.0
1817,-50.0,95.26141319818362,4.0,7.0,7.0
1818,-38.0,95.26141319818362,4.0,7.0,7.0
1819,34.0,95.26141319818362,4.0,7.0,7.0
1820,46.0,95.26141319818362,4.0,7.0,7.0
1821,58.0,95.26141319818362,4.0,7.0,7.0
1822,70.0,95.26141319818362,4.0,7.0,7.0
1823,82.0,95.26141319818362,4.0,7.0,7.0
1824,94.0,95.26141319818362,4.0,7.0,7.0
1825,106.0,95.26141319818362,4.0,7.0,7.0
1826,118.0,95.26141319818362,4.0,7.0,7.0
1827,130.0,95.26141319818362,4.0,7.0,7.0
1828,142.0,95.26141319818362,4.0,7.0,7.0
1829,154.0,95.26141319818362,4.0,7.0,7.0
1830,166.0,95.26141319818362,4.0,7.0,7.0
1831,178.0,95.26141319818362,4.0,7.0,7.0
1832,190.0,95.26141319818362,4.0,7.0,7.0
1833,202.0,95.26141319818362,4.0,7.0,7.0
1834,214.0,95.26141319818362,4.0,7.0,7.0
1835,226.0,95.26141319818362,4.0,7.0,7.0
1836,238.0,95.26141319818362,4.0,7.0,7.0
1837,250.0,95.26141319818362,4.0,7.0,7.0
1838,262.0,95.26141319818362,4.0,7.0,7.0
1839,274.0,95.26141319818362,4.0,7.0,7.0
1840,286.0,95.26141319818362,4.0,7.0,7.0
1841,298.0,95.26141319818362,4.0,7.0,7.0
1842,310.0,95.26141319818362,4.0,7.0,7.0
1843,322.0,95.26141319818362,4.0,7.0,7.0
1844,334.0,95.26141319818362,4.0,7.0,7.0
1845,-332.0,105.65371804359688,4.0,7.0,7.0
1846,-320.0,105.65371804359688,4.0,7.0,7.0
1847,-308.0,105.65371804359688,4.0,7.0,7.0
1848,-296.0,105.65371804359688,4.0,7.0,7.0
1849,-284.0,105.65371804359688,4.0,7.0,7.0
1850,-272.0,105.65371804359688,4.0,7.0,7.0
1851,-260.0,105.65371804359688,4.0,7.0,7.0
1852,-248.0,105.65371804359688,4.0,7.0,7.0
1853,-236.0,105.65371804359688,4.0,7.0,7.0
1854,-224.0,105.65371804359688,4.0,7.0,7.0
1855,-212.0,105.65371804359688,4.0,7.0,7.0
1856,-200.0,105.65371804359688,4.0,7.0,7.0
1857,-188.0,105.65371804359688,4.0,7.0,7.0
1858,-176.0,105.65371804359688,4.0,7.0,7.0
1859,-164.0,105.65371804359688,4.0,7.0,7.0
1860,-152.0,105.65371804359688,4.0,7.0,7.0
1861,-140.0,105.65371804359688,4.0,7.0,7.0
1862,-128.0,105.65371804359688,4.0,7.0,7.0
1863,-116.0,105.65371804359688,4.0,7.0,7.0
1864,-104.0,105.65371804359688,4.0,7.0,7.0
1865,-92.0,105.65371804359688,4.0,7.0,7.0
1866,-80.0,105.65371804359688,4.0,7.0,7.0
1867,-68.0,105.65371804359688,4.0,7.0,7.0
1868,-56.0,105.65371804359688,4.0,7.0,7.0
1869,-44.0,105.65371804359688,4.0,7.0,7.0
1870,-32.0,105.65371804359688,4.0,7.0,7.0
1871,-20.0,105.65371804359688,4.0,7.0,7.0
1872,-8.0,105.65371804359688,4.0,7.0,7.0
1873,4.0,105.65371804359688,4.0,7.0,7.0
1874,16.0,105.65371804359688,4.0,7.0,7.0
1875,28.0,105.65371804359688,4.0,7.0,7.0
1876,40.0,105.65371804359688,4.0,7.0,7.0
1877,52.0,105.65371804359688,4.0,7.0,7.0
1878,64.0,105.65371804359688,4.0,7.0,7.0
1879,76.0,105.65371804359688,4.0,7.0,7.0
1880,88.0,105.65371804359688,4.0,7.0,7.0
1881,100.0,105.65371804359688,4.0,7.0,7.0
1882,112.0,105.65371804359688,4.0,7.0,7.0
1883,124.0,105.65371804359688,4.0,7.0,7.0
1884,136.0,105.65371804359688,4.0,7.0,7.0
1885,148.0,105.65371804359688,4.0,7.0,7.0
1886,160.0,105.65371804359688,4.0,7.0,7.0
1887,172.0,105.65371804359688,4.0,7.0,7.0
1888,184.0,105.65371804359688,4.0,7.0,7.0
1889,196.0,105.65371804359688,4.0,7.0,7.0
1890,208.0,105.65371804359688,4.0,7.0,7.0
1891,220.0,105.65371804359688,4.0,7.0,7.0
1892,232.0,105.65371804359688,4.0,7.0,7.0
1893,244.0,105.65371804359688,4.0,7.0,7.0
1894,256.0,105.65371804359688,4.0,7.0,7.0
1895,268.0,105.65371804359688,4.0,7.0,7.0
1896,280.0,105.65371804359688,4.0,7.0,7.0
1897,292.0,105.65371804359688,4.0,7.0,7.0
1898,304.0,105.65371804359688,4.0,7.0,7.0
1899,316.0,105.65371804359688,4.0,7.0,7.0
1900,328.0,105.65371804359688,4.0,7.0,7.0
1901,-326.0,116.04602288901015,4.0,7.0,7.0
1902,-314.0,116.04602288901015,4.0,7.0,7.0
1903,-302.0,116.04602288901015,4.0,7.0,7.0
1904,-290.0,116.04602288901015,4.0,7.0,7.0
1905,-278.0,116.04602288901015,4.0,7.0,7.0
1906,-266.0,116.04602288901015,4.0,7.0,7.0
1907,-254.0,116.04602288901015,4.0,7.0,7.0
1908,-242.0,116.04602288901015,4.0,7.0,7.0
1909,-230.0,116.04602288901015,4.0,7.0,7.0
1910,-218.0,116.04602288901015,4.0,7.0,7.0
1911,-206.0,116.04602288901015,4.0,7.0,7.0
1912,-194.0,116.04602288901015,4.0,7.0,7.0
1913,-182.0,116.04602288901015,4.0,7.0,7.0
1914,-170.0,116.04602288901015,4.0,7.0,7.0
1915,-158.0,116.04602288901015,4.0,7.0,7.0
1916,-146.0,116.04602288901015,4.0,7.0,7.0
1917,-134.0,116.04602288901015,4.0,7.0,7.0
1918,-122.0,116.04602288901015,4.0,7.0,7.0
1919,-110.0,116.04602288901015,4.0,7.0,7.0
1920,-98.0,116.04602288901015,4.0,7.0,7.0
1921,-86.0,116.04602288901015,4.0,7.0,7.0
1922,-74.0,116.04602288901015,4.0,7.0,7.0
1923,-62.0,116.04602288901015,4.0,7.0,7.0
1924,-50.0,116.04602288901015,4.0,7.0,7.0
1925,-38.0,116.04602288901015,4.0,7.0,7.0
1926,-26.0,116.04602288901015,4.0,7.0,7.0
1927,-14.0,116.04602288901015,4.0,7.0,7.0
1928,-2.0,116.04602288901015,4.0,7.0,7.0
1929,10.0,116.04602288901015,4.0,7.0,7.0
1930,22.0,116.04602288901015,4.0,7.0,7.0
1931,34.0,116.04602288901015,4.0,7.0,7.0
1932,46.0,116.04602288901015,4.0,7.0,7.0
1933,58.0,116.04602288901015,4.0,7.0,7.0
1934,70.0,116.04602288901015,4.0,7.0,7.0
1935,82.0,116.04602288901015,4.0,7.0,7.0
1936,94.0,116.04602288901015,4.0,7.0,7.0
1937,106.0,116.04602288901015,4.0,7.0,7.0
1938,118.0,116.04602288901015,4.0,7.0,7.0
1939,130.0,116.04602288901015,4.0,7.0,7.0
1940,142.0,116.04602288901015,4.0,7.0,7.0
1941,154.0,116.04602288901015,4.0,7.0,7.0
1942,166.0,116.04602288901015,4.0,7.0,7.0
1943,178.0,116.04602288901015,4.0,7.0,7.0
1944,190.0,116.04602288901015,4.0,7.0,7.0
1945,202.0,116.04602288901015,4.0,7.0,7.0
1946,214.0,116.04602288901015,4.0,7.0,7.0
1947,226.0,116.04602288901015,4.0,7.0,7.0
1948,238.0,116.04602288901015,4.0,7.0,7.0
1949,250.0,116.04602288901015,4.0,7.0,7.0
1950,262.0,116.04602288901015,4.0,7.0,7.0
1951,274.0,116.04602288901015,4.0,7.0,7.0
1952,286.0,116.04602288901015,4.0,7.0,7.0
1953,298.0,116.04602288901015,4.0,7.0,7.0
1954,310.0,116.04602288901015,4.0,7.0,7.0
1955,322.0,116.04602288901015,4.0,7.0,7.0
1956,-320.0,126.43832773442341,4.0,7.0,7.0
1957,-308.0,126.43832773442341,4.0,7.0,7.0
1958,-296.0,126.43832773442341,4.0,7.0,7.0
1959,-284.0,126.43832773442341,4.0,7.0,7.0
1960,-272.0,126.43832773442341,4.0,7.0,7.0
1961,-260.0,126.43832773442341,4.0,7.0,7.0
1962,-248.0,126.43832773442341,4.0,7.0,7.0
1963,-236.0,126.43832773442341,4.0,7.0,7.0
1964,-224.0,126.43832773442341,4.0,7.0,7.0
1965,-212.0,126.43832773442341,4.0,7.0,7.0
1966,-200.0,126.43832773442341,4.0,7.0,7.0
1967,-188.0,126.43832773442341,4.0,7.0,7.0
1968,-176.0,126.43832773442341,4.0,7.0,7.0
1969,-164.0,126.43832773442341,4.0,7.0,7.0
1970,-152.0,126.43832773442341,4.0,7.0,7.0
1971,-140.0,126.43832773442341,4.0,7.0,7.0
1972,-128.0,126.43832773442341,4.0,7.0,7.0
1973,-116.0,126.43832773442341,4.0,7.0,7.0
1974,-104.0,126.43832773442341,4.0,7.0,7.0
1975,-92.0,126.43832773442341,4.0,7.0,7.0
1976,-80.0,126.43832773442341,4.0,7.0,7.0
1977,-68.0,126.43832773442341,4.0,7.0,7.0
1978,-56.0,126.43832773442341,4.0,7.0,7.0
1979,-44.0,126.43832773442341,4.0,7.0,7.0
1980,-32.0,126.43832773442341,4.0,7.0,7.0
1981,-20.0,126.43832773442341,4.0,7.0,7.0
1982,-8.0,126.43832773442341,4.0,7.0,7.0
1983,4.0,126.43832773442341,4.0,7.0,7.0
1984,16.0,126.43832773442341,4.0,7.0,7.0
1985,28.0,126.43832773442341,4.0,7.0,7.0
1986,40.0,126.43832773442341,4.0,7.0,7.0
1987,52.0,126.43832773442341,4.0,7.0,7.0
1988,64.0,126.43832773442341,4.0,7.0,7.0
1989,76.0,126.43832773442341,4.0,7.0,7.0
1990,88.0,126.43832773442341,4.0,7.0,7.0
1991,100.0,126.43832773442341,4.0,7.0,7.0
1992,112.0,126.43832773442341,4.0,7.0,7.0
1993,124.0,126.43832773442341,4.0,7.0,7.0
1994,136.0,126.43832773442341,4.0,7.0,7.0
1995,148.0,126.43832773442341,4.0,7.0,7.0
1996,160.0,126.43832773442341,4.0,7.0,7.0
1997,172.0,126.43832773442341,4.0,7.0,7.0
1998,184.0,126.43832773442341,4.0,7.0,7.0
1999,196.0,126.43832773442341,4.0,7.0,7.0
2000,208.0,126.43832773442341,4.0,7.0,7.0
2001,220.0,126.43832773442341,4.0,7.0,7.0
2002,232.0,126.43832773442341,4.0,7.0,7.0
2003,244.0,126.43832773442341,4.0,7.0,7.0
2004,256.0,126.43832773442341,4.0,7.0,7.0
2005,268.0,126.43832773442341,4.0,7.0,7.0
2006,280.0,126.43832773442341,4.0,7.0,7.0
2007,292.0,126.43832773442341,4.0,7.0,7.0
2008,304.0,126.43832773442341,4.0,7.0,7.0
2009,316.0,126.43832773442341,4.0,7.0,7.0
2010,-314.0,136.83063257983667,4.0,7.0,7.0
2011,-302.0,136.83063257983667,4.0,7.0,7.0
2012,-290.0,136.83063257983667,4.0,7.0,7.0
2013,-278.0,136.83063257983667,4.0,7.0,7.0
2014,-266.0,136.83063257983667,4.0,7.0,7.0
2015,-254.0,136.83063257983667,4.0,7.0,7.0
2016,-242.0,136.83063257983667,4.0,7.0,7.0
2017,-230.0,136.83063257983667,4.0,7.0,7.0
2018,-218.0,136.83063257983667,4.0,7.0,7.0
2019,-206.0,136.83063257983667,4.0,7.0,7.0
2020,-194.0,136.83063257983667,4.0,7.0,7.0
2021,-182.0,136.83063257983667,4.0,7.0,7.0
2022,-170.0,136.83063257983667,4.0,7.0,7.0
2023,-158.0,136.83063257983667,4.0,7.0,7.0
2024,-146.0,136.83063257983667,4.0,7.0,7.0
2025,-134.0,136.83063257983667,4.0,7.0,7.0
2026,-122.0,136.83063257983667,4.0,7.0,7.0
2027,-110.0,136.83063257983667,4.0,7.0,7.0
2028,-98.0,136.83063257983667,4.0,7.0,7.0
2029,-86.0,136.83063257983667,4.0,7.0,7.0
2030,-74.0,136.83063257983667,4.0,7.0,7.0
2031,-62.0,136.83063257983667,4.0,7.0,7.0
2032,-50.0,136.83063257983667,4.0,7.0,7.0
2033,-38.0,136.83063257983667,4.0,7.0,7.0
2034,-26.0,136.83063257983667,4.0,7.0,7.0
2035,-14.0,136.83063257983667,4.0,7.0,7.0
2036,-2.0,136.83063257983667,4.0,7.0,7.0
2037,10.0,136.83063257983667,4.0,7.0,7.0
2038,22.0,136.83063257983667,4.0,7.0,7.0
2039,34.0,136.83063257983667,4.0,7.0,7.0
2040,46.0,136.83063257983667,4.0,7.0,7.0
2041,58.0,136.83063257983667,4.0,7.0,7.0
2042,70.0,136.83063257983667,4.0,7.0,7.0
2043,82.0,136.83063257983667,4.0,7.0,7.0
2044,94.0,136.83063257983667,4.0,7.0,7.0
2045,106.0,136.83063257983667,4.0,7.0,7.0
2046,118.0,136.83063257983667,4.0,7.0,7.0
2047,130.0,136.83063257983667,4.0,7.0,7.0
2048,142.0,136.83063257983667,4.0,7.0,7.0
2049,154.0,136.83063257983667,4.0,7.0,7.0
2050,166.0,136.83063257983667,4.0,7.0,7.0
2051,178.0,136.83063257983667,4.0,7.0,7.0
2052,190.0,136.83063257983667,4.0,7.0,7.0
2053,202.0,136.83063257983667,4.0,7.0,7.0
2054,214.0,136.83063257983667,4.0,7.0,7.0
2055,226.0,136.83063257983667,4.0,7.0,7.0
2056,238.0,136.83063257983667,4.0,7.0,7.0
2057,250.0,136.83063257983667,4.0,7.0,7.0
2058,262.0,136.83063257983667,4.0,7.0,7.0
2059,274.0,136.83063257983667,4.0,7.0,7.0
2060,286.0,136.83063257983667,4.0,7.0,7.0
2061,298.0,136.83063257983667,4.0,7.0,7.0
2062,310.0,136.83063257983667,4.0,7.0,7.0
2063,322.0,136.83063257983667,4.0,7.0,7.0
2064,-308.0,147.22293742524994,4.0,7.0,7.0
2065,-296.0,147.22293742524994,4.0,7.0,7.0
2066,-284.0,147.22293742524994,4.0,7.0,7.0
2067,-272.0,147.22293742524994,4.0,7.0,7.0
2068,-260.0,147.22293742524994,4.0,7.0,7.0
2069,-248.0,147.22293742524994,4.0,7.0,7.0
2070,-236.0,147.22293742524994,4.0,7.0,7.0
2071,-224.0,147.22293742524994,4.0,7.0,7.0
2072,-212.0,147.22293742524994,4.0,7.0,7.0
2073,-200.0,147.22293742524994,4.0,7.0,7.0
2074,-188.0,147.22293742524994,4.0,7.0,7.0
2075,-176.0,147.22293742524994,4.0,7.0,7.0
2076,-164.0,147.22293742524994,4.0,7.0,7.0
2077,-152.0,147.22293742524994,4.0,7.0,7.0
2078,-140.0,147.22293742524994,4.0,7.0,7.0
2079,-128.0,147.22293742524994,4.0,7.0,7.0
2080,-116.0,147.22293742524994,4.0,7.0,7.0
2081,-104.0,147.22293742524994,4.0,7.0,7.0
2082,-92.0,147.22293742524994,4.0,7.0,7.0
2083,-80.0,147.22293742524994,4.0,7.0,7.0
2084,-68.0,147.22293742524994,4.0,7.0,7.0
2085,-56.0,147.22293742524994,4.0,7.0,7.0
2086,-44.0,147.22293742524994,4.0,7.0,7.0
2087,-32.0,147.22293742524994,4.0,7.0,7.0
2088,-20.0,147.22293742524994,4.0,7.0,7.0
2089,-8.0,147.22293742524994,4.0,7.0,7.0
2090,4.0,147.22293742524994,4.0,7.0,7.0
2091,16.0,147.22293742524994,4.0,7.0,7.0
2092,28.0,147.22293742524994,4.0,7.0,7.0
2093,40.0,147.22293742524994,4.0,7.0,7.0
2094,52.0,147.22293742524994,4.0,7.0,7.0
2095,64.0,147.22293742524994,4.0,7.0,7.0
2096,76.0,147.22293742524994,4.0,7.0,7.0
2097,88.0,147.22293742524994,4.0,7.0,7.0
2098,100.0,147.22293742524994,4.0,7.0,7.0
2099,112.0,147.22293742524994,4.0,7.0,7.0
2100,124.0,147.22293742524994,4.0,7.0,7.0
2101,136.0,147.22293742524994,4.0,7.0,7.0
2102,148.0,147.22293742524994,4.0,7.0,7.0
2103,160.0,147.22293742524994,4.0,7.0,7.0
2104,172.0,147.22293742524994,4.0,7.0,7.0
2105,184.0,147.22293742524994,4.0,7.0,7.0
2106,196.0,147.22293742524994,4.0,7.0,7.0
2107,208.0,147.22293742524994,4.0,7.0,7.0
2108,220.0,147.22293742524994,4.0,7.0,7.0
2109,232.0,147.22293742524994,4.0,7.0,7.0
2110,244.0,147.22293742524994,4.0,7.0,7.0
2111,256.0,147.22293742524994,4.0,7.0,7.0
2112,268.0,147.22293742524994,4.0,7.0,7.0
2113,280.0,147.22293742524994,4.0,7.0,7.0
2114,292.0,147.22293742524994,4.0,7.0,7.0
2115,304.0,147.22293742524994,4.0,7.0,7.0
2116,316.0,147.22293742524994,4.0,7.0,7.0
2117,-302.0,157.6152422706632,4.0,7.0,7.0
2118,-290.0,157.6152422706632,4.0,7.0,7.0
2119,-278.0,157.6152422706632,4.0,7.0,7.0
2120,-266.0,157.6152422706632,4.0,7.0,7.0
2121,-254.0,157.6152422706632,4.0,7.0,7.0
2122,-242.0,157.6152422706632,4.0,7.0,7.0
2123,-230.0,157.6152422706632,4.0,7.0,7.0
2124,-218.0,157.6152422706632,4.0,7.0,7.0
2125,-206.0,157.6152422706632,4.0,7.0,7.0
2126,-194.0,157.6152422706632,4.0,7.0,7.0
2127,-182.0,157.6152422706632,4.0,7.0,7.0
2128,-170.0,157.6152422706632,4.0,7.0,7.0
2129,-158.0,157.6152422706632,4.0,7.0,7.0
2130,-146.0,157.6152422706632,4.0,7.0,7.0
2131,-134.0,157.6152422706632,4.0,7.0,7.0
2132,-122.0,157.6152422706632,4.0,7.0,7.0
2133,-110.0,157.6152422706632,4.0,7.0,7.0
2134,-98.0,157.6152422706632,4.0,7.0,7.0
2135,-86.0,157.6152422706632,4.0,7.0,7.0
2136,-74.0,157.6152422706632,4.0,7.0,7.0
2137,-62.0,157.6152422706632,4.0,7.0,7.0
2138,-50.0,157.6152422706632,4.0,7.0,7.0
2139,-38.0,157.6152422706632,4.0,7.0,7.0
2140,-26.0,157.6152422706632,4.0,7.0,7.0
2141,-14.0,157.6152422706632,4.0,7.0,7.0
2142,-2.0,157.6152422706632,4.0,7.0,7.0
2143,10.0,157.6152422706632,4.0,7.0,7.0
2144,22.0,157.6152422706632,4.0,7.0,7.0
2145,34.0,157.6152422706632,4.0,7.0,7.0
2146,46.0,157.6152422706632,4.0,7.0,7.0
2147,58.0,157.6152422706632,4.0,7.0,7.0
2148,70.0,157.6152422706632,4.0,7.0,7.0
2149,82.0,157.6152422706632,4.0,7.0,7.0
2150,94.0,157.6152422706632,4.0,7.0,7.0
2151,106.0,157.6152422706632,4.0,7.0,7.0
2152,118.0,157.6152422706632,4.0,7.0,7.0
2153,130.0,157.6152422706632,4.0,7.0,7.0
2154,142.0,157.6152422706632,4.0,7.0,7.0
2155,154.0,157.6152422706632,4.0,7.0,7.0
2156,166.0,157.6152422706632,4.0,7.0,7.0
2157,178.0,157.6152422706632,4.0,7.0,7.0
2158,190.0,157.6152422706632,4.0,7.0,7.0
2159,202.0,157.6152422706632,4.0,7.0,7.0
2160,214.0,157.6152422706632,4.0,7.0,7.0
2161,226.0,157.6152422706632,4.0,7.0,7.0
2162,238.0,157.6152422706632,4.0,7.0,7.0
2163,250.0,157.6152422706632,4.0,7.0,7.0
2164,262.0,157.6152422706632,4.0,7.0,7.0
2165,274.0,157.6152422706632,4.0,7.0,7.0
2166,286.0,157.6152422706632,4.0,7.0,7.0
2167,298.0,157.6152422706632,4.0,7.0,7.0
2168,310.0,157.6152422706632,4.0,7.0,7.0
2169,-296.0,168.00754711607647,4.0,7.0,7.0
2170,-284.0,168.00754711607647,4.0,7.0,7.0
2171,-272.0,168.00754711607647,4.0,7.0,7.0
2172,-260.0,168.00754711607647,4.0,7.0,7.0
2173,-248.0,168.00754711607647,4.0,7.0,7.0
2174,-236.0,168.00754711607647,4.0,7.0,7.0
2175,-224.0,168.00754711607647,4.0,7.0,7.0
2176,-212.0,168.00754711607647,4.0,7.0,7.0
2177,-200.0,168.00754711607647,4.0,7.0,7.0
2178,-188.0,168.00754711607647,4.0,7.0,7.0
2179,-176.0,168.00754711607647,4.0,7.0,7.0
2180,-164.0,168.00754711607647,4.0,7.0,7.0
2181,-152.0,168.00754711607647,4.0,7.0,7.0
2182,-140.0,168.00754711607647,4.0,7.0,7.0
2183,-128.0,168.00754711607647,4.0,7.0,7.0
2184,-116.0,168.00754711607647,4.0,7.0,7.0
2185,-104.0,168.00754711607647,4.0,7.0,7.0
2186,-92.0,168.00754711607647,4.0,7.0,7.0
2187,-80.0,168.00754711607647,4.0,7.0,7.0
2188,-68.0,168.00754711607647,4.0,7.0,7.0
2189,-56.0,168.00754711607647,4.0,7.0,7.0
2190,-44.0,168.00754711607647,4.0,7.0,7.0
2191,-32.0,168.00754711607647,4.0,7.0,7.0
2192,-20.0,168.00754711607647,4.0,7.0,7.0
2193,-8.0,168.00754711607647,4.0,7.0,7.0
2194,4.0,168.00754711607647,4.0,7.0,7.0
2195,16.0,168.00754711607647,4.0,7.0,7.0
2196,28.0,168.00754711607647,4.0,7.0,7.0
2197,40.0,168.00754711607647,4.0,7.0,7.0
2198,52.0,168.00754711607647,4.0,7.0,7.0
2199,64.0,168.00754711607647,4.0,7.0,7.0
2200,76.0,168.00754711607647,4.0,7.0,7.0
2201,88.0,168.00754711607647,4.0,7.0,7.0
2202,100.0,168.00754711607647,4.0,7.0,7.0
2203,112.0,168.00754711607647,4.0,7.0,7.0
2204,124.0,168.00754711607647,4.0,7.0,7.0
2205,136.0,168.00754711607647,4.0,7.0,7.0
2206,148.0,168.00754711607647,4.0,7.0,7.0
2207,160.0,168.00754711607647,4.0,7.0,7.0
2208,172.0,168.00754711607647,4.0,7.0,7.0
2209,184.0,168.00754711607647,4.0,7.0,7.0
2210,196.0,168.00754711607647,4.0,7.0,7.0
2211,208.0,168.00754711607647,4.0,7.0,7.0
2212,220.0,168.00754711607647,4.0,7.0,7.0
2213,232.0,168.00754711607647,4.0,7.0,7.0
2214,244.0,168.00754711607647,4.0,7.0,7.0
2215,256.0,168.00754711607647,4.0,7.0,7.0
2216,268.0,168.00754711607647,4.0,7.0,7.0
2217,280.0,168.00754711607647,4.0,7.0,7.0
2218,292.0,168.00754711607647,4.0,7.0,7.0
2219,304.0,168.00754711607647,4.0,7.0,7.0
2220,-290.0,178.39985196148973,4.0,7.0,7.0
2221,-278.0,178.39985196148973,4.0,7.0,7.0
2222,-266.0,178.39985196148973,4.0,7.0,7.0
2223,-254.0,178.39985196148973,4.0,7.0,7.0
2224,-242.0,178.39985196148973,4.0,7.0,7.0
2225,-230.0,178.39985196148973,4.0,7.0,7.0
2226,-218.0,178.39985196148973,4.0,7.0,7.0
2227,-206.0,178.39985196148973,4.0,7.0,7.0
2228,-194.0,178.39985196148973,4.0,7.0,7.0
2229,-182.0,178.39985196148973,4.0,7.0,7.0
2230,-170.0,178.39985196148973,4.0,7.0,7.0
2231,-158.0,178.39985196148973,4.0,7.0,7.0
2232,-146.0,178.39985196148973,4.0,7.0,7.0
2233,-134.0,178.39985196148973,4.0,7.0,7.0
2234,-122.0,178.39985196148973,4.0,7.0,7.0
2235,-110.0,178.39985196148973,4.0,7.0,7.0
2236,-98.0,178.39985196148973,4.0,7.0,7.0
2237,-86.0,178.39985196148973,4.0,7.0,7.0
2238,-74.0,178.39985196148973,4.0,7.0,7.0
2239,-62.0,178.39985196148973,4.0,7.0,7.0
2240,-50.0,178.39985196148973,4.0,7.0,7.0
2241,-38.0,178.39985196148973,4.0,7.0,7.0
2242,-26.0,178.39985196148973,4.0,7.0,7.0
2243,-14.0,178.39985196148973,4.0,7.0,7.0
2244,-2.0,178.39985196148973,4.0,7.0,7.0
2245,10.0,178.39985196148973,4.0,7.0,7.0
2246,22.0,178.39985196148973,4.0,7.0,7.0
2247,34.0,178.39985196148973,4.0,7.0,7.0
2248,46.0,178.39985196148973,4.0,7.0,7.0
2249,58.0,178.39985196148973,4.0,7.0,7.0
2250,70.0,178.39985196148973,4.0,7.0,7.0
2251,82.0,178.39985196148973,4.0,7.0,7.0
2252,94.0,178.39985196148973,4.0,7.0,7.0
2253,106.0,178.39985196148973,4.0,7.0,7.0
2254,118.0,178.39985196148973,4.0,7.0,7.0
2255,130.0,178.39985196148973,4.0,7.0,7.0
2256,142.0,178.39985196148973,4.0,7.0,7.0
2257,154.0,178.39985196148973,4.0,7.0,7.0
2258,166.0,178.39985196148973,4.0,7.0,7.0
2259,178.0,178.39985196148973,4.0,7.0,7.0
2260,190.0,178.39985196148973,4.0,7.0,7.0
2261,202.0,178.39985196148973,4.0,7.0,7.0
2262,214.0,178.39985196148973,4.0,7.0,7.0
2263,226.0,178.39985196148973,4.0,7.0,7.0
2264,238.0,178.39985196148973,4.0,7.0,7.0
2265,250.0,178.39985196148973,4.0,7.0,7.0
2266,262.0,178.39985196148973,4.0,7.0,7.0
2267,274.0,178.39985196148973,4.0,7.0,7.0
2268,286.0,178.39985196148973,4.0,7.0,7.0
2269,298.0,178.39985196148973,4.0,7.0,7.0
2270,-284.0,188.792156806903,4.0,7.0,7.0
2271,-272.0,188.792156806903,4.0,7.0,7.0
2272,-260.0,188.792156806903,4.0,7.0,7.0
2273,-248.0,188.792156806903,4.0,7.0,7.0
2274,-236.0,188.792156806903,4.0,7.0,7.0
2275,-224.0,188.792156806903,4.0,7.0,7.0
2276,-212.0,188.792156806903,4.0,7.0,7.0
2277,-200.0,188.792156806903,4.0,7.0,7.0
2278,-188.0,188.792156806903,4.0,7.0,7.0
2279,-176.0,188.792156806903,4.0,7.0,7.0
2280,-164.0,188.792156806903,4.0,7.0,7.0
2281,-152.0,188.792156806903,4.0,7.0,7.0
2282,-140.0,188.792156806903,4.0,7.0,7.0
2283,-128.0,188.792156806903,4.0,7.0,7.0
2284,-116.0,188.792156806903,4.0,7.0,7.0
2285,-104.0,188.792156806903,4.0,7.0,7.0
2286,-92.0,188.792156806903,4.0,7.0,7.0
2287,-80.0,188.792156806903,4.0,7.0,7.0
2288,-68.0,188.792156806903,4.0,7.0,7.0
2289,-56.0,188.792156806903,4.0,7.0,7.0
2290,-44.0,188.792156806903,4.0,7.0,7.0
2291,-32.0,188.792156806903,4.0,7.0,7.0
2292,-20.0,188.792156806903,4.0,7.0,7.0
2293,-8.0,188.792156806903,4.0,7.0,7.0
2294,4.0,188.792156806903,4.0,7.0,7.0
2295,16.0,188.792156806903,4.0,7.0,7.0
2296,28.0,188.792156806903,4.0,7.0,7.0
2297,40.0,188.792156806903,4.0,7.0,7.0
2298,52.0,188.792156806903,4.0,7.0,7.0
2299,64.0,188.792156806903,4.0,7.0,7.0
2300,76.0,188.792156806903,4.0,7.0,7.0
2301,88.0,188.792156806903,4.0,7.0,7.0
2302,100.0,188.792156806903,4.0,7.0,7.0
2303,112.0,188.792156806903,4.0,7.0,7.0
2304,124.0,188.792156806903,4.0,7.0,7.0
2305,136.0,188.792156806903,4.0,7.0,7.0
2306,148.0,188.792156806903,4.0,7.0,7.0
2307,160.0,188.792156806903,4.0,7.0,7.0
2308,172.0,188.792156806903,4.0,7.0,7.0
2309,184.0,188.792156806903,4.0,7.0,7.0
2310,196.0,188.792156806903,4.0,7.0,7.0
2311,208.0,188.792156806903,4.0,7.0,7.0
2312,220.0,188.792156806903,4.0,7.0,7.0
2313,232.0,188.792156806903,4.0,7.0,7.0
2314,244.0,188.792156806903,4.0,7.0,7.0
2315,256.0,188.792156806903,4.0,7.0,7.0
2316,268.0,188.792156806903,4.0,7.0,7.0
2317,280.0,188.792156806903,4.0,7.0,7.0
2318,292.0,188.792156806903,4.0,7.0,7.0
2319,-278.0,199.18446165231626,4.0,7.0,7.0
2320,-266.0,199.18446165231626,4.0,7.0,7.0
2321,-254.0,199.18446165231626,4.0,7.0,7.0
2322,-242.0,199.18446165231626,4.0,7.0,7.0
2323,-230.0,199.18446165231626,4.0,7.0,7.0
2324,-218.0,199.18446165231626,4.0,7.0,7.0
2325,-206.0,199.18446165231626,4.0,7.0,7.0
2326,-194.0,199.18446165231626,4.0,7.0,7.0
2327,-182.0,199.18446165231626,4.0,7.0,7.0
2328,-170.0,199.18446165231626,4.0,7.0,7.0
2329,-158.0,199.18446165231626,4.0,7.0,7.0
2330,-146.0,199.18446165231626,4.0,7.0,7.0
2331,-134.0,199.18446165231626,4.0,7.0,7.0
2332,-122.0,199.18446165231626,4.0,7.0,7.0
2333,-110.0,199.18446165231626,4.0,7.0,7.0
2334,-98.0,199.18446165231626,4.0,7.0,7.0
2335,-86.0,199.18446165231626,4.0,7.0,7.0
2336,-74.0,199.18446165231626,4.0,7.0,7.0
2337,-62.0,199.18446165231626,4.0,7.0,7.0
2338,-50.0,199.18446165231626,4.0,7.0,7.0
2339,-38.0,199.18446165231626,4.0,7.0,7.0
2340,-26.0,199.18446165231626,4.0,7.0,7.0
2341,-14.0,199.18446165231626,4.0,7.0,7.0
2342,-2.0,199.18446165231626,4.0,7.0,7.0
2343,10.0,199.18446165231626,4.0,7.0,7.0
2344,22.0,199.18446165231626,4.0,7.0,7.0
2345,34.0,199.18446165231626,4.0,7.0,7.0
2346,46.0,199.18446165231626,4.0,7.0,7.0
2347,58.0,199.18446165231626,4.0,7.0,7.0
2348,70.0,199.18446165231626,4.0,7.0,7.0
2349,82.0,199.18446165231626,4.0,7.0,7.0
2350,94.0,199.18446165231626,4.0,7.0,7.0
2351,106.0,199.18446165231626,4.0,7.0,7.0
2352,118.0,199.18446165231626,4.0,7.0,7.0
2353,130.0,199.18446165231626,4.0,7.0,7.0
2354,142.0,199.18446165231626,4.0,7.0,7.0
2355,154.0,199.18446165231626,4.0,7.0,7.0
2356,166.0,199.18446165231626,4.0,7.0,7.0
2357,178.0,199.18446165231626,4.0,7.0,7.0
2358,190.0,199.18446165231626,4.0,7.0,7.0
2359,202.0,199.18446165231626,4.0,7.0,7.0
2360,214.0,199.18446165231626,4.0,7.0,7.0
2361,226.0,199.18446165231626,4.0,7.0,7.0
2362,238.0,199.18446165231626,4.0,7.0,7.0
2363,250.0,199.18446165231626,4.0,7.0,7.0
2364,262.0,199.18446165231626,4.0,7.0,7.0
2365,274.0,199.18446165231626,4.0,7.0,7.0
2366,286.0,199.18446165231626,4.0,7.0,7.0
2367,-272.0,209.57676649772952,4.0,7.0,7.0
2368,-260.0,209.57676649772952,4.0,7.0,7.0
2369,-248.0,209.57676649772952,4.0,7.0,7.0
2370,-236.0,209.57676649772952,4.0,7.0,7.0
2371,-224.0,209.57676649772952,4.0,7.0,7.0
2372,-212.0,209.57676649772952,4.0,7.0,7.0
2373,-200.0,209.57676649772952,4.0,7.0,7.0
2374,-188.0,209.57676649772952,4.0,7.0,7.0
2375,-176.0,209.57676649772952,4.0,7.0,7.0
2376,-164.0,209.57676649772952,4.0,7.0,7.0
2377,-152.0,209.57676649772952,4.0,7.0,7.0
2378,-140.0,209.57676649772952,4.0,7.0,7.0
2379,-128.0,209.57676649772952,4.0,7.0,7.0
2380,-116.0,209.57676649772952,4.0,7.0,7.0
2381,-104.0,209.57676649772952,4.0,7.0,7.0
2382,-92.0,209.57676649772952,4.0,7.0,7.0
2383,-80.0,209.57676649772952,4.0,7.0,7.0
2384,-68.0,209.57676649772952,4.0,7.0,7.0
2385,-56.0,209.57676649772952,4.0,7.0,7.0
2386,-44.0,209.57676649772952,4.0,7.0,7.0
2387,-32.0,209.57676649772952,4.0,7.0,7.0
2388,-20.0,209.57676649772952,4.0,7.0,7.0
2389,-8.0,209.57676649772952,4.0,7.0,7.0
2390,4.0,209.57676649772952,4.0,7.0,7.0
2391,16.0,209.57676649772952,4.0,7.0,7.0
2392,28.0,209.57676649772952,4.0,7.0,7.0
2393,40.0,209.57676649772952,4.0,7.0,7.0
2394,52.0,209.57676649772952,4.0,7.0,7.0
2395,64.0,209.57676649772952,4.0,7.0,7.0
2396,76.0,209.57676649772952,4.0,7.0,7.0
2397,88.0,209.57676649772952,4.0,7.0,7.0
2398,100.0,209.57676649772952,4.0,7.0,7.0
2399,112.0,209.57676649772952,4.0,7.0,7.0
2400,124.0,209.57676649772952,4.0,7.0,7.0
2401,136.0,209.57676649772952,4.0,7.0,7.0
2402,148.0,209.57676649772952,4.0,7.0,7.0
2403,160.0,209.57676649772952,4.0,7.0,7.0
2404,172.0,209.57676649772952,4.0,7.0,7.0
2405,184.0,209.57676649772952,4.0,7.0,7.0
2406,196.0,209.57676649772952,4.0,7.0,7.0
2407,208.0,209.57676649772952,4.0,7.0,7.0
2408,220.0,209.57676649772952,4.0,7.0,7.0
2409,232.0,209.57676649772952,4.0,7.0,7.0
2410,244.0,209.57676649772952,4.0,7.0,7.0
2411,256.0,209.57676649772952,4.0,7.0,7.0
2412,268.0,209.57676649772952,4.0,7.0,7.0
2413,280.0,209.57676649772952,4.0,7.0,7.0
2414,-266.0,219.9690713431428,4.0,7.0,7.0
2415,-254.0,219.9690713431428,4.0,7.0,7.0
2416,-242.0,219.9690713431428,4.0,7.0,7.0
2417,-230.0,219.9690713431428,4.0,7.0,7.0
2418,-218.0,219.9690713431428,4.0,7.0,7.0
2419,-206.0,219.9690713431428,4.0,7.0,7.0
2420,-194.0,219.9690713431428,4.0,7.0,7.0
2421,-182.0,219.9690713431428,4.0,7.0,7.0
2422,-170.0,219.9690713431428,4.0,7.0,7.0
2423,-158.0,219.9690713431428,4.0,7.0,7.0
2424,-146.0,219.9690713431428,4.0,7.0,7.0
2425,-134.0,219.9690713431428,4.0,7.0,7.0
2426,-122.0,219.9690713431428,4.0,7.0,7.0
2427,-110.0,219.9690713431428,4.0,7.0,7.0
2428,-98.0,219.9690713431428,4.0,7.0,7.0
2429,-86.0,219.9690713431428,4.0,7.0,7.0
2430,-74.0,219.9690713431428,4.0,7.0,7.0
2431,-62.0,219.9690713431428,4.0,7.0,7.0
2432,-50.0,219.9690713431428,4.0,7.0,7.0
2433,-38.0,219.9690713431428,4.0,7.0,7.0
2434,-26.0,219.9690713431428,4.0,7.0,7.0
2435,-14.0,219.9690713431428,4.0,7.0,7.0
2436,-2.0,219.9690713431428,4.0,7.0,7.0
2437,10.0,219.9690713431428,4.0,7.0,7.0
2438,22.0,219.9690713431428,4.0,7.0,7.0
2439,34.0,219.9690713431428,4.0,7.0,7.0
2440,46.0,219.9690713431428,4.0,7.0,7.0
2441,58.0,219.9690713431428,4.0,7.0,7.0
2442,70.0,219.9690713431428,4.0,7.0,7.0
2443,82.0,219.9690713431428,4.0,7.0,7.0
2444,94.0,219.9690713431428,4.0,7.0,7.0
2445,106.0,219.9690713431428,4.0,7.0,7.0
2446,118.0,219.9690713431428,4.0,7.0,7.0
2447,130.0,219.9690713431428,4.0,7.0,7.0
2448,142.0,219.9690713431428,4.0,7.0,7.0
2449,154.0,219.9690713431428,4.0,7.0,7.0
2450,166.0,219.9690713431428,4.0,7.0,7.0
2451,178.0,219.9690713431428,4.0,7.0,7.0
2452,190.0,219.9690713431428,4.0,7.0,7.0
2453,202.0,219.9690713431428,4.0,7.0,7.0
2454,214.0,219.9690713431428,4.0,7.0,7.0
2455,226.0,219.9690713431428,4.0,7.0,7.0
2456,238.0,219.9690713431428,4.0,7.0,7.0
2457,250.0,219.9690713431428,4.0,7.0,7.0
2458,262.0,219.9690713431428,4.0,7.0,7.0
2459,-260.0,230.36137618855605,4.0,7.0,7.0
2460,-248.0,230.36137618855605,4.0,7.0,7.0
2461,-236.0,230.36137618855605,4.0,7.0,7.0
2462,-224.0,230.36137618855605,4.0,7.0,7.0
2463,-212.0,230.36137618855605,4.0,7.0,7.0
2464,-200.0,230.36137618855605,4.0,7.0,7.0
2465,-188.0,230.36137618855605,4.0,7.0,7.0
2466,-176.0,230.36137618855605,4.0,7.0,7.0
2467,-164.0,230.36137618855605,4.0,7.0,7.0
2468,-152.0,230.36137618855605,4.0,7.0,7.0
2469,-140.0,230.36137618855605,4.0,7.0,7.0
2470,-128.0,230.36137618855605,4.0,7.0,7.0
2471,-116.0,230.36137618855605,4.0,7.0,7.0
2472,-104.0,230.36137618855605,4.0,7.0,7.0
2473,-92.0,230.36137618855605,4.0,7.0,7.0
2474,-80.0,230.36137618855605,4.0,7.0,7.0
2475,-68.0,230.36137618855605,4.0,7.0,7.0
2476,-56.0,230.36137618855605,4.0,7.0,7.0
2477,-44.0,230.36137618855605,4.0,7.0,7.0
2478,-32.0,230.36137618855605,4.0,7.0,7.0
2479,-20.0,230.36137618855605,4.0,7.0,7.0
2480,-8.0,230.36137618855605,4.0,7.0,7.0
2481,4.0,230.36137618855605,4.0,7.0,7.0
2482,16.0,230.36137618855605,4.0,7.0,7.0
2483,28.0,230.36137618855605,4.0,7.0,7.0
2484,40.0,230.36137618855605,4.0,7.0,7.0
2485,52.0,230.36137618855605,4.0,7.0,7.0
2486,64.0,230.36137618855605,4.0,7.0,7.0
2487,76.0,230.36137618855605,4.0,7.0,7.0
2488,88.0,230.36137618855605,4.0,7.0,7.0
2489,100.0,230.36137618855605,4.0,7.0,7.0
2490,112.0,230.36137618855605,4.0,7.0,7.0
2491,124.0,230.36137618855605,4.0,7.0,7.0
2492,136.0,230.36137618855605,4.0,7.0,7.0
2493,148.0,230.36137618855605,4.0,7.0,7.0
2494,160.0,230.36137618855605,4.0,7.0,7.0
2495,172.0,230.36137618855605,4.0,7.0,7.0
2496,184.0,230.36137618855605,4.0,7.0,7.0
2497,196.0,230.36137618855605,4.0,7.0,7.0
2498,208.0,230.36137618855605,4.0,7.0,7.0
2499,220.0,230.36137618855605,4.0,7.0,7.0
2500,232.0,230.36137618855605,4.0,7.0,7.0
2501,244.0,230.36137618855605,4.0,7.0,7.0
2502,256.0,230.36137618855605,4.0,7.0,7.0
2503,-254.0,240.75368103396931,4.0,7.0,7.0
2504,-242.0,240.75368103396931,4.0,7.0,7.0
2505,-230.0,240.75368103396931,4.0,7.0,7.0
2506,-218.0,240.75368103396931,4.0,7.0,7.0
2507,-206.0,240.75368103396931,4.0,7.0,7.0
2508,-194.0,240.75368103396931,4.0,7.0,7.0
2509,-182.0,240.75368103396931,4.0,7.0,7.0
2510,-170.0,240.75368103396931,4.0,7.0,7.0
2511,-158.0,240.75368103396931,4.0,7.0,7.0
2512,-146.0,240.75368103396931,4.0,7.0,7.0
2513,-134.0,240.75368103396931,4.0,7.0,7.0
2514,-122.0,240.75368103396931,4.0,7.0,7.0
2515,-110.0,240.75368103396931,4.0,7.0,7.0
2516,-98.0,240.75368103396931,4.0,7.0,7.0
2517,-86.0,240.75368103396931,4.0,7.0,7.0
2518,-74.0,240.75368103396931,4.0,7.0,7.0
2519,-62.0,240.75368103396931,4.0,7.0,7.0
2520,-50.0,240.75368103396931,4.0,7.0,7.0
2521,-38.0,240.75368103396931,4.0,7.0,7.0
2522,-26.0,240.75368103396931,4.0,7.0,7.0
2523,-14.0,240.75368103396931,4.0,7.0,7.0
2524,-2.0,240.75368103396931,4.0,7.0,7.0
2525,10.0,240.75368103396931,4.0,7.0,7.0
2526,22.0,240.75368103396931,4.0,7.0,7.0
2527,34.0,240.75368103396931,4.0,7.0,7.0
2528,46.0,240.75368103396931,4.0,7.0,7.0
2529,58.0,240.75368103396931,4.0,7.0,7.0
2530,70.0,240.75368103396931,4.0,7.0,7.0
2531,82.0,240.75368103396931,4.0,7.0,7.0
2532,94.0,240.75368103396931,4.0,7.0,7.0
2533,106.0,240.75368103396931,4.0,7.0,7.0
2534,118.0,240.75368103396931,4.0,7.0,7.0
2535,130.0,240.75368103396931,4.0,7.0,7.0
2536,142.0,240.75368103396931,4.0,7.0,7.0
2537,154.0,240.75368103396931,4.0,7.0,7.0
2538,166.0,240.75368103396931,4.0,7.0,7.0
2539,178.0,240.75368103396931,4.0,7.0,7.0
2540,190.0,240.75368103396931,4.0,7.0,7.0
2541,202.0,240.75368103396931,4.0,7.0,7.0
2542,214.0,240.75368103396931,4.0,7.0,7.0
2543,226.0,240.75368103396931,4.0,7.0,7.0
2544,238.0,240.75368103396931,4.0,7.0,7.0
2545,250.0,240.75368103396931,4.0,7.0,7.0
2546,-236.0,251.14598587938258,4.0,7.0,7.0
2547,-224.0,251.14598587938258,4.0,7.0,7.0
2548,-212.0,251.14598587938258,4.0,7.0,7.0
2549,-200.0,251.14598587938258,4.0,7.0,7.0
2550,-188.0,251.14598587938258,4.0,7.0,7.0
2551,-176.0,251.14598587938258,4.0,7.0,7.0
2552,-164.0,251.14598587938258,4.0,7.0,7.0
2553,-152.0,251.14598587938258,4.0,7.0,7.0
2554,-140.0,251.14598587938258,4.0,7.0,7.0
2555,-128.0,251.14598587938258,4.0,7.0,7.0
2556,-116.0,251.14598587938258,4.0,7.0,7.0
2557,-104.0,251.14598587938258,4.0,7.0,7.0
2558,-92.0,251.14598587938258,4.0,7.0,7.0
2559,-80.0,251.14598587938258,4.0,7.0,7.0
2560,-68.0,251.14598587938258,4.0,7.0,7.0
2561,-56.0,251.14598587938258,4.0,7.0,7.0
2562,-44.0,251.14598587938258,4.0,7.0,7.0
2563,-32.0,251.14598587938258,4.0,7.0,7.0
2564,-20.0,251.14598587938258,4.0,7.0,7.0
2565,-8.0,251.14598587938258,4.0,7.0,7.0
2566,4.0,251.14598587938258,4.0,7.0,7.0
2567,16.0,251.14598587938258,4.0,7.0,7.0
2568,28.0,251.14598587938258,4.0,7.0,7.0
2569,40.0,251.14598587938258,4.0,7.0,7.0
2570,52.0,251.14598587938258,4.0,7.0,7.0
2571,64.0,251.14598587938258,4.0,7.0,7.0
2572,76.0,251.14598587938258,4.0,7.0,7.0
2573,88.0,251.14598587938258,4.0,7.0,7.0
2574,100.0,251.14598587938258,4.0,7.0,7.0
2575,112.0,251.14598587938258,4.0,7.0,7.0
2576,124.0,251.14598587938258,4.0,7.0,7.0
2577,136.0,251.14598587938258,4.0,7.0,7.0
2578,148.0,251.14598587938258,4.0,7.0,7.0
2579,160.0,251.14598587938258,4.0,7.0,7.0
2580,172.0,251.14598587938258,4.0,7.0,7.0
2581,184.0,251.14598587938258,4.0,7.0,7.0
2582,196.0,251.14598587938258,4.0,7.0,7.0
2583,208.0,251.14598587938258,4.0,7.0,7.0
2584,220.0,251.14598587938258,4.0,7.0,7.0
2585,232.0,251.14598587938258,4.0,7.0,7.0
2586,-230.0,261.53829072479584,4.0,7.0,7.0
2587,-218.0,261.53829072479584,4.0,7.0,7.0
2588,-206.0,261.53829072479584,4.0,7.0,7.0
2589,-194.0,261.53829072479584,4.0,7.0,7.0
2590,-182.0,261.53829072479584,4.0,7.0,7.0
2591,-170.0,261.53829072479584,4.0,7.0,7.0
2592,-158.0,261.53829072479584,4.0,7.0,7.0
2593,-146.0,261.53829072479584,4.0,7.0,7.0
2594,-134.0,261.53829072479584,4.0,7.0,7.0
2595,-122.0,261.53829072479584,4.0,7.0,7.0
2596,-110.0,261.53829072479584,4.0,7.0,7.0
2597,-98.0,261.53829072479584,4.0,7.0,7.0
2598,-86.0,261.53829072479584,4.0,7.0,7.0
2599,-74.0,261.53829072479584,4.0,7.0,7.0
2600,-62.0,261.53829072479584,4.0,7.0,7.0
2601,-50.0,261.53829072479584,4.0,7.0,7.0
2602,-38.0,261.53829072479584,4.0,7.0,7.0
2603,-26.0,261.53829072479584,4.0,7.0,7.0
2604,-14.0,261.53829072479584,4.0,7.0,7.0
2605,-2.0,261.53829072479584,4.0,7.0,7.0
2606,10.0,261.53829072479584,4.0,7.0,7.0
2607,22.0,261.53829072479584,4.0,7.0,7.0
2608,34.0,261.53829072479584,4.0,7.0,7.0
2609,46.0,261.53829072479584,4.0,7.0,7.0
2610,58.0,261.53829072479584,4.0,7.0,7.0
2611,70.0,261.53829072479584,4.0,7.0,7.0
2612,82.0,261.53829072479584,4.0,7.0,7.0
2613,94.0,261.53829072479584,4.0,7.0,7.0
2614,106.0,261.53829072479584,4.0,7.0,7.0
2615,118.0,261.53829072479584,4.0,7.0,7.0
2616,130.0,261.53829072479584,4.0,7.0,7.0
2617,142.0,261.53829072479584,4.0,7.0,7.0
2618,154.0,261.53829072479584,4.0,7.0,7.0
2619,166.0,261.53829072479584,4.0,7.0,7.0
2620,178.0,261.53829072479584,4.0,7.0,7.0
2621,190.0,261.53829072479584,4.0,7.0,7.0
2622,202.0,261.53829072479584,4.0,7.0,7.0
2623,214.0,261.53829072479584,4.0,7.0,7.0
2624,226.0,261.53829072479584,4.0,7.0,7.0
2625,-212.0,271.9305955702091,4.0,7.0,7.0
2626,-200.0,271.9305955702091,4.0,7.0,7.0
2627,-188.0,271.9305955702091,4.0,7.0,7.0
2628,-176.0,271.9305955702091,4.0,7.0,7.0
2629,-164.0,271.9305955702091,4.0,7.0,7.0
2630,-152.0,271.9305955702091,4.0,7.0,7.0
2631,-140.0,271.9305955702091,4.0,7.0,7.0
2632,-128.0,271.9305955702091,4.0,7.0,7.0
2633,-116.0,271.9305955702091,4.0,7.0,7.0
2634,-104.0,271.9305955702091,4.0,7.0,7.0
2635,-92.0,271.9305955702091,4.0,7.0,7.0
2636,-80.0,271.9305955702091,4.0,7.0,7.0
2637,-68.0,271.9305955702091,4.0,7.0,7.0
2638,-56.0,271.9305955702091,4.0,7.0,7.0
2639,-44.0,271.9305955702091,4.0,7.0,7.0
2640,-32.0,271.9305955702091,4.0,7.0,7.0
2641,-20.0,271.9305955702091,4.0,7.0,7.0
2642,-8.0,271.9305955702091,4.0,7.0,7.0
2643,4.0,271.9305955702091,4.0,7.0,7.0
2644,16.0,271.9305955702091,4.0,7.0,7.0
2645,28.0,271.9305955702091,4.0,7.0,7.0
2646,40.0,271.9305955702091,4.0,7.0,7.0
2647,52.0,271.9305955702091,4.0,7.0,7.0
2648,64.0,271.9305955702091,4.0,7.0,7.0
2649,76.0,271.9305955702091,4.0,7.0,7.0
2650,88.0,271.9305955702091,4.0,7.0,7.0
2651,100.0,271.9305955702091,4.0,7.0,7.0
2652,112.0,271.9305955702091,4.0,7.0,7.0
2653,124.0,271.9305955702091,4.0,7.0,7.0
2654,136.0,271.9305955702091,4.0,7.0,7.0
2655,148.0,271.9305955702091,4.0,7.0,7.0
2656,160.0,271.9305955702091,4.0,7.0,7.0
2657,172.0,271.9305955702091,4.0,7.0,7.0
2658,184.0,271.9305955702091,4.0,7.0,7.0
2659,196.0,271.9305955702091,4.0,7.0,7.0
2660,208.0,271.9305955702091,4.0,7.0,7.0
2661,220.0,271.9305955702091,4.0,7.0,7.0
2662,-206.0,282.32290041562237,4.0,7.0,7.0
2663,-194.0,282.32290041562237,4.0,7.0,7.0
2664,-182.0,282.32290041562237,4.0,7.0,7.0
2665,-170.0,282.32290041562237,4.0,7.0,7.0
2666,-158.0,282.32290041562237,4.0,7.0,7.0
2667,-146.0,282.32290041562237,4.0,7.0,7.0
2668,-134.0,282.32290041562237,4.0,7.0,7.0
2669,-122.0,282.32290041562237,4.0,7.0,7.0
2670,-110.0,282.32290041562237,4.0,7.0,7.0
2671,-98.0,282.32290041562237,4.0,7.0,7.0
2672,-86.0,282.32290041562237,4.0,7.0,7.0
2673,-74.0,282.32290041562237,4.0,7.0,7.0
2674,-62.0,282.32290041562237,4.0,7.0,7.0
2675,-50.0,282.32290041562237,4.0,7.0,7.0
2676,-38.0,282.32290041562237,4.0,7.0,7.0
2677,-26.0,282.32290041562237,4.0,7.0,7.0
2678,-14.0,282.32290041562237,4.0,7.0,7.0
2679,-2.0,282.32290041562237,4.0,7.0,7.0
2680,10.0,282.32290041562237,4.0,7.0,7.0
2681,22.0,282.32290041562237,4.0,7.0,7.0
2682,34.0,282.32290041562237,4.0,7.0,7.0
2683,46.0,282.32290041562237,4.0,7.0,7.0
2684,58.0,282.32290041562237,4.0,7.0,7.0
2685,70.0,282.32290041562237,4.0,7.0,7.0
2686,82.0,282.32290041562237,4.0,7.0,7.0
2687,94.0,282.32290041562237,4.0,7.0,7.0
2688,106.0,282.32290041562237,4.0,7.0,7.0
2689,118.0,282.32290041562237,4.0,7.0,7.0
2690,130.0,282.32290041562237,4.0,7.0,7.0
2691,142.0,282.32290041562237,4.0,7.0,7.0
2692,154.0,282.32290041562237,4.0,7.0,7.0
2693,166.0,282.32290041562237,4.0,7.0,7.0
2694,178.0,282.32290041562237,4.0,7.0,7.0
2695,190.0,282.32290041562237,4.0,7.0,7.0
2696,202.0,282.32290041562237,4.0,7.0,7.0
2697,-188.0,292.71520526103563,4.0,7.0,7.0
2698,-176.0,292.71520526103563,4.0,7.0,7.0
2699,-164.0,292.71520526103563,4.0,7.0,7.0
2700,-152.0,292.71520526103563,4.0,7.0,7.0
2701,-140.0,292.71520526103563,4.0,7.0,7.0
2702,-128.0,292.71520526103563,4.0,7.0,7.0
2703,-116.0,292.71520526103563,4.0,7.0,7.0
2704,-104.0,292.71520526103563,4.0,7.0,7.0
2705,-92.0,292.71520526103563,4.0,7.0,7.0
2706,-80.0,292.71520526103563,4.0,7.0,7.0
2707,-68.0,292.71520526103563,4.0,7.0,7.0
2708,-56.0,292.71520526103563,4.0,7.0,7.0
2709,-44.0,292.71520526103563,4.0,7.0,7.0
2710,-32.0,292.71520526103563,4.0,7.0,7.0
2711,-20.0,292.71520526103563,4.0,7.0,7.0
2712,-8.0,292.71520526103563,4.0,7.0,7.0
2713,4.0,292.71520526103563,4.0,7.0,7.0
2714,16.0,292.71520526103563,4.0,7.0,7.0
2715,28.0,292.71520526103563,4.0,7.0,7.0
2716,40.0,292.71520526103563,4.0,7.0,7.0
2717,52.0,292.71520526103563,4.0,7.0,7.0
2718,64.0,292.71520526103563,4.0,7.0,7.0
2719,76.0,292.71520526103563,4.0,7.0,7.0
2720,88.0,292.71520526103563,4.0,7.0,7.0
2721,100.0,292.71520526103563,4.0,7.0,7.0
2722,112.0,292.71520526103563,4.0,7.0,7.0
2723,124.0,292.71520526103563,4.0,7.0,7.0
2724,136.0,292.71520526103563,4.0,7.0,7.0
2725,148.0,292.71520526103563,4.0,7.0,7.0
2726,160.0,292.71520526103563,4.0,7.0,7.0
2727,172.0,292.71520526103563,4.0,7.0,7.0
2728,184.0,292.71520526103563,4.0,7.0,7.0
2729,-170.0,303.1075101064489,4.0,7.0,7.0
2730,-158.0,303.1075101064489,4.0,7.0,7.0
2731,-146.0,303.1075101064489,4.0,7.0,7.0
2732,-134.0,303.1075101064489,4.0,7.0,7.0
2733,-122.0,303.1075101064489,4.0,7.0,7.0
2734,-110.0,303.1075101064489,4.0,7.0,7.0
2735,-98.0,303.1075101064489,4.0,7.0,7.0
2736,-86.0,303.1075101064489,4.0,7.0,7.0
2737,-74.0,303.1075101064489,4.0,7.0,7.0
2738,-62.0,303.1075101064489,4.0,7.0,7.0
2739,-50.0,303.1075101064489,4.0,7.0,7.0
2740,-38.0,303.1075101064489,4.0,7.0,7.0
2741,-26.0,303.1075101064489,4.0,7.0,7.0
2742,-14.0,303.1075101064489,4.0,7.0,7.0
2743,-2.0,303.1075101064489,4.0,7.0,7.0
2744,10.0,303.1075101064489,4.0,7.0,7.0
2745,22.0,303.1075101064489,4.0,7.0,7.0
2746,34.0,303.1075101064489,4.0,7.0,7.0
2747,46.0,303.1075101064489,4.0,7.0,7.0
2748,58.0,303.1075101064489,4.0,7.0,7.0
2749,70.0,303.1075101064489,4.0,7.0,7.0
2750,82.0,303.1075101064489,4.0,7.0,7.0
2751,94.0,303.1075101064489,4.0,7.0,7.0
2752,106.0,303.1075101064489,4.0,7.0,7.0
2753,118.0,303.1075101064489,4.0,7.0,7.0
2754,130.0,303.1075101064489,4.0,7.0,7.0
2755,142.0,303.1075101064489,4.0,7.0,7.0
2756,154.0,303.1075101064489,4.0,7.0,7.0
2757,166.0,303.1075101064489,4.0,7.0,7.0
2758,-152.0,313.49981495186216,4.0,7.0,7.0
2759,-140.0,313.49981495186216,4.0,7.0,7.0
2760,-128.0,313.49981495186216,4.0,7.0,7.0
2761,-116.0,313.49981495186216,4.0,7.0,7.0
2762,-104.0,313.49981495186216,4.0,7.0,7.0
2763,-92.0,313.49981495186216,4.0,7.0,7.0
2764,-80.0,313.49981495186216,4.0,7.0,7.0
2765,-68.0,313.49981495186216,4.0,7.0,7.0
2766,-56.0,313.49981495186216,4.0,7.0,7.0
2767,-44.0,313.49981495186216,4.0,7.0,7.0
2768,-32.0,313.49981495186216,4.0,7.0,7.0
2769,-20.0,313.49981495186216,4.0,7.0,7.0
2770,-8.0,313.49981495186216,4.0,7.0,7.0
2771,4.0,313.49981495186216,4.0,7.0,7.0
2772,16.0,313.49981495186216,4.0,7.0,7.0
2773,28.0,313.49981495186216,4.0,7.0,7.0
2774,40.0,313.49981495186216,4.0,7.0,7.0
2775,52.0,313.49981495186216,4.0,7.0,7.0
2776,64.0,313.49981495186216,4.0,7.0,7.0
2777,76.0,313.49981495186216,4.0,7.0,7.0
2778,88.0,313.49981495186216,4.0,7.0,7.0
2779,100.0,313.49981495186216,4.0,7.0,7.0
2780,112.0,313.49981495186216,4.0,7.0,7.0
2781,124.0,313.49981495186216,4.0,7.0,7.0
2782,136.0,313.49981495186216,4.0,7.0,7.0
2783,148.0,313.49981495186216,4.0,7.0,7.0
2784,-122.0,323.8921197972754,4.0,7.0,7.0
2785,-110.0,323.8921197972754,4.0,7.0,7.0
2786,-98.0,323.8921197972754,4.0,7.0,7.0
2787,-86.0,323.8921197972754,4.0,7.0,7.0
2788,-74.0,323.8921197972754,4.0,7.0,7.0
2789,-62.0,323.8921197972754,4.0,7.0,7.0
2790,-50.0,323.8921197972754,4.0,7.0,7.0
2791,-38.0,323.8921197972754,4.0,7.0,7.0
2792,-26.0,323.8921197972754,4.0,7.0,7.0
2793,-14.0,323.8921197972754,4.0,7.0,7.0
2794,-2.0,323.8921197972754,4.0,7.0,7.0
2795,10.0,323.8921197972754,4.0,7.0,7.0
2796,22.0,323.8921197972754,4.0,7.0,7.0
2797,34.0,323.8921197972754,4.0,7.0,7.0
2798,46.0,323.8921197972754,4.0,7.0,7.0
2799,58.0,323.8921197972754,4.0,7.0,7.0
2800,70.0,323.8921197972754,4.0,7.0,7.0
2801,82.0,323.8921197972754,4.0,7.0,7.0
2802,94.0,323.8921197972754,4.0,7.0,7.0
2803,106.0,323.8921197972754,4.0,7.0,7.0
2804,118.0,323.8921197972754,4.0,7.0,7.0
2805,130.0,323.8921197972754,4.0,7.0,7.0
2806,-92.0,334.2844246426887,4.0,7.0,7.0
2807,-80.0,334.2844246426887,4.0,7.0,7.0
2808,-68.0,334.2844246426887,4.0,7.0,7.0
2809,-56.0,334.2844246426887,4.0,7.0,7.0
2810,-44.0,334.2844246426887,4.0,7.0,7.0
2811,-32.0,334.2844246426887,4.0,7.0,7.0
2812,-20.0,334.2844246426887,4.0,7.0,7.0
2813,-8.0,334.2844246426887,4.0,7.0,7.0
2814,4.0,334.2844246426887,4.0,7.0,7.0
2815,16.0,334.2844246426887,4.0,7.0,7.0
2816,28.0,334.2844246426887,4.0,7.0,7.0
2817,40.0,334.2844246426887,4.0,7.0,7.0
2818,52.0,334.2844246426887,4.0,7.0,7.0
2819,64.0,334.2844246426887,4.0,7.0,7.0
2820,76.0,334.2844246426887,4.0,7.0,7.0
2821,88.0,334.2844246426887,4.0,7.0,7.0
2822,100.0,334.2844246426887,4.0,7.0,7.0
2823,-50.0,344.67672948810196,4.0,7.0,7.0
2824,-38.0,344.67672948810196,4.0,7.0,7.0
2825,-26.0,344.67672948810196,4.0,7.0,7.0
2826,-14.0,344.67672948810196,4.0,7.0,7.0
2827,-2.0,344.67672948810196,4.0,7.0,7.0
2828,10.0,344.67672948810196,4.0,7.0,7.0
2829,22.0,344.67672948810196,4.0,7.0,7.0
2830,34.0,344.67672948810196,4.0,7.0,7.0
2831,46.0,344.67672948810196,4.0,7.0,7.0
2832,58.0,344.67672948810196,4.0,7.0,7.0
