heliostat_id,x_m,y_m,z_m,width_m,height_m
1,-32.459999999999866,-347.6539489551934,4.0,7.0,7.0
2,-20.33999999999986,-347.6539489551934,4.0,7.0,7.0
3,-8.219999999999859,-347.6539489551934,4.0,7.0,7.0
4,3.900000000000146,-347.6539489551934,4.0,7.0,7.0
5,16.020000000000152,-347.6539489551934,4.0,7.0,7.0
6,28.140000000000157,-347.6539489551934,4.0,7.0,7.0
7,40.26000000000016,-347.6539489551934,4.0,7.0,7.0
8,-86.99999999999989,-337.157721061326,4.0,7.0,7.0
9,-74.87999999999988,-337.157721061326,4.0,7.0,7.0
10,-62.75999999999988,-337.157721061326,4.0,7.0,7.0
11,-50.63999999999987,-337.157721061326,4.0,7.0,7.0
12,-38.51999999999987,-337.157721061326,4.0,7.0,7.0
13,-26.399999999999864,-337.157721061326,4.0,7.0,7.0
14,-14.279999999999859,-337.157721061326,4.0,7.0,7.0
15,-2.1599999999998545,-337.157721061326,4.0,7.0,7.0
16,9.96000000000015,-337.157721061326,4.0,7.0,7.0
17,22.080000000000155,-337.157721061326,4.0,7.0,7.0
18,34.20000000000016,-337.157721061326,4.0,7.0,7.0
19,46.320000000000164,-337.157721061326,4.0,7.0,7.0
20,58.44000000000017,-337.157721061326,4.0,7.0,7.0
21,70.56000000000017,-337.157721061326,4.0,7.0,7.0
22,82.68000000000018,-337.157721061326,4.0,7.0,7.0
23,-117.2999999999999,-326.6614931674586,4.0,7.0,7.0
24,-105.1799999999999,-326.6614931674586,4.0,7.0,7.0
25,-93.05999999999989,-326.6614931674586,4.0,7.0,7.0
26,-80.93999999999988,-326.6614931674586,4.0,7.0,7.0
27,-68.81999999999988,-326.6614931674586,4.0,7.0,7.0
28,-56.699999999999875,-326.6614931674586,4.0,7.0,7.0
29,-44.57999999999987,-326.6614931674586,4.0,7.0,7.0
30,-32.459999999999866,-326.6614931674586,4.0,7.0,7.0
31,-20.33999999999986,-326.6614931674586,4.0,7.0,7.0
32,-8.219999999999859,-326.6614931674586,4.0,7.0,7.0
33,3.900000000000146,-326.6614931674586,4.0,7.0,7.0
34,16.020000000000152,-326.6614931674586,4.0,7.0,7.0
35,28.140000000000157,-326.6614931674586,4.0,7.0,7.0
36,40.26000000000016,-326.6614931674586,4.0,7.0,7.0
37,52.380000000000166,-326.6614931674586,4.0,7.0,7.0
38,64.50000000000017,-326.6614931674586,4.0,7.0,7.0
39,76.62000000000018,-326.6614931674586,4.0,7.0,7.0
40,88.74000000000018,-326.6614931674586,4.0,7.0,7.0
41,100.86000000000018,-326.6614931674586,4.0,7.0,7.0
42,112.98000000000019,-326.6614931674586,4.0,7.0,7.0
43,125.1000000000002,-326.6614931674586,4.0,7.0,7.0
44,-147.5999999999999,-316.1652652735912,4.0,7.0,7.0
45,-135.4799999999999,-316.1652652735912,4.0,7.0,7.0
46,-123.3599999999999,-316.1652652735912,4.0,7.0,7.0
47,-111.2399999999999,-316.1652652735912,4.0,7.0,7.0
48,-99.11999999999989,-316.1652652735912,4.0,7.0,7.0
49,-86.99999999999989,-316.1652652735912,4.0,7.0,7.0
50,-74.87999999999988,-316.1652652735912,4.0,7.0,7.0
51,-62.75999999999988,-316.1652652735912,4.0,7.0,7.0
52,-50.63999999999987,-316.1652652735912,4.0,7.0,7.0
53,-38.51999999999987,-316.1652652735912,4.0,7.0,7.0
54,-26.399999999999864,-316.1652652735912,4.0,7.0,7.0
55,-14.279999999999859,-316.1652652735912,4.0,7.0,7.0
56,-2.1599999999998545,-316.1652652735912,4.0,7.0,7.0
57,9.96000000000015,-316.1652652735912,4.0,7.0,7.0
58,22.080000000000155,-316.1652652735912,4.0,7.0,7.0
59,34.20000000000016,-316.1652652735912,4.0,7.0,7.0
60,46.320000000000164,-316.1652652735912,4.0,7.0,7.0
61,58.44000000000017,-316.1652652735912,4.0,7.0,7.0
62,70.56000000000017,-316.1652652735912,4.0,7.0,7.0
63,82.68000000000018,-316.1652652735912,4.0,7.0,7.0
64,94.80000000000018,-316.1652652735912,4.0,7.0,7.0
65,106.92000000000019,-316.1652652735912,4.0,7.0,7.0
66,119.04000000000019,-316.1652652735912,4.0,7.0,7.0
67,131.1600000000002,-316.1652652735912,4.0,7.0,7.0
68,143.2800000000002,-316.1652652735912,4.0,7.0,7.0
69,-165.77999999999992,-305.6690373797238,4.0,7.0,7.0
70,-153.6599999999999,-305.6690373797238,4.0,7.0,7.0
71,-141.5399999999999,-305.6690373797238,4.0,7.0,7.0
72,-129.4199999999999,-305.6690373797238,4.0,7.0,7.0
73,-117.2999999999999,-305.6690373797238,4.0,7.0,7.0
74,-105.1799999999999,-305.6690373797238,4.0,7.0,7.0
75,-93.05999999999989,-305.6690373797238,4.0,7.0,7.0
76,-80.93999999999988,-305.6690373797238,4.0,7.0,7.0
77,-68.81999999999988,-305.6690373797238,4.0,7.0,7.0
78,-56.699999999999875,-305.6690373797238,4.0,7.0,7.0
79,-44.57999999999987,-305.6690373797238,4.0,7.0,7.0
80,-32.459999999999866,-305.6690373797238,4.0,7.0,7.0
81,-20.33999999999986,-305.6690373797238,4.0,7.0,7.0
82,-8.219999999999859,-305.6690373797238,4.0,7.0,7.0
83,3.900000000000146,-305.6690373797238,4.0,7.0,7.0
84,16.020000000000152,-305.6690373797238,4.0,7.0,7.0
85,28.140000000000157,-305.6690373797238,4.0,7.0,7.0
86,40.26000000000016,-305.6690373797238,4.0,7.0,7.0
87,52.380000000000166,-305.6690373797238,4.0,7.0,7.0
88,64.50000000000017,-305.6690373797238,4.0,7.0,7.0
89,76.62000000000018,-305.6690373797238,4.0,7.0,7.0
90,88.74000000000018,-305.6690373797238,4.0,7.0,7.0
91,100.86000000000018,-305.6690373797238,4.0,7.0,7.0
92,112.98000000000019,-305.6690373797238,4.0,7.0,7.0
93,125.1000000000002,-305.6690373797238,4.0,7.0,7.0
94,137.2200000000002,-305.6690373797238,4.0,7.0,7.0
95,149.3400000000002,-305.6690373797238,4.0,7.0,7.0
96,161.4600000000002,-305.6690373797238,4.0,7.0,7.0
97,-183.95999999999992,-295.1728094858564,4.0,7.0,7.0
98,-171.83999999999992,-295.1728094858564,4.0,7.0,7.0
99,-159.7199999999999,-295.1728094858564,4.0,7.0,7.0
100,-147.5999999999999,-295.1728094858564,4.0,7.0,7.0
101,-135.4799999999999,-295.1728094858564,4.0,7.0,7.0
102,-123.3599999999999,-295.1728094858564,4.0,7.0,7.0
103,-111.2399999999999,-295.1728094858564,4.0,7.0,7.0
104,-99.11999999999989,-295.1728094858564,4.0,7.0,7.0
105,-86.99999999999989,-295.1728094858564,4.0,7.0,7.0
106,-74.87999999999988,-295.1728094858564,4.0,7.0,7.0
107,-62.75999999999988,-295.1728094858564,4.0,7.0,7.0
108,-50.63999999999987,-295.1728094858564,4.0,7.0,7.0
109,-38.51999999999987,-295.1728094858564,4.0,7.0,7.0
110,-26.399999999999864,-295.1728094858564,4.0,7.0,7.0
111,-14.279999999999859,-295.1728094858564,4.0,7.0,7.0
112,-2.1599999999998545,-295.1728094858564,4.0,7.0,7.0
113,9.96000000000015,-295.1728094858564,4.0,7.0,7.0
114,22.080000000000155,-295.1728094858564,4.0,7.0,7.0
115,34.20000000000016,-295.1728094858564,4.0,7.0,7.0
116,46.320000000000164,-295.1728094858564,4.0,7.0,7.0
117,58.44000000000017,-295.1728094858564,4.0,7.0,7.0
118,70.56000000000017,-295.1728094858564,4.0,7.0,7.0
119,82.68000000000018,-295.1728094858564,4.0,7.0,7.0
120,94.80000000000018,-295.1728094858564,4.0,7.0,7.0
121,106.92000000000019,-295.1728094858564,4.0,7.0,7.0
122,119.04000000000019,-295.1728094858564,4.0,7.0,7.0
123,131.1600000000002,-295.1728094858564,4.0,7.0,7.0
124,143.2800000000002,-295.1728094858564,4.0,7.0,7.0
125,155.4000000000002,-295.1728094858564,4.0,7.0,7.0
126,167.5200000000002,-295.1728094858564,4.0,7.0,7.0
127,179.6400000000002,-295.1728094858564,4.0,7.0,7.0
128,-202.13999999999993,-284.676581591989,4.0,7.0,7.0
129,-190.01999999999992,-284.676581591989,4.0,7.0,7.0
130,-177.89999999999992,-284.676581591989,4.0,7.0,7.0
131,-165.77999999999992,-284.676581591989,4.0,7.0,7.0
132,-153.6599999999999,-284.676581591989,4.0,7.0,7.0
133,-141.5399999999999,-284.676581591989,4.0,7.0,7.0
134,-129.4199999999999,-284.676581591989,4.0,7.0,7.0
135,-117.2999999999999,-284.676581591989,4.0,7.0,7.0
136,-105.1799999999999,-284.676581591989,4.0,7.0,7.0
137,-93.05999999999989,-284.676581591989,4.0,7.0,7.0
138,-80.93999999999988,-284.676581591989,4.0,7.0,7.0
139,-68.81999999999988,-284.676581591989,4.0,7.0,7.0
140,-56.699999999999875,-284.676581591989,4.0,7.0,7.0
141,-44.57999999999987,-284.676581591989,4.0,7.0,7.0
142,-32.459999999999866,-284.676581591989,4.0,7.0,7.0
143,-20.33999999999986,-284.676581591989,4.0,7.0,7.0
144,-8.219999999999859,-284.676581591989,4.0,7.0,7.0
145,3.900000000000146,-284.676581591989,4.0,7.0,7.0
146,16.020000000000152,-284.676581591989,4.0,7.0,7.0
147,28.140000000000157,-284.676581591989,4.0,7.0,7.0
148,40.26000000000016,-284.676581591989,4.0,7.0,7.0
149,52.380000000000166,-284.676581591989,4.0,7.0,7.0
150,64.50000000000017,-284.676581591989,4.0,7.0,7.0
151,76.62000000000018,-284.676581591989,4.0,7.0,7.0
152,88.74000000000018,-284.676581591989,4.0,7.0,7.0
153,100.86000000000018,-284.676581591989,4.0,7.0,7.0
154,112.98000000000019,-284.676581591989,4.0,7.0,7.0
155,125.1000000000002,-284.676581591989,4.0,7.0,7.0
156,137.2200000000002,-284.676581591989,4.0,7.0,7.0
157,149.3400000000002,-284.676581591989,4.0,7.0,7.0
158,161.4600000000002,-284.676581591989,4.0,7.0,7.0
159,173.5800000000002,-284.676581591989,4.0,7.0,7.0
160,185.70000000000022,-284.676581591989,4.0,7.0,7.0
161,197.82000000000022,-284.676581591989,4.0,7.0,7.0
162,-208.19999999999993,-274.1803536981216,4.0,7.0,7.0
163,-196.07999999999993,-274.1803536981216,4.0,7.0,7.0
164,-183.95999999999992,-274.1803536981216,4.0,7.0,7.0
165,-171.83999999999992,-274.1803536981216,4.0,7.0,7.0
166,-159.7199999999999,-274.1803536981216,4.0,7.0,7.0
167,-147.5999999999999,-274.1803536981216,4.0,7.0,7.0
168,-135.4799999999999,-274.1803536981216,4.0,7.0,7.0
169,-123.3599999999999,-274.1803536981216,4.0,7.0,7.0
170,-111.2399999999999,-274.1803536981216,4.0,7.0,7.0
171,-99.11999999999989,-274.1803536981216,4.0,7.0,7.0
172,-86.99999999999989,-274.1803536981216,4.0,7.0,7.0
173,-74.87999999999988,-274.1803536981216,4.0,7.0,7.0
174,-62.75999999999988,-274.1803536981216,4.0,7.0,7.0
175,-50.63999999999987,-274.1803536981216,4.0,7.0,7.0
176,-38.51999999999987,-274.1803536981216,4.0,7.0,7.0
177,-26.399999999999864,-274.1803536981216,4.0,7.0,7.0
178,-14.279999999999859,-274.1803536981216,4.0,7.0,7.0
179,-2.1599999999998545,-274.1803536981216,4.0,7.0,7.0
180,9.96000000000015,-274.1803536981216,4.0,7.0,7.0
181,22.080000000000155,-274.1803536981216,4.0,7.0,7.0
182,34.20000000000016,-274.1803536981216,4.0,7.0,7.0
183,46.320000000000164,-274.1803536981216,4.0,7.0,7.0
184,58.44000000000017,-274.1803536981216,4.0,7.0,7.0
185,70.56000000000017,-274.1803536981216,4.0,7.0,7.0
186,82.68000000000018,-274.1803536981216,4.0,7.0,7.0
187,94.80000000000018,-274.1803536981216,4.0,7.0,7.0
188,106.92000000000019,-274.1803536981216,4.0,7.0,7.0
189,119.04000000000019,-274.1803536981216,4.0,7.0,7.0
190,131.1600000000002,-274.1803536981216,4.0,7.0,7.0
191,143.2800000000002,-274.1803536981216,4.0,7.0,7.0
192,155.4000000000002,-274.1803536981216,4.0,7.0,7.0
193,167.5200000000002,-274.1803536981216,4.0,7.0,7.0
194,179.6400000000002,-274.1803536981216,4.0,7.0,7.0
195,191.76000000000022,-274.1803536981216,4.0,7.0,7.0
196,203.88000000000022,-274.1803536981216,4.0,7.0,7.0
197,216.00000000000023,-274.1803536981216,4.0,7.0,7.0
198,-226.37999999999994,-263.6841258042542,4.0,7.0,7.0
199,-214.25999999999993,-263.6841258042542,4.0,7.0,7.0
200,-202.13999999999993,-263.6841258042542,4.0,7.0,7.0
201,-190.01999999999992,-263.6841258042542,4.0,7.0,7.0
202,-177.89999999999992,-263.6841258042542,4.0,7.0,7.0
203,-165.77999999999992,-263.6841258042542,4.0,7.0,7.0
204,-153.6599999999999,-263.6841258042542,4.0,7.0,7.0
205,-141.5399999999999,-263.6841258042542,4.0,7.0,7.0
206,-129.4199999999999,-263.6841258042542,4.0,7.0,7.0
207,-117.2999999999999,-263.6841258042542,4.0,7.0,7.0
208,-105.1799999999999,-263.6841258042542,4.0,7.0,7.0
209,-93.05999999999989,-263.6841258042542,4.0,7.0,7.0
210,-80.93999999999988,-263.6841258042542,4.0,7.0,7.0
211,-68.81999999999988,-263.6841258042542,4.0,7.0,7.0
212,-56.699999999999875,-263.6841258042542,4.0,7.0,7.0
213,-44.57999999999987,-263.6841258042542,4.0,7.0,7.0
214,-32.459999999999866,-263.6841258042542,4.0,7.0,7.0
215,-20.33999999999986,-263.6841258042542,4.0,7.0,7.0
216,-8.219999999999859,-263.6841258042542,4.0,7.0,7.0
217,3.900000000000146,-263.6841258042542,4.0,7.0,7.0
218,16.020000000000152,-263.6841258042542,4.0,7.0,7.0
219,28.140000000000157,-263.6841258042542,4.0,7.0,7.0
220,40.26000000000016,-263.6841258042542,4.0,7.0,7.0
221,52.380000000000166,-263.6841258042542,4.0,7.0,7.0
222,64.50000000000017,-263.6841258042542,4.0,7.0,7.0
223,76.62000000000018,-263.6841258042542,4.0,7.0,7.0
224,88.74000000000018,-263.6841258042542,4.0,7.0,7.0
225,100.86000000000018,-263.6841258042542,4.0,7.0,7.0
226,112.98000000000019,-263.6841258042542,4.0,7.0,7.0
227,125.1000000000002,-263.6841258042542,4.0,7.0,7.0
228,137.2200000000002,-263.6841258042542,4.0,7.0,7.0
229,149.3400000000002,-263.6841258042542,4.0,7.0,7.0
230,161.4600000000002,-263.6841258042542,4.0,7.0,7.0
231,173.5800000000002,-263.6841258042542,4.0,7.0,7.0
232,185.70000000000022,-263.6841258042542,4.0,7.0,7.0
233,197.82000000000022,-263.6841258042542,4.0,7.0,7.0
234,209.94000000000023,-263.6841258042542,4.0,7.0,7.0
235,222.06000000000023,-263.6841258042542,4.0,7.0,7.0
236,-232.43999999999994,-253.18789791038682,4.0,7.0,7.0
237,-220.31999999999994,-253.18789791038682,4.0,7.0,7.0
238,-208.19999999999993,-253.18789791038682,4.0,7.0,7.0
239,-196.07999999999993,-253.18789791038682,4.0,7.0,7.0
240,-183.95999999999992,-253.18789791038682,4.0,7.0,7.0
241,-171.83999999999992,-253.18789791038682,4.0,7.0,7.0
242,-159.7199999999999,-253.18789791038682,4.0,7.0,7.0
243,-147.5999999999999,-253.18789791038682,4.0,7.0,7.0
244,-135.4799999999999,-253.18789791038682,4.0,7.0,7.0
245,-123.3599999999999,-253.18789791038682,4.0,7.0,7.0
246,-111.2399999999999,-253.18789791038682,4.0,7.0,7.0
247,-99.11999999999989,-253.18789791038682,4.0,7.0,7.0
248,-86.99999999999989,-253.18789791038682,4.0,7.0,7.0
249,-74.87999999999988,-253.18789791038682,4.0,7.0,7.0
250,-62.75999999999988,-253.18789791038682,4.0,7.0,7.0
251,-50.63999999999987,-253.18789791038682,4.0,7.0,7.0
252,-38.51999999999987,-253.18789791038682,4.0,7.0,7.0
253,-26.399999999999864,-253.18789791038682,4.0,7.0,7.0
254,-14.279999999999859,-253.18789791038682,4.0,7.0,7.0
255,-2.1599999999998545,-253.18789791038682,4.0,7.0,7.0
256,9.96000000000015,-253.18789791038682,4.0,7.0,7.0
257,22.080000000000155,-253.18789791038682,4.0,7.0,7.0
258,34.20000000000016,-253.18789791038682,4.0,7.0,7.0
259,46.320000000000164,-253.18789791038682,4.0,7.0,7.0
260,58.44000000000017,-253.18789791038682,4.0,7.0,7.0
261,70.56000000000017,-253.18789791038682,4.0,7.0,7.0
262,82.68000000000018,-253.18789791038682,4.0,7.0,7.0
263,94.80000000000018,-253.18789791038682,4.0,7.0,7.0
264,106.92000000000019,-253.18789791038682,4.0,7.0,7.0
265,119.04000000000019,-253.18789791038682,4.0,7.0,7.0
266,131.1600000000002,-253.18789791038682,4.0,7.0,7.0
267,143.2800000000002,-253.18789791038682,4.0,7.0,7.0
268,155.4000000000002,-253.18789791038682,4.0,7.0,7.0
269,167.5200000000002,-253.18789791038682,4.0,7.0,7.0
270,179.6400000000002,-253.18789791038682,4.0,7.0,7.0
271,191.76000000000022,-253.18789791038682,4.0,7.0,7.0
272,203.88000000000022,-253.18789791038682,4.0,7.0,7.0
273,216.00000000000023,-253.18789791038682,4.0,7.0,7.0
274,228.12000000000023,-253.18789791038682,4.0,7.0,7.0
275,240.24000000000024,-253.18789791038682,4.0,7.0,7.0
276,-250.61999999999995,-242.69167001651942,4.0,7.0,7.0
277,-238.49999999999994,-242.69167001651942,4.0,7.0,7.0
278,-226.37999999999994,-242.69167001651942,4.0,7.0,7.0
279,-214.25999999999993,-242.69167001651942,4.0,7.0,7.0
280,-202.13999999999993,-242.69167001651942,4.0,7.0,7.0
281,-190.01999999999992,-242.69167001651942,4.0,7.0,7.0
282,-177.89999999999992,-242.69167001651942,4.0,7.0,7.0
283,-165.77999999999992,-242.69167001651942,4.0,7.0,7.0
284,-153.6599999999999,-242.69167001651942,4.0,7.0,7.0
285,-141.5399999999999,-242.69167001651942,4.0,7.0,7.0
286,-129.4199999999999,-242.69167001651942,4.0,7.0,7.0
287,-117.2999999999999,-242.69167001651942,4.0,7.0,7.0
288,-105.1799999999999,-242.69167001651942,4.0,7.0,7.0
289,-93.05999999999989,-242.69167001651942,4.0,7.0,7.0
290,-80.93999999999988,-242.69167001651942,4.0,7.0,7.0
291,-68.81999999999988,-242.69167001651942,4.0,7.0,7.0
292,-56.699999999999875,-242.69167001651942,4.0,7.0,7.0
293,-44.57999999999987,-242.69167001651942,4.0,7.0,7.0
294,-32.459999999999866,-242.69167001651942,4.0,7.0,7.0
295,-20.33999999999986,-242.69167001651942,4.0,7.0,7.0
296,-8.219999999999859,-242.69167001651942,4.0,7.0,7.0
297,3.900000000000146,-242.69167001651942,4.0,7.0,7.0
298,16.020000000000152,-242.69167001651942,4.0,7.0,7.0
299,28.140000000000157,-242.69167001651942,4.0,7.0,7.0
300,40.26000000000016,-242.69167001651942,4.0,7.0,7.0
301,52.380000000000166,-242.69167001651942,4.0,7.0,7.0
302,64.50000000000017,-242.69167001651942,4.0,7.0,7.0
303,76.62000000000018,-242.69167001651942,4.0,7.0,7.0
304,88.74000000000018,-242.69167001651942,4.0,7.0,7.0
305,100.86000000000018,-242.69167001651942,4.0,7.0,7.0
306,112.98000000000019,-242.69167001651942,4.0,7.0,7.0
307,125.1000000000002,-242.69167001651942,4.0,7.0,7.0
308,137.2200000000002,-242.69167001651942,4.0,7.0,7.0
309,149.3400000000002,-242.69167001651942,4.0,7.0,7.0
310,161.4600000000002,-242.69167001651942,4.0,7.0,7.0
311,173.5800000000002,-242.69167001651942,4.0,7.0,7.0
312,185.70000000000022,-242.69167001651942,4.0,7.0,7.0
313,197.82000000000022,-242.69167001651942,4.0,7.0,7.0
314,209.94000000000023,-242.69167001651942,4.0,7.0,7.0
315,222.06000000000023,-242.69167001651942,4.0,7.0,7.0
316,234.18000000000023,-242.69167001651942,4.0,7.0,7.0
317,246.30000000000024,-242.69167001651942,4.0,7.0,7.0
318,-256.67999999999995,-232.19544212265203,4.0,7.0,7.0
319,-244.55999999999995,-232.19544212265203,4.0,7.0,7.0
320,-232.43999999999994,-232.19544212265203,4.0,7.0,7.0
321,-220.31999999999994,-232.19544212265203,4.0,7.0,7.0
322,-208.19999999999993,-232.19544212265203,4.0,7.0,7.0
323,-196.07999999999993,-232.19544212265203,4.0,7.0,7.0
324,-183.95999999999992,-232.19544212265203,4.0,7.0,7.0
325,-171.83999999999992,-232.19544212265203,4.0,7.0,7.0
326,-159.7199999999999,-232.19544212265203,4.0,7.0,7.0
327,-147.5999999999999,-232.19544212265203,4.0,7.0,7.0
328,-135.4799999999999,-232.19544212265203,4.0,7.0,7.0
329,-123.3599999999999,-232.19544212265203,4.0,7.0,7.0
330,-111.2399999999999,-232.19544212265203,4.0,7.0,7.0
331,-99.11999999999989,-232.19544212265203,4.0,7.0,7.0
332,-86.99999999999989,-232.19544212265203,4.0,7.0,7.0
333,-74.87999999999988,-232.19544212265203,4.0,7.0,7.0
334,-62.75999999999988,-232.19544212265203,4.0,7.0,7.0
335,-50.63999999999987,-232.19544212265203,4.0,7.0,7.0
336,-38.51999999999987,-232.19544212265203,4.0,7.0,7.0
337,-26.399999999999864,-232.19544212265203,4.0,7.0,7.0
338,-14.279999999999859,-232.19544212265203,4.0,7.0,7.0
339,-2.1599999999998545,-232.19544212265203,4.0,7.0,7.0
340,9.96000000000015,-232.19544212265203,4.0,7.0,7.0
341,22.080000000000155,-232.19544212265203,4.0,7.0,7.0
342,34.20000000000016,-232.19544212265203,4.0,7.0,7.0
343,46.320000000000164,-232.19544212265203,4.0,7.0,7.0
344,58.44000000000017,-232.19544212265203,4.0,7.0,7.0
345,70.56000000000017,-232.19544212265203,4.0,7.0,7.0
346,82.68000000000018,-232.19544212265203,4.0,7.0,7.0
347,94.80000000000018,-232.19544212265203,4.0,7.0,7.0
348,106.92000000000019,-232.19544212265203,4.0,7.0,7.0
349,119.04000000000019,-232.19544212265203,4.0,7.0,7.0
350,131.1600000000002,-232.19544212265203,4.0,7.0,7.0
351,143.2800000000002,-232.19544212265203,4.0,7.0,7.0
352,155.4000000000002,-232.19544212265203,4.0,7.0,7.0
353,167.5200000000002,-232.19544212265203,4.0,7.0,7.0
354,179.6400000000002,-232.19544212265203,4.0,7.0,7.0
355,191.76000000000022,-232.19544212265203,4.0,7.0,7.0
356,203.88000000000022,-232.19544212265203,4.0,7.0,7.0
357,216.00000000000023,-232.19544212265203,4.0,7.0,7.0
358,228.12000000000023,-232.19544212265203,4.0,7.0,7.0
359,240.24000000000024,-232.19544212265203,4.0,7.0,7.0
360,252.36000000000024,-232.19544212265203,4.0,7.0,7.0
361,-262.73999999999995,-221.69921422878463,4.0,7.0,7.0
362,-250.61999999999995,-221.69921422878463,4.0,7.0,7.0
363,-238.49999999999994,-221.69921422878463,4.0,7.0,7.0
364,-226.37999999999994,-221.69921422878463,4.0,7.0,7.0
365,-214.25999999999993,-221.69921422878463,4.0,7.0,7.0
366,-202.13999999999993,-221.69921422878463,4.0,7.0,7.0
367,-190.01999999999992,-221.69921422878463,4.0,7.0,7.0
368,-177.89999999999992,-221.69921422878463,4.0,7.0,7.0
369,-165.77999999999992,-221.69921422878463,4.0,7.0,7.0
370,-153.6599999999999,-221.69921422878463,4.0,7.0,7.0
371,-141.5399999999999,-221.69921422878463,4.0,7.0,7.0
372,-129.4199999999999,-221.69921422878463,4.0,7.0,7.0
373,-117.2999999999999,-221.69921422878463,4.0,7.0,7.0
374,-105.1799999999999,-221.69921422878463,4.0,7.0,7.0
375,-93.05999999999989,-221.69921422878463,4.0,7.0,7.0
376,-80.93999999999988,-221.69921422878463,4.0,7.0,7.0
377,-68.81999999999988,-221.69921422878463,4.0,7.0,7.0
378,-56.699999999999875,-221.69921422878463,4.0,7.0,7.0
379,-44.57999999999987,-221.69921422878463,4.0,7.0,7.0
380,-32.459999999999866,-221.69921422878463,4.0,7.0,7.0
381,-20.33999999999986,-221.69921422878463,4.0,7.0,7.0
382,-8.219999999999859,-221.69921422878463,4.0,7.0,7.0
383,3.900000000000146,-221.69921422878463,4.0,7.0,7.0
384,16.020000000000152,-221.69921422878463,4.0,7.0,7.0
385,28.140000000000157,-221.69921422878463,4.0,7.0,7.0
386,40.26000000000016,-221.69921422878463,4.0,7.0,7.0
387,52.380000000000166,-221.69921422878463,4.0,7.0,7.0
388,64.50000000000017,-221.69921422878463,4.0,7.0,7.0
389,76.62000000000018,-221.69921422878463,4.0,7.0,7.0
390,88.74000000000018,-221.69921422878463,4.0,7.0,7.0
391,100.86000000000018,-221.69921422878463,4.0,7.0,7.0
392,112.98000000000019,-221.69921422878463,4.0,7.0,7.0
393,125.1000000000002,-221.69921422878463,4.0,7.0,7.0
394,137.2200000000002,-221.69921422878463,4.0,7.0,7.0
395,149.3400000000002,-221.69921422878463,4.0,7.0,7.0
396,161.4600000000002,-221.69921422878463,4.0,7.0,7.0
397,173.5800000000002,-221.69921422878463,4.0,7.0,7.0
398,185.70000000000022,-221.69921422878463,4.0,7.0,7.0
399,197.82000000000022,-221.69921422878463,4.0,7.0,7.0
400,209.94000000000023,-221.69921422878463,4.0,7.0,7.0
401,222.06000000000023,-221.69921422878463,4.0,7.0,7.0
402,234.18000000000023,-221.69921422878463,4.0,7.0,7.0
403,246.30000000000024,-221.69921422878463,4.0,7.0,7.0
404,258.42000000000024,-221.69921422878463,4.0,7.0,7.0
405,270.54000000000025,-221.69921422878463,4.0,7.0,7.0
406,-268.79999999999995,-211.20298633491723,4.0,7.0,7.0
407,-256.67999999999995,-211.20298633491723,4.0,7.0,7.0
408,-244.55999999999995,-211.20298633491723,4.0,7.0,7.0
409,-232.43999999999994,-211.20298633491723,4.0,7.0,7.0
410,-220.31999999999994,-211.20298633491723,4.0,7.0,7.0
411,-208.19999999999993,-211.20298633491723,4.0,7.0,7.0
412,-196.07999999999993,-211.20298633491723,4.0,7.0,7.0
413,-183.95999999999992,-211.20298633491723,4.0,7.0,7.0
414,-171.83999999999992,-211.20298633491723,4.0,7.0,7.0
415,-159.7199999999999,-211.20298633491723,4.0,7.0,7.0
416,-147.5999999999999,-211.20298633491723,4.0,7.0,7.0
417,-135.4799999999999,-211.20298633491723,4.0,7.0,7.0
418,-123.3599999999999,-211.20298633491723,4.0,7.0,7.0
419,-111.2399999999999,-211.20298633491723,4.0,7.0,7.0
420,-99.11999999999989,-211.20298633491723,4.0,7.0,7.0
421,-86.99999999999989,-211.20298633491723,4.0,7.0,7.0
422,-74.87999999999988,-211.20298633491723,4.0,7.0,7.0
423,-62.75999999999988,-211.20298633491723,4.0,7.0,7.0
424,-50.63999999999987,-211.20298633491723,4.0,7.0,7.0
425,-38.51999999999987,-211.20298633491723,4.0,7.0,7.0
426,-26.399999999999864,-211.20298633491723,4.0,7.0,7.0
427,-14.279999999999859,-211.20298633491723,4.0,7.0,7.0
428,-2.1599999999998545,-211.20298633491723,4.0,7.0,7.0
429,9.96000000000015,-211.20298633491723,4.0,7.0,7.0
430,22.080000000000155,-211.20298633491723,4.0,7.0,7.0
431,34.20000000000016,-211.20298633491723,4.0,7.0,7.0
432,46.320000000000164,-211.20298633491723,4.0,7.0,7.0
433,58.44000000000017,-211.20298633491723,4.0,7.0,7.0
434,70.56000000000017,-211.20298633491723,4.0,7.0,7.0
435,82.68000000000018,-211.20298633491723,4.0,7.0,7.0
436,94.80000000000018,-211.20298633491723,4.0,7.0,7.0
437,106.92000000000019,-211.20298633491723,4.0,7.0,7.0
438,119.04000000000019,-211.20298633491723,4.0,7.0,7.0
439,131.1600000000002,-211.20298633491723,4.0,7.0,7.0
440,143.2800000000002,-211.20298633491723,4.0,7.0,7.0
441,155.4000000000002,-211.20298633491723,4.0,7.0,7.0
442,167.5200000000002,-211.20298633491723,4.0,7.0,7.0
443,179.6400000000002,-211.20298633491723,4.0,7.0,7.0
444,191.76000000000022,-211.20298633491723,4.0,7.0,7.0
445,203.88000000000022,-211.20298633491723,4.0,7.0,7.0
446,216.00000000000023,-211.20298633491723,4.0,7.0,7.0
447,228.12000000000023,-211.20298633491723,4.0,7.0,7.0
448,240.24000000000024,-211.20298633491723,4.0,7.0,7.0
449,252.36000000000024,-211.20298633491723,4.0,7.0,7.0
450,264.48000000000025,-211.20298633491723,4.0,7.0,7.0
451,276.60000000000025,-211.20298633491723,4.0,7.0,7.0
452,-274.85999999999996,-200.70675844104983,4.0,7.0,7.0
453,-262.73999999999995,-200.70675844104983,4.0,7.0,7.0
454,-250.61999999999995,-200.70675844104983,4.0,7.0,7.0
455,-238.49999999999994,-200.70675844104983,4.0,7.0,7.0
456,-226.37999999999994,-200.70675844104983,4.0,7.0,7.0
457,-214.25999999999993,-200.70675844104983,4.0,7.0,7.0
458,-202.13999999999993,-200.70675844104983,4.0,7.0,7.0
459,-190.01999999999992,-200.70675844104983,4.0,7.0,7.0
460,-177.89999999999992,-200.70675844104983,4.0,7.0,7.0
461,-165.77999999999992,-200.70675844104983,4.0,7.0,7.0
462,-153.6599999999999,-200.70675844104983,4.0,7.0,7.0
463,-141.5399999999999,-200.70675844104983,4.0,7.0,7.0
464,-129.4199999999999,-200.70675844104983,4.0,7.0,7.0
465,-117.2999999999999,-200.70675844104983,4.0,7.0,7.0
466,-105.1799999999999,-200.70675844104983,4.0,7.0,7.0
467,-93.05999999999989,-200.70675844104983,4.0,7.0,7.0
468,-80.93999999999988,-200.70675844104983,4.0,7.0,7.0
469,-68.81999999999988,-200.70675844104983,4.0,7.0,7.0
470,-56.699999999999875,-200.70675844104983,4.0,7.0,7.0
471,-44.57999999999987,-200.70675844104983,4.0,7.0,7.0
472,-32.459999999999866,-200.70675844104983,4.0,7.0,7.0
473,-20.33999999999986,-200.70675844104983,4.0,7.0,7.0
474,-8.219999999999859,-200.70675844104983,4.0,7.0,7.0
475,3.900000000000146,-200.70675844104983,4.0,7.0,7.0
476,16.020000000000152,-200.70675844104983,4.0,7.0,7.0
477,28.140000000000157,-200.70675844104983,4.0,7.0,7.0
478,40.26000000000016,-200.70675844104983,4.0,7.0,7.0
479,52.380000000000166,-200.70675844104983,4.0,7.0,7.0
480,64.50000000000017,-200.70675844104983,4.0,7.0,7.0
481,76.62000000000018,-200.70675844104983,4.0,7.0,7.0
482,88.74000000000018,-200.70675844104983,4.0,7.0,7.0
483,100.86000000000018,-200.70675844104983,4.0,7.0,7.0
484,112.98000000000019,-200.70675844104983,4.0,7.0,7.0
485,125.1000000000002,-200.70675844104983,4.0,7.0,7.0
486,137.2200000000002,-200.70675844104983,4.0,7.0,7.0
487,149.3400000000002,-200.70675844104983,4.0,7.0,7.0
488,161.4600000000002,-200.70675844104983,4.0,7.0,7.0
489,173.5800000000002,-200.70675844104983,4.0,7.0,7.0
490,185.70000000000022,-200.70675844104983,4.0,7.0,7.0
491,197.82000000000022,-200.70675844104983,4.0,7.0,7.0
492,209.94000000000023,-200.70675844104983,4.0,7.0,7.0
493,222.06000000000023,-200.70675844104983,4.0,7.0,7.0
494,234.18000000000023,-200.70675844104983,4.0,7.0,7.0
495,246.30000000000024,-200.70675844104983,4.0,7.0,7.0
496,258.42000000000024,-200.70675844104983,4.0,7.0,7.0
497,270.54000000000025,-200.70675844104983,4.0,7.0,7.0
498,282.66000000000025,-200.70675844104983,4.0,7.0,7.0
499,-293.03999999999996,-190.21053054718243,4.0,7.0,7.0
500,-280.91999999999996,-190.21053054718243,4.0,7.0,7.0
501,-268.79999999999995,-190.21053054718243,4.0,7.0,7.0
502,-256.67999999999995,-190.21053054718243,4.0,7.0,7.0
503,-244.55999999999995,-190.21053054718243,4.0,7.0,7.0
504,-232.43999999999994,-190.21053054718243,4.0,7.0,7.0
505,-220.31999999999994,-190.21053054718243,4.0,7.0,7.0
506,-208.19999999999993,-190.21053054718243,4.0,7.0,7.0
507,-196.07999999999993,-190.21053054718243,4.0,7.0,7.0
508,-183.95999999999992,-190.21053054718243,4.0,7.0,7.0
509,-171.83999999999992,-190.21053054718243,4.0,7.0,7.0
510,-159.7199999999999,-190.21053054718243,4.0,7.0,7.0
511,-147.5999999999999,-190.21053054718243,4.0,7.0,7.0
512,-135.4799999999999,-190.21053054718243,4.0,7.0,7.0
513,-123.3599999999999,-190.21053054718243,4.0,7.0,7.0
514,-111.2399999999999,-190.21053054718243,4.0,7.0,7.0
515,-99.11999999999989,-190.21053054718243,4.0,7.0,7.0
516,-86.99999999999989,-190.21053054718243,4.0,7.0,7.0
517,-74.87999999999988,-190.21053054718243,4.0,7.0,7.0
518,-62.75999999999988,-190.21053054718243,4.0,7.0,7.0
519,-50.63999999999987,-190.21053054718243,4.0,7.0,7.0
520,-38.51999999999987,-190.21053054718243,4.0,7.0,7.0
521,-26.399999999999864,-190.21053054718243,4.0,7.0,7.0
522,-14.279999999999859,-190.21053054718243,4.0,7.0,7.0
523,-2.1599999999998545,-190.21053054718243,4.0,7.0,7.0
524,9.96000000000015,-190.21053054718243,4.0,7.0,7.0
525,22.080000000000155,-190.21053054718243,4.0,7.0,7.0
526,34.20000000000016,-190.21053054718243,4.0,7.0,7.0
527,46.320000000000164,-190.21053054718243,4.0,7.0,7.0
528,58.44000000000017,-190.21053054718243,4.0,7.0,7.0
529,70.56000000000017,-190.21053054718243,4.0,7.0,7.0
530,82.68000000000018,-190.21053054718243,4.0,7.0,7.0
531,94.80000000000018,-190.21053054718243,4.0,7.0,7.0
532,106.92000000000019,-190.21053054718243,4.0,7.0,7.0
533,119.04000000000019,-190.21053054718243,4.0,7.0,7.0
534,131.1600000000002,-190.21053054718243,4.0,7.0,7.0
535,143.2800000000002,-190.21053054718243,4.0,7.0,7.0
536,155.4000000000002,-190.21053054718243,4.0,7.0,7.0
537,167.5200000000002,-190.21053054718243,4.0,7.0,7.0
538,179.6400000000002,-190.21053054718243,4.0,7.0,7.0
539,191.76000000000022,-190.21053054718243,4.0,7.0,7.0
540,203.88000000000022,-190.21053054718243,4.0,7.0,7.0
541,216.00000000000023,-190.21053054718243,4.0,7.0,7.0
542,228.12000000000023,-190.21053054718243,4.0,7.0,7.0
543,240.24000000000024,-190.21053054718243,4.0,7.0,7.0
544,252.36000000000024,-190.21053054718243,4.0,7.0,7.0
545,264.48000000000025,-190.21053054718243,4.0,7.0,7.0
546,276.60000000000025,-190.21053054718243,4.0,7.0,7.0
547,288.72000000000025,-190.21053054718243,4.0,7.0,7.0
548,-299.09999999999997,-179.71430265331503,4.0,7.0,7.0
549,-286.97999999999996,-179.71430265331503,4.0,7.0,7.0
550,-274.85999999999996,-179.71430265331503,4.0,7.0,7.0
551,-262.73999999999995,-179.71430265331503,4.0,7.0,7.0
552,-250.61999999999995,-179.71430265331503,4.0,7.0,7.0
553,-238.49999999999994,-179.71430265331503,4.0,7.0,7.0
554,-226.37999999999994,-179.71430265331503,4.0,7.0,7.0
555,-214.25999999999993,-179.71430265331503,4.0,7.0,7.0
556,-202.13999999999993,-179.71430265331503,4.0,7.0,7.0
557,-190.01999999999992,-179.71430265331503,4.0,7.0,7.0
558,-177.89999999999992,-179.71430265331503,4.0,7.0,7.0
559,-165.77999999999992,-179.71430265331503,4.0,7.0,7.0
560,-153.6599999999999,-179.71430265331503,4.0,7.0,7.0
561,-141.5399999999999,-179.71430265331503,4.0,7.0,7.0
562,-129.4199999999999,-179.71430265331503,4.0,7.0,7.0
563,-117.2999999999999,-179.71430265331503,4.0,7.0,7.0
564,-105.1799999999999,-179.71430265331503,4.0,7.0,7.0
565,-93.05999999999989,-179.71430265331503,4.0,7.0,7.0
566,-80.93999999999988,-179.71430265331503,4.0,7.0,7.0
567,-68.81999999999988,-179.71430265331503,4.0,7.0,7.0
568,-56.699999999999875,-179.71430265331503,4.0,7.0,7.0
569,-44.57999999999987,-179.71430265331503,4.0,7.0,7.0
570,-32.459999999999866,-179.71430265331503,4.0,7.0,7.0
571,-20.33999999999986,-179.71430265331503,4.0,7.0,7.0
572,-8.219999999999859,-179.71430265331503,4.0,7.0,7.0
573,3.900000000000146,-179.71430265331503,4.0,7.0,7.0
574,16.020000000000152,-179.71430265331503,4.0,7.0,7.0
575,28.140000000000157,-179.71430265331503,4.0,7.0,7.0
576,40.26000000000016,-179.71430265331503,4.0,7.0,7.0
577,52.380000000000166,-179.71430265331503,4.0,7.0,7.0
578,64.50000000000017,-179.71430265331503,4.0,7.0,7.0
579,76.62000000000018,-179.71430265331503,4.0,7.0,7.0
580,88.74000000000018,-179.71430265331503,4.0,7.0,7.0
581,100.86000000000018,-179.71430265331503,4.0,7.0,7.0
582,112.98000000000019,-179.71430265331503,4.0,7.0,7.0
583,125.1000000000002,-179.71430265331503,4.0,7.0,7.0
584,137.2200000000002,-179.71430265331503,4.0,7.0,7.0
585,149.3400000000002,-179.71430265331503,4.0,7.0,7.0
586,161.4600000000002,-179.71430265331503,4.0,7.0,7.0
587,173.5800000000002,-179.71430265331503,4.0,7.0,7.0
588,185.70000000000022,-179.71430265331503,4.0,7.0,7.0
589,197.82000000000022,-179.71430265331503,4.0,7.0,7.0
590,209.94000000000023,-179.71430265331503,4.0,7.0,7.0
591,222.06000000000023,-179.71430265331503,4.0,7.0,7.0
592,234.18000000000023,-179.71430265331503,4.0,7.0,7.0
593,246.30000000000024,-179.71430265331503,4.0,7.0,7.0
594,258.42000000000024,-179.71430265331503,4.0,7.0,7.0
595,270.54000000000025,-179.71430265331503,4.0,7.0,7.0
596,282.66000000000025,-179.71430265331503,4.0,7.0,7.0
597,294.78000000000026,-179.71430265331503,4.0,7.0,7.0
598,-305.15999999999997,-169.21807475944763,4.0,7.0,7.0
599,-293.03999999999996,-169.21807475944763,4.0,7.0,7.0
600,-280.91999999999996,-169.21807475944763,4.0,7.0,7.0
601,-268.79999999999995,-169.21807475944763,4.0,7.0,7.0
602,-256.67999999999995,-169.21807475944763,4.0,7.0,7.0
603,-244.55999999999995,-169.21807475944763,4.0,7.0,7.0
604,-232.43999999999994,-169.21807475944763,4.0,7.0,7.0
605,-220.31999999999994,-169.21807475944763,4.0,7.0,7.0
606,-208.19999999999993,-169.21807475944763,4.0,7.0,7.0
607,-196.07999999999993,-169.21807475944763,4.0,7.0,7.0
608,-183.95999999999992,-169.21807475944763,4.0,7.0,7.0
609,-171.83999999999992,-169.21807475944763,4.0,7.0,7.0
610,-159.7199999999999,-169.21807475944763,4.0,7.0,7.0
611,-147.5999999999999,-169.21807475944763,4.0,7.0,7.0
612,-135.4799999999999,-169.21807475944763,4.0,7.0,7.0
613,-123.3599999999999,-169.21807475944763,4.0,7.0,7.0
614,-111.2399999999999,-169.21807475944763,4.0,7.0,7.0
615,-99.11999999999989,-169.21807475944763,4.0,7.0,7.0
616,-86.99999999999989,-169.21807475944763,4.0,7.0,7.0
617,-74.87999999999988,-169.21807475944763,4.0,7.0,7.0
618,-62.75999999999988,-169.21807475944763,4.0,7.0,7.0
619,-50.63999999999987,-169.21807475944763,4.0,7.0,7.0
620,-38.51999999999987,-169.21807475944763,4.0,7.0,7.0
621,-26.399999999999864,-169.21807475944763,4.0,7.0,7.0
622,-14.279999999999859,-169.21807475944763,4.0,7.0,7.0
623,-2.1599999999998545,-169.21807475944763,4.0,7.0,7.0
624,9.96000000000015,-169.21807475944763,4.0,7.0,7.0
625,22.080000000000155,-169.21807475944763,4.0,7.0,7.0
626,34.20000000000016,-169.21807475944763,4.0,7.0,7.0
627,46.320000000000164,-169.21807475944763,4.0,7.0,7.0
628,58.44000000000017,-169.21807475944763,4.0,7.0,7.0
629,70.56000000000017,-169.21807475944763,4.0,7.0,7.0
630,82.68000000000018,-169.21807475944763,4.0,7.0,7.0
631,94.80000000000018,-169.21807475944763,4.0,7.0,7.0
632,106.92000000000019,-169.21807475944763,4.0,7.0,7.0
633,119.04000000000019,-169.21807475944763,4.0,7.0,7.0
634,131.1600000000002,-169.21807475944763,4.0,7.0,7.0
635,143.2800000000002,-169.21807475944763,4.0,7.0,7.0
636,155.4000000000002,-169.21807475944763,4.0,7.0,7.0
637,167.5200000000002,-169.21807475944763,4.0,7.0,7.0
638,179.6400000000002,-169.21807475944763,4.0,7.0,7.0
639,191.76000000000022,-169.21807475944763,4.0,7.0,7.0
640,203.88000000000022,-169.21807475944763,4.0,7.0,7.0
641,216.00000000000023,-169.21807475944763,4.0,7.0,7.0
642,228.12000000000023,-169.21807475944763,4.0,7.0,7.0
643,240.24000000000024,-169.21807475944763,4.0,7.0,7.0
644,252.36000000000024,-169.21807475944763,4.0,7.0,7.0
645,264.48000000000025,-169.21807475944763,4.0,7.0,7.0
646,276.60000000000025,-169.21807475944763,4.0,7.0,7.0
647,288.72000000000025,-169.21807475944763,4.0,7.0,7.0
648,300.84000000000026,-169.21807475944763,4.0,7.0,7.0
649,-311.21999999999997,-158.72184686558023,4.0,7.0,7.0
650,-299.09999999999997,-158.72184686558023,4.0,7.0,7.0
651,-286.97999999999996,-158.72184686558023,4.0,7.0,7.0
652,-274.85999999999996,-158.72184686558023,4.0,7.0,7.0
653,-262.73999999999995,-158.72184686558023,4.0,7.0,7.0
654,-250.61999999999995,-158.72184686558023,4.0,7.0,7.0
655,-238.49999999999994,-158.72184686558023,4.0,7.0,7.0
656,-226.37999999999994,-158.72184686558023,4.0,7.0,7.0
657,-214.25999999999993,-158.72184686558023,4.0,7.0,7.0
658,-202.13999999999993,-158.72184686558023,4.0,7.0,7.0
659,-190.01999999999992,-158.72184686558023,4.0,7.0,7.0
660,-177.89999999999992,-158.72184686558023,4.0,7.0,7.0
661,-165.77999999999992,-158.72184686558023,4.0,7.0,7.0
662,-153.6599999999999,-158.72184686558023,4.0,7.0,7.0
663,-141.5399999999999,-158.72184686558023,4.0,7.0,7.0
664,-129.4199999999999,-158.72184686558023,4.0,7.0,7.0
665,-117.2999999999999,-158.72184686558023,4.0,7.0,7.0
666,-105.1799999999999,-158.72184686558023,4.0,7.0,7.0
667,-93.05999999999989,-158.72184686558023,4.0,7.0,7.0
668,-80.93999999999988,-158.72184686558023,4.0,7.0,7.0
669,-68.81999999999988,-158.72184686558023,4.0,7.0,7.0
670,-56.699999999999875,-158.72184686558023,4.0,7.0,7.0
671,-44.57999999999987,-158.72184686558023,4.0,7.0,7.0
672,-32.459999999999866,-158.72184686558023,4.0,7.0,7.0
673,-20.33999999999986,-158.72184686558023,4.0,7.0,7.0
674,-8.219999999999859,-158.72184686558023,4.0,7.0,7.0
675,3.900000000000146,-158.72184686558023,4.0,7.0,7.0
676,16.020000000000152,-158.72184686558023,4.0,7.0,7.0
677,28.140000000000157,-158.72184686558023,4.0,7.0,7.0
678,40.26000000000016,-158.72184686558023,4.0,7.0,7.0
679,52.380000000000166,-158.72184686558023,4.0,7.0,7.0
680,64.50000000000017,-158.72184686558023,4.0,7.0,7.0
681,76.62000000000018,-158.72184686558023,4.0,7.0,7.0
682,88.74000000000018,-158.72184686558023,4.0,7.0,7.0
683,100.86000000000018,-158.72184686558023,4.0,7.0,7.0
684,112.98000000000019,-158.72184686558023,4.0,7.0,7.0
685,125.1000000000002,-158.72184686558023,4.0,7.0,7.0
686,137.2200000000002,-158.72184686558023,4.0,7.0,7.0
687,149.3400000000002,-158.72184686558023,4.0,7.0,7.0
688,161.4600000000002,-158.72184686558023,4.0,7.0,7.0
689,173.5800000000002,-158.72184686558023,4.0,7.0,7.0
690,185.70000000000022,-158.72184686558023,4.0,7.0,7.0
691,197.82000000000022,-158.72184686558023,4.0,7.0,7.0
692,209.94000000000023,-158.72184686558023,4.0,7.0,7.0
693,222.06000000000023,-158.72184686558023,4.0,7.0,7.0
694,234.18000000000023,-158.72184686558023,4.0,7.0,7.0
695,246.30000000000024,-158.72184686558023,4.0,7.0,7.0
696,258.42000000000024,-158.72184686558023,4.0,7.0,7.0
697,270.54000000000025,-158.72184686558023,4.0,7.0,7.0
698,282.66000000000025,-158.72184686558023,4.0,7.0,7.0
699,294.78000000000026,-158.72184686558023,4.0,7.0,7.0
700,306.90000000000026,-158.72184686558023,4.0,7.0,7.0
701,-305.15999999999997,-148.22561897171283,4.0,7.0,7.0
702,-293.03999999999996,-148.22561897171283,4.0,7.0,7.0
703,-280.91999999999996,-148.22561897171283,4.0,7.0,7.0
704,-268.79999999999995,-148.22561897171283,4.0,7.0,7.0
705,-256.67999999999995,-148.22561897171283,4.0,7.0,7.0
706,-244.55999999999995,-148.22561897171283,4.0,7.0,7.0
707,-232.43999999999994,-148.22561897171283,4.0,7.0,7.0
708,-220.31999999999994,-148.22561897171283,4.0,7.0,7.0
709,-208.19999999999993,-148.22561897171283,4.0,7.0,7.0
710,-196.07999999999993,-148.22561897171283,4.0,7.0,7.0
711,-183.95999999999992,-148.22561897171283,4.0,7.0,7.0
712,-171.83999999999992,-148.22561897171283,4.0,7.0,7.0
713,-159.7199999999999,-148.22561897171283,4.0,7.0,7.0
714,-147.5999999999999,-148.22561897171283,4.0,7.0,7.0
715,-135.4799999999999,-148.22561897171283,4.0,7.0,7.0
716,-123.3599999999999,-148.22561897171283,4.0,7.0,7.0
717,-111.2399999999999,-148.22561897171283,4.0,7.0,7.0
718,-99.11999999999989,-148.22561897171283,4.0,7.0,7.0
719,-86.99999999999989,-148.22561897171283,4.0,7.0,7.0
720,-74.87999999999988,-148.22561897171283,4.0,7.0,7.0
721,-62.75999999999988,-148.22561897171283,4.0,7.0,7.0
722,-50.63999999999987,-148.22561897171283,4.0,7.0,7.0
723,-38.51999999999987,-148.22561897171283,4.0,7.0,7.0
724,-26.399999999999864,-148.22561897171283,4.0,7.0,7.0
725,-14.279999999999859,-148.22561897171283,4.0,7.0,7.0
726,-2.1599999999998545,-148.22561897171283,4.0,7.0,7.0
727,9.96000000000015,-148.22561897171283,4.0,7.0,7.0
728,22.080000000000155,-148.22561897171283,4.0,7.0,7.0
729,34.20000000000016,-148.22561897171283,4.0,7.0,7.0
730,46.320000000000164,-148.22561897171283,4.0,7.0,7.0
731,58.44000000000017,-148.22561897171283,4.0,7.0,7.0
732,70.56000000000017,-148.22561897171283,4.0,7.0,7.0
733,82.68000000000018,-148.22561897171283,4.0,7.0,7.0
734,94.80000000000018,-148.22561897171283,4.0,7.0,7.0
735,106.92000000000019,-148.22561897171283,4.0,7.0,7.0
736,119.04000000000019,-148.22561897171283,4.0,7.0,7.0
737,131.1600000000002,-148.22561897171283,4.0,7.0,7.0
738,143.2800000000002,-148.22561897171283,4.0,7.0,7.0
739,155.4000000000002,-148.22561897171283,4.0,7.0,7.0
740,167.5200000000002,-148.22561897171283,4.0,7.0,7.0
741,179.6400000000002,-148.22561897171283,4.0,7.0,7.0
742,191.76000000000022,-148.22561897171283,4.0,7.0,7.0
743,203.88000000000022,-148.22561897171283,4.0,7.0,7.0
744,216.00000000000023,-148.22561897171283,4.0,7.0,7.0
745,228.12000000000023,-148.22561897171283,4.0,7.0,7.0
746,240.24000000000024,-148.22561897171283,4.0,7.0,7.0
747,252.36000000000024,-148.22561897171283,4.0,7.0,7.0
748,264.48000000000025,-148.22561897171283,4.0,7.0,7.0
749,276.60000000000025,-148.22561897171283,4.0,7.0,7.0
750,288.72000000000025,-148.22561897171283,4.0,7.0,7.0
751,300.84000000000026,-148.22561897171283,4.0,7.0,7.0
752,312.96000000000026,-148.22561897171283,4.0,7.0,7.0
753,-311.21999999999997,-137.72939107784543,4.0,7.0,7.0
754,-299.09999999999997,-137.72939107784543,4.0,7.0,7.0
755,-286.97999999999996,-137.72939107784543,4.0,7.0,7.0
756,-274.85999999999996,-137.72939107784543,4.0,7.0,7.0
757,-262.73999999999995,-137.72939107784543,4.0,7.0,7.0
758,-250.61999999999995,-137.72939107784543,4.0,7.0,7.0
759,-238.49999999999994,-137.72939107784543,4.0,7.0,7.0
760,-226.37999999999994,-137.72939107784543,4.0,7.0,7.0
761,-214.25999999999993,-137.72939107784543,4.0,7.0,7.0
762,-202.13999999999993,-137.72939107784543,4.0,7.0,7.0
763,-190.01999999999992,-137.72939107784543,4.0,7.0,7.0
764,-177.89999999999992,-137.72939107784543,4.0,7.0,7.0
765,-165.77999999999992,-137.72939107784543,4.0,7.0,7.0
766,-153.6599999999999,-137.72939107784543,4.0,7.0,7.0
767,-141.5399999999999,-137.72939107784543,4.0,7.0,7.0
768,-129.4199999999999,-137.72939107784543,4.0,7.0,7.0
769,-117.2999999999999,-137.72939107784543,4.0,7.0,7.0
770,-105.1799999999999,-137.72939107784543,4.0,7.0,7.0
771,-93.05999999999989,-137.72939107784543,4.0,7.0,7.0
772,-80.93999999999988,-137.72939107784543,4.0,7.0,7.0
773,-68.81999999999988,-137.72939107784543,4.0,7.0,7.0
774,-56.699999999999875,-137.72939107784543,4.0,7.0,7.0
775,-44.57999999999987,-137.72939107784543,4.0,7.0,7.0
776,-32.459999999999866,-137.72939107784543,4.0,7.0,7.0
777,28.140000000000157,-137.72939107784543,4.0,7.0,7.0
778,40.26000000000016,-137.72939107784543,4.0,7.0,7.0
779,52.380000000000166,-137.72939107784543,4.0,7.0,7.0
780,64.50000000000017,-137.72939107784543,4.0,7.0,7.0
781,76.62000000000018,-137.72939107784543,4.0,7.0,7.0
782,88.74000000000018,-137.72939107784543,4.0,7.0,7.0
783,100.86000000000018,-137.72939107784543,4.0,7.0,7.0
784,112.98000000000019,-137.72939107784543,4.0,7.0,7.0
785,125.1000000000002,-137.72939107784543,4.0,7.0,7.0
786,137.2200000000002,-137.72939107784543,4.0,7.0,7.0
787,149.3400000000002,-137.72939107784543,4.0,7.0,7.0
788,161.4600000000002,-137.72939107784543,4.0,7.0,7.0
789,173.5800000000002,-137.72939107784543,4.0,7.0,7.0
790,185.70000000000022,-137.72939107784543,4.0,7.0,7.0
791,197.82000000000022,-137.72939107784543,4.0,7.0,7.0
792,209.94000000000023,-137.72939107784543,4.0,7.0,7.0
793,222.06000000000023,-137.72939107784543,4.0,7.0,7.0
794,234.18000000000023,-137.72939107784543,4.0,7.0,7.0
795,246.30000000000024,-137.72939107784543,4.0,7.0,7.0
796,258.42000000000024,-137.72939107784543,4.0,7.0,7.0
797,270.54000000000025,-137.72939107784543,4.0,7.0,7.0
798,282.66000000000025,-137.72939107784543,4.0,7.0,7.0
799,294.78000000000026,-137.72939107784543,4.0,7.0,7.0
800,306.90000000000026,-137.72939107784543,4.0,7.0,7.0
801,319.02000000000027,-137.72939107784543,4.0,7.0,7.0
802,-317.28,-127.23316318397804,4.0,7.0,7.0
803,-305.15999999999997,-127.23316318397804,4.0,7.0,7.0
804,-293.03999999999996,-127.23316318397804,4.0,7.0,7.0
805,-280.91999999999996,-127.23316318397804,4.0,7.0,7.0
806,-268.79999999999995,-127.23316318397804,4.0,7.0,7.0
807,-256.67999999999995,-127.23316318397804,4.0,7.0,7.0
808,-244.55999999999995,-127.23316318397804,4.0,7.0,7.0
809,-232.43999999999994,-127.23316318397804,4.0,7.0,7.0
810,-220.31999999999994,-127.23316318397804,4.0,7.0,7.0
811,-208.19999999999993,-127.23316318397804,4.0,7.0,7.0
812,-196.07999999999993,-127.23316318397804,4.0,7.0,7.0
813,-183.95999999999992,-127.23316318397804,4.0,7.0,7.0
814,-171.83999999999992,-127.23316318397804,4.0,7.0,7.0
815,-159.7199999999999,-127.23316318397804,4.0,7.0,7.0
816,-147.5999999999999,-127.23316318397804,4.0,7.0,7.0
817,-135.4799999999999,-127.23316318397804,4.0,7.0,7.0
818,-123.3599999999999,-127.23316318397804,4.0,7.0,7.0
819,-111.2399999999999,-127.23316318397804,4.0,7.0,7.0
820,-99.11999999999989,-127.23316318397804,4.0,7.0,7.0
821,-86.99999999999989,-127.23316318397804,4.0,7.0,7.0
822,-74.87999999999988,-127.23316318397804,4.0,7.0,7.0
823,-62.75999999999988,-127.23316318397804,4.0,7.0,7.0
824,-50.63999999999987,-127.23316318397804,4.0,7.0,7.0
825,58.44000000000017,-127.23316318397804,4.0,7.0,7.0
826,70.56000000000017,-127.23316318397804,4.0,7.0,7.0
827,82.68000000000018,-127.23316318397804,4.0,7.0,7.0
828,94.80000000000018,-127.23316318397804,4.0,7.0,7.0
829,106.92000000000019,-127.23316318397804,4.0,7.0,7.0
830,119.04000000000019,-127.23316318397804,4.0,7.0,7.0
831,131.1600000000002,-127.23316318397804,4.0,7.0,7.0
832,143.2800000000002,-127.23316318397804,4.0,7.0,7.0
833,155.4000000000002,-127.23316318397804,4.0,7.0,7.0
834,167.5200000000002,-127.23316318397804,4.0,7.0,7.0
835,179.6400000000002,-127.23316318397804,4.0,7.0,7.0
836,191.76000000000022,-127.23316318397804,4.0,7.0,7.0
837,203.88000000000022,-127.23316318397804,4.0,7.0,7.0
838,216.00000000000023,-127.23316318397804,4.0,7.0,7.0
839,228.12000000000023,-127.23316318397804,4.0,7.0,7.0
840,240.24000000000024,-127.23316318397804,4.0,7.0,7.0
841,252.36000000000024,-127.23316318397804,4.0,7.0,7.0
842,264.48000000000025,-127.23316318397804,4.0,7.0,7.0
843,276.60000000000025,-127.23316318397804,4.0,7.0,7.0
844,288.72000000000025,-127.23316318397804,4.0,7.0,7.0
845,300.84000000000026,-127.23316318397804,4.0,7.0,7.0
846,312.96000000000026,-127.23316318397804,4.0,7.0,7.0
847,325.08000000000027,-127.23316318397804,4.0,7.0,7.0
848,-323.34,-116.73693529011064,4.0,7.0,7.0
849,-311.21999999999997,-116.73693529011064,4.0,7.0,7.0
850,-299.09999999999997,-116.73693529011064,4.0,7.0,7.0
851,-286.97999999999996,-116.73693529011064,4.0,7.0,7.0
852,-274.85999999999996,-116.73693529011064,4.0,7.0,7.0
853,-262.73999999999995,-116.73693529011064,4.0,7.0,7.0
854,-250.61999999999995,-116.73693529011064,4.0,7.0,7.0
855,-238.49999999999994,-116.73693529011064,4.0,7.0,7.0
856,-226.37999999999994,-116.73693529011064,4.0,7.0,7.0
857,-214.25999999999993,-116.73693529011064,4.0,7.0,7.0
858,-202.13999999999993,-116.73693529011064,4.0,7.0,7.0
859,-190.01999999999992,-116.73693529011064,4.0,7.0,7.0
860,-177.89999999999992,-116.73693529011064,4.0,7.0,7.0
861,-165.77999999999992,-116.73693529011064,4.0,7.0,7.0
862,-153.6599999999999,-116.73693529011064,4.0,7.0,7.0
863,-141.5399999999999,-116.73693529011064,4.0,7.0,7.0
864,-129.4199999999999,-116.73693529011064,4.0,7.0,7.0
865,-117.2999999999999,-116.73693529011064,4.0,7.0,7.0
866,-105.1799999999999,-116.73693529011064,4.0,7.0,7.0
867,-93.05999999999989,-116.73693529011064,4.0,7.0,7.0
868,-80.93999999999988,-116.73693529011064,4.0,7.0,7.0
869,-68.81999999999988,-116.73693529011064,4.0,7.0,7.0
870,64.50000000000017,-116.73693529011064,4.0,7.0,7.0
871,76.62000000000018,-116.73693529011064,4.0,7.0,7.0
872,88.74000000000018,-116.73693529011064,4.0,7.0,7.0
873,100.86000000000018,-116.73693529011064,4.0,7.0,7.0
874,112.98000000000019,-116.73693529011064,4.0,7.0,7.0
875,125.1000000000002,-116.73693529011064,4.0,7.0,7.0
876,137.2200000000002,-116.73693529011064,4.0,7.0,7.0
877,149.3400000000002,-116.73693529011064,4.0,7.0,7.0
878,161.4600000000002,-116.73693529011064,4.0,7.0,7.0
879,173.5800000000002,-116.73693529011064,4.0,7.0,7.0
880,185.70000000000022,-116.73693529011064,4.0,7.0,7.0
881,197.82000000000022,-116.73693529011064,4.0,7.0,7.0
882,209.94000000000023,-116.73693529011064,4.0,7.0,7.0
883,222.06000000000023,-116.73693529011064,4.0,7.0,7.0
884,234.18000000000023,-116.73693529011064,4.0,7.0,7.0
885,246.30000000000024,-116.73693529011064,4.0,7.0,7.0
886,258.42000000000024,-116.73693529011064,4.0,7.0,7.0
887,270.54000000000025,-116.73693529011064,4.0,7.0,7.0
888,282.66000000000025,-116.73693529011064,4.0,7.0,7.0
889,294.78000000000026,-116.73693529011064,4.0,7.0,7.0
890,306.90000000000026,-116.73693529011064,4.0,7.0,7.0
891,319.02000000000027,-116.73693529011064,4.0,7.0,7.0
892,-329.4,-106.24070739624324,4.0,7.0,7.0
893,-317.28,-106.24070739624324,4.0,7.0,7.0
894,-305.15999999999997,-106.24070739624324,4.0,7.0,7.0
895,-293.03999999999996,-106.24070739624324,4.0,7.0,7.0
896,-280.91999999999996,-106.24070739624324,4.0,7.0,7.0
897,-268.79999999999995,-106.24070739624324,4.0,7.0,7.0
898,-256.67999999999995,-106.24070739624324,4.0,7.0,7.0
899,-244.55999999999995,-106.24070739624324,4.0,7.0,7.0
900,-232.43999999999994,-106.24070739624324,4.0,7.0,7.0
901,-220.31999999999994,-106.24070739624324,4.0,7.0,7.0
902,-208.19999999999993,-106.24070739624324,4.0,7.0,7.0
903,-196.07999999999993,-106.24070739624324,4.0,7.0,7.0
904,-183.95999999999992,-106.24070739624324,4.0,7.0,7.0
905,-171.83999999999992,-106.24070739624324,4.0,7.0,7.0
906,-159.7199999999999,-106.24070739624324,4.0,7.0,7.0
907,-147.5999999999999,-106.24070739624324,4.0,7.0,7.0
908,-135.4799999999999,-106.24070739624324,4.0,7.0,7.0
909,-123.3599999999999,-106.24070739624324,4.0,7.0,7.0
910,-111.2399999999999,-106.24070739624324,4.0,7.0,7.0
911,-99.11999999999989,-106.24070739624324,4.0,7.0,7.0
912,-86.99999999999989,-106.24070739624324,4.0,7.0,7.0
913,82.68000000000018,-106.24070739624324,4.0,7.0,7.0
914,94.80000000000018,-106.24070739624324,4.0,7.0,7.0
915,106.92000000000019,-106.24070739624324,4.0,7.0,7.0
916,119.04000000000019,-106.24070739624324,4.0,7.0,7.0
917,131.1600000000002,-106.24070739624324,4.0,7.0,7.0
918,143.2800000000002,-106.24070739624324,4.0,7.0,7.0
919,155.4000000000002,-106.24070739624324,4.0,7.0,7.0
920,167.5200000000002,-106.24070739624324,4.0,7.0,7.0
921,179.6400000000002,-106.24070739624324,4.0,7.0,7.0
922,191.76000000000022,-106.24070739624324,4.0,7.0,7.0
923,203.88000000000022,-106.24070739624324,4.0,7.0,7.0
924,216.00000000000023,-106.24070739624324,4.0,7.0,7.0
925,228.12000000000023,-106.24070739624324,4.0,7.0,7.0
926,240.24000000000024,-106.24070739624324,4.0,7.0,7.0
927,252.36000000000024,-106.24070739624324,4.0,7.0,7.0
928,264.48000000000025,-106.24070739624324,4.0,7.0,7.0
929,276.60000000000025,-106.24070739624324,4.0,7.0,7.0
930,288.72000000000025,-106.24070739624324,4.0,7.0,7.0
931,300.84000000000026,-106.24070739624324,4.0,7.0,7.0
932,312.96000000000026,-106.24070739624324,4.0,7.0,7.0
933,325.08000000000027,-106.24070739624324,4.0,7.0,7.0
934,-335.46,-95.74447950237584,4.0,7.0,7.0
935,-323.34,-95.74447950237584,4.0,7.0,7.0
936,-311.21999999999997,-95.74447950237584,4.0,7.0,7.0
937,-299.09999999999997,-95.74447950237584,4.0,7.0,7.0
938,-286.97999999999996,-95.74447950237584,4.0,7.0,7.0
939,-274.85999999999996,-95.74447950237584,4.0,7.0,7.0
940,-262.73999999999995,-95.74447950237584,4.0,7.0,7.0
941,-250.61999999999995,-95.74447950237584,4.0,7.0,7.0
942,-238.49999999999994,-95.74447950237584,4.0,7.0,7.0
943,-226.37999999999994,-95.74447950237584,4.0,7.0,7.0
944,-214.25999999999993,-95.74447950237584,4.0,7.0,7.0
945,-202.13999999999993,-95.74447950237584,4.0,7.0,7.0
946,-190.01999999999992,-95.74447950237584,4.0,7.0,7.0
947,-177.89999999999992,-95.74447950237584,4.0,7.0,7.0
948,-165.77999999999992,-95.74447950237584,4.0,7.0,7.0
949,-153.6599999999999,-95.74447950237584,4.0,7.0,7.0
950,-141.5399999999999,-95.74447950237584,4.0,7.0,7.0
951,-129.4199999999999,-95.74447950237584,4.0,7.0,7.0
952,-117.2999999999999,-95.74447950237584,4.0,7.0,7.0
953,-105.1799999999999,-95.74447950237584,4.0,7.0,7.0
954,-93.05999999999989,-95.74447950237584,4.0,7.0,7.0
955,88.74000000000018,-95.74447950237584,4.0,7.0,7.0
956,100.86000000000018,-95.74447950237584,4.0,7.0,7.0
957,112.98000000000019,-95.74447950237584,4.0,7.0,7.0
958,125.1000000000002,-95.74447950237584,4.0,7.0,7.0
959,137.2200000000002,-95.74447950237584,4.0,7.0,7.0
960,149.3400000000002,-95.74447950237584,4.0,7.0,7.0
961,161.4600000000002,-95.74447950237584,4.0,7.0,7.0
962,173.5800000000002,-95.74447950237584,4.0,7.0,7.0
963,185.70000000000022,-95.74447950237584,4.0,7.0,7.0
964,197.82000000000022,-95.74447950237584,4.0,7.0,7.0
965,209.94000000000023,-95.74447950237584,4.0,7.0,7.0
966,222.06000000000023,-95.74447950237584,4.0,7.0,7.0
967,234.18000000000023,-95.74447950237584,4.0,7.0,7.0
968,246.30000000000024,-95.74447950237584,4.0,7.0,7.0
969,258.42000000000024,-95.74447950237584,4.0,7.0,7.0
970,270.54000000000025,-95.74447950237584,4.0,7.0,7.0
971,282.66000000000025,-95.74447950237584,4.0,7.0,7.0
972,294.78000000000026,-95.74447950237584,4.0,7.0,7.0
973,306.90000000000026,-95.74447950237584,4.0,7.0,7.0
974,319.02000000000027,-95.74447950237584,4.0,7.0,7.0
975,331.14000000000027,-95.74447950237584,4.0,7.0,7.0
976,-329.4,-85.24825160850844,4.0,7.0,7.0
977,-317.28,-85.24825160850844,4.0,7.0,7.0
978,-305.15999999999997,-85.24825160850844,4.0,7.0,7.0
979,-293.03999999999996,-85.24825160850844,4.0,7.0,7.0
980,-280.91999999999996,-85.24825160850844,4.0,7.0,7.0
981,-268.79999999999995,-85.24825160850844,4.0,7.0,7.0
982,-256.67999999999995,-85.24825160850844,4.0,7.0,7.0
983,-244.55999999999995,-85.24825160850844,4.0,7.0,7.0
984,-232.43999999999994,-85.24825160850844,4.0,7.0,7.0
985,-220.31999999999994,-85.24825160850844,4.0,7.0,7.0
986,-208.19999999999993,-85.24825160850844,4.0,7.0,7.0
987,-196.07999999999993,-85.24825160850844,4.0,7.0,7.0
988,-183.95999999999992,-85.24825160850844,4.0,7.0,7.0
989,-171.83999999999992,-85.24825160850844,4.0,7.0,7.0
990,-159.7199999999999,-85.24825160850844,4.0,7.0,7.0
991,-147.5999999999999,-85.24825160850844,4.0,7.0,7.0
992,-135.4799999999999,-85.24825160850844,4.0,7.0,7.0
993,-123.3599999999999,-85.24825160850844,4.0,7.0,7.0
994,-111.2399999999999,-85.24825160850844,4.0,7.0,7.0
995,-99.11999999999989,-85.24825160850844,4.0,7.0,7.0
996,94.80000000000018,-85.24825160850844,4.0,7.0,7.0
997,106.92000000000019,-85.24825160850844,4.0,7.0,7.0
998,119.04000000000019,-85.24825160850844,4.0,7.0,7.0
999,131.1600000000002,-85.24825160850844,4.0,7.0,7.0
1000,143.2800000000002,-85.24825160850844,4.0,7.0,7.0
1001,155.4000000000002,-85.24825160850844,4.0,7.0,7.0
1002,167.5200000000002,-85.24825160850844,4.0,7.0,7.0
1003,179.6400000000002,-85.24825160850844,4.0,7.0,7.0
1004,191.76000000000022,-85.24825160850844,4.0,7.0,7.0
1005,203.88000000000022,-85.24825160850844,4.0,7.0,7.0
1006,216.00000000000023,-85.24825160850844,4.0,7.0,7.0
1007,228.12000000000023,-85.24825160850844,4.0,7.0,7.0
1008,240.24000000000024,-85.24825160850844,4.0,7.0,7.0
1009,252.36000000000024,-85.24825160850844,4.0,7.0,7.0
1010,264.48000000000025,-85.24825160850844,4.0,7.0,7.0
1011,276.60000000000025,-85.24825160850844,4.0,7.0,7.0
1012,288.72000000000025,-85.24825160850844,4.0,7.0,7.0
1013,300.84000000000026,-85.24825160850844,4.0,7.0,7.0
1014,312.96000000000026,-85.24825160850844,4.0,7.0,7.0
1015,325.08000000000027,-85.24825160850844,4.0,7.0,7.0
1016,337.2000000000003,-85.24825160850844,4.0,7.0,7.0
1017,-335.46,-74.75202371464104,4.0,7.0,7.0
1018,-323.34,-74.75202371464104,4.0,7.0,7.0
1019,-311.21999999999997,-74.75202371464104,4.0,7.0,7.0
1020,-299.09999999999997,-74.75202371464104,4.0,7.0,7.0
1021,-286.97999999999996,-74.75202371464104,4.0,7.0,7.0
1022,-274.85999999999996,-74.75202371464104,4.0,7.0,7.0
1023,-262.73999999999995,-74.75202371464104,4.0,7.0,7.0
1024,-250.61999999999995,-74.75202371464104,4.0,7.0,7.0
1025,-238.49999999999994,-74.75202371464104,4.0,7.0,7.0
1026,-226.37999999999994,-74.75202371464104,4.0,7.0,7.0
1027,-214.25999999999993,-74.75202371464104,4.0,7.0,7.0
1028,-202.13999999999993,-74.75202371464104,4.0,7.0,7.0
1029,-190.01999999999992,-74.75202371464104,4.0,7.0,7.0
1030,-177.89999999999992,-74.75202371464104,4.0,7.0,7.0
1031,-165.77999999999992,-74.75202371464104,4.0,7.0,7.0
1032,-153.6599999999999,-74.75202371464104,4.0,7.0,7.0
1033,-141.5399999999999,-74.75202371464104,4.0,7.0,7.0
1034,-129.4199999999999,-74.75202371464104,4.0,7.0,7.0
1035,-117.2999999999999,-74.75202371464104,4.0,7.0,7.0
1036,-105.1799999999999,-74.75202371464104,4.0,7.0,7.0
1037,100.86000000000018,-74.75202371464104,4.0,7.0,7.0
1038,112.98000000000019,-74.75202371464104,4.0,7.0,7.0
1039,125.1000000000002,-74.75202371464104,4.0,7.0,7.0
1040,137.2200000000002,-74.75202371464104,4.0,7.0,7.0
1041,149.3400000000002,-74.75202371464104,4.0,7.0,7.0
1042,161.4600000000002,-74.75202371464104,4.0,7.0,7.0
1043,173.5800000000002,-74.75202371464104,4.0,7.0,7.0
1044,185.70000000000022,-74.75202371464104,4.0,7.0,7.0
1045,197.82000000000022,-74.75202371464104,4.0,7.0,7.0
1046,209.94000000000023,-74.75202371464104,4.0,7.0,7.0
1047,222.06000000000023,-74.75202371464104,4.0,7.0,7.0
1048,234.18000000000023,-74.75202371464104,4.0,7.0,7.0
1049,246.30000000000024,-74.75202371464104,4.0,7.0,7.0
1050,258.42000000000024,-74.75202371464104,4.0,7.0,7.0
1051,270.54000000000025,-74.75202371464104,4.0,7.0,7.0
1052,282.66000000000025,-74.75202371464104,4.0,7.0,7.0
1053,294.78000000000026,-74.75202371464104,4.0,7.0,7.0
1054,306.90000000000026,-74.75202371464104,4.0,7.0,7.0
1055,319.02000000000027,-74.75202371464104,4.0,7.0,7.0
1056,331.14000000000027,-74.75202371464104,4.0,7.0,7.0
1057,-341.52,-64.25579582077364,4.0,7.0,7.0
1058,-329.4,-64.25579582077364,4.0,7.0,7.0
1059,-317.28,-64.25579582077364,4.0,7.0,7.0
1060,-305.15999999999997,-64.25579582077364,4.0,7.0,7.0
1061,-293.03999999999996,-64.25579582077364,4.0,7.0,7.0
1062,-280.91999999999996,-64.25579582077364,4.0,7.0,7.0
1063,-268.79999999999995,-64.25579582077364,4.0,7.0,7.0
1064,-256.67999999999995,-64.25579582077364,4.0,7.0,7.0
1065,-244.55999999999995,-64.25579582077364,4.0,7.0,7.0
1066,-232.43999999999994,-64.25579582077364,4.0,7.0,7.0
1067,-220.31999999999994,-64.25579582077364,4.0,7.0,7.0
1068,-208.19999999999993,-64.25579582077364,4.0,7.0,7.0
1069,-196.07999999999993,-64.25579582077364,4.0,7.0,7.0
1070,-183.95999999999992,-64.25579582077364,4.0,7.0,7.0
1071,-171.83999999999992,-64.25579582077364,4.0,7.0,7.0
1072,-159.7199999999999,-64.25579582077364,4.0,7.0,7.0
1073,-147.5999999999999,-64.25579582077364,4.0,7.0,7.0
1074,-135.4799999999999,-64.25579582077364,4.0,7.0,7.0
1075,-123.3599999999999,-64.25579582077364,4.0,7.0,7.0
1076,-111.2399999999999,-64.25579582077364,4.0,7.0,7.0
1077,-99.11999999999989,-64.25579582077364,4.0,7.0,7.0
1078,106.92000000000019,-64.25579582077364,4.0,7.0,7.0
1079,119.04000000000019,-64.25579582077364,4.0,7.0,7.0
1080,131.1600000000002,-64.25579582077364,4.0,7.0,7.0
1081,143.2800000000002,-64.25579582077364,4.0,7.0,7.0
1082,155.4000000000002,-64.25579582077364,4.0,7.0,7.0
1083,167.5200000000002,-64.25579582077364,4.0,7.0,7.0
1084,179.6400000000002,-64.25579582077364,4.0,7.0,7.0
1085,191.76000000000022,-64.25579582077364,4.0,7.0,7.0
1086,203.88000000000022,-64.25579582077364,4.0,7.0,7.0
1087,216.00000000000023,-64.25579582077364,4.0,7.0,7.0
1088,228.12000000000023,-64.25579582077364,4.0,7.0,7.0
1089,240.24000000000024,-64.25579582077364,4.0,7.0,7.0
1090,252.36000000000024,-64.25579582077364,4.0,7.0,7.0
1091,264.48000000000025,-64.25579582077364,4.0,7.0,7.0
1092,276.60000000000025,-64.25579582077364,4.0,7.0,7.0
1093,288.72000000000025,-64.25579582077364,4.0,7.0,7.0
1094,300.84000000000026,-64.25579582077364,4.0,7.0,7.0
1095,312.96000000000026,-64.25579582077364,4.0,7.0,7.0
1096,325.08000000000027,-64.25579582077364,4.0,7.0,7.0
1097,337.2000000000003,-64.25579582077364,4.0,7.0,7.0
1098,-335.46,-53.75956792690624,4.0,7.0,7.0
1099,-323.34,-53.75956792690624,4.0,7.0,7.0
1100,-311.21999999999997,-53.75956792690624,4.0,7.0,7.0
1101,-299.09999999999997,-53.75956792690624,4.0,7.0,7.0
1102,-286.97999999999996,-53.75956792690624,4.0,7.0,7.0
1103,-274.85999999999996,-53.75956792690624,4.0,7.0,7.0
1104,-262.73999999999995,-53.75956792690624,4.0,7.0,7.0
1105,-250.61999999999995,-53.75956792690624,4.0,7.0,7.0
1106,-238.49999999999994,-53.75956792690624,4.0,7.0,7.0
1107,-226.37999999999994,-53.75956792690624,4.0,7.0,7.0
1108,-214.25999999999993,-53.75956792690624,4.0,7.0,7.0
1109,-202.13999999999993,-53.75956792690624,4.0,7.0,7.0
1110,-190.01999999999992,-53.75956792690624,4.0,7.0,7.0
1111,-177.89999999999992,-53.75956792690624,4.0,7.0,7.0
1112,-165.77999999999992,-53.75956792690624,4.0,7.0,7.0
1113,-153.6599999999999,-53.75956792690624,4.0,7.0,7.0
1114,-141.5399999999999,-53.75956792690624,4.0,7.0,7.0
1115,-129.4199999999999,-53.75956792690624,4.0,7.0,7.0
1116,-117.2999999999999,-53.75956792690624,4.0,7.0,7.0
1117,-105.1799999999999,-53.75956792690624,4.0,7.0,7.0
1118,100.86000000000018,-53.75956792690624,4.0,7.0,7.0
1119,112.98000000000019,-53.75956792690624,4.0,7.0,7.0
1120,125.1000000000002,-53.75956792690624,4.0,7.0,7.0
1121,137.2200000000002,-53.75956792690624,4.0,7.0,7.0
1122,149.3400000000002,-53.75956792690624,4.0,7.0,7.0
1123,161.4600000000002,-53.75956792690624,4.0,7.0,7.0
1124,173.5800000000002,-53.75956792690624,4.0,7.0,7.0
1125,185.70000000000022,-53.75956792690624,4.0,7.0,7.0
1126,197.82000000000022,-53.75956792690624,4.0,7.0,7.0
1127,209.94000000000023,-53.75956792690624,4.0,7.0,7.0
1128,222.06000000000023,-53.75956792690624,4.0,7.0,7.0
1129,234.18000000000023,-53.75956792690624,4.0,7.0,7.0
1130,246.30000000000024,-53.75956792690624,4.0,7.0,7.0
1131,258.42000000000024,-53.75956792690624,4.0,7.0,7.0
1132,270.54000000000025,-53.75956792690624,4.0,7.0,7.0
1133,282.66000000000025,-53.75956792690624,4.0,7.0,7.0
1134,294.78000000000026,-53.75956792690624,4.0,7.0,7.0
1135,306.90000000000026,-53.75956792690624,4.0,7.0,7.0
1136,319.02000000000027,-53.75956792690624,4.0,7.0,7.0
1137,331.14000000000027,-53.75956792690624,4.0,7.0,7.0
1138,343.2600000000003,-53.75956792690624,4.0,7.0,7.0
1139,-341.52,-43.263340033038844,4.0,7.0,7.0
1140,-329.4,-43.263340033038844,4.0,7.0,7.0
1141,-317.28,-43.263340033038844,4.0,7.0,7.0
1142,-305.15999999999997,-43.263340033038844,4.0,7.0,7.0
1143,-293.03999999999996,-43.263340033038844,4.0,7.0,7.0
1144,-280.91999999999996,-43.263340033038844,4.0,7.0,7.0
1145,-268.79999999999995,-43.263340033038844,4.0,7.0,7.0
1146,-256.67999999999995,-43.263340033038844,4.0,7.0,7.0
1147,-244.55999999999995,-43.263340033038844,4.0,7.0,7.0
1148,-232.43999999999994,-43.263340033038844,4.0,7.0,7.0
1149,-220.31999999999994,-43.263340033038844,4.0,7.0,7.0
1150,-208.19999999999993,-43.263340033038844,4.0,7.0,7.0
1151,-196.07999999999993,-43.263340033038844,4.0,7.0,7.0
1152,-183.95999999999992,-43.263340033038844,4.0,7.0,7.0
1153,-171.83999999999992,-43.263340033038844,4.0,7.0,7.0
1154,-159.7199999999999,-43.263340033038844,4.0,7.0,7.0
1155,-147.5999999999999,-43.263340033038844,4.0,7.0,7.0
1156,-135.4799999999999,-43.263340033038844,4.0,7.0,7.0
1157,-123.3599999999999,-43.263340033038844,4.0,7.0,7.0
1158,-111.2399999999999,-43.263340033038844,4.0,7.0,7.0
1159,106.92000000000019,-43.263340033038844,4.0,7.0,7.0
1160,119.04000000000019,-43.263340033038844,4.0,7.0,7.0
1161,131.1600000000002,-43.263340033038844,4.0,7.0,7.0
1162,143.2800000000002,-43.263340033038844,4.0,7.0,7.0
1163,155.4000000000002,-43.263340033038844,4.0,7.0,7.0
1164,167.5200000000002,-43.263340033038844,4.0,7.0,7.0
1165,179.6400000000002,-43.263340033038844,4.0,7.0,7.0
1166,191.76000000000022,-43.263340033038844,4.0,7.0,7.0
1167,203.88000000000022,-43.263340033038844,4.0,7.0,7.0
1168,216.00000000000023,-43.263340033038844,4.0,7.0,7.0
1169,228.12000000000023,-43.263340033038844,4.0,7.0,7.0
1170,240.24000000000024,-43.263340033038844,4.0,7.0,7.0
1171,252.36000000000024,-43.263340033038844,4.0,7.0,7.0
1172,264.48000000000025,-43.263340033038844,4.0,7.0,7.0
1173,276.60000000000025,-43.263340033038844,4.0,7.0,7.0
1174,288.72000000000025,-43.263340033038844,4.0,7.0,7.0
1175,300.84000000000026,-43.263340033038844,4.0,7.0,7.0
1176,312.96000000000026,-43.263340033038844,4.0,7.0,7.0
1177,325.08000000000027,-43.263340033038844,4.0,7.0,7.0
1178,337.2000000000003,-43.263340033038844,4.0,7.0,7.0
1179,-347.58,-32.767112139171445,4.0,7.0,7.0
1180,-335.46,-32.767112139171445,4.0,7.0,7.0
1181,-323.34,-32.767112139171445,4.0,7.0,7.0
1182,-311.21999999999997,-32.767112139171445,4.0,7.0,7.0
1183,-299.09999999999997,-32.767112139171445,4.0,7.0,7.0
1184,-286.97999999999996,-32.767112139171445,4.0,7.0,7.0
1185,-274.85999999999996,-32.767112139171445,4.0,7.0,7.0
1186,-262.73999999999995,-32.767112139171445,4.0,7.0,7.0
1187,-250.61999999999995,-32.767112139171445,4.0,7.0,7.0
1188,-238.49999999999994,-32.767112139171445,4.0,7.0,7.0
1189,-226.37999999999994,-32.767112139171445,4.0,7.0,7.0
1190,-214.25999999999993,-32.767112139171445,4.0,7.0,7.0
1191,-202.13999999999993,-32.767112139171445,4.0,7.0,7.0
1192,-190.01999999999992,-32.767112139171445,4.0,7.0,7.0
1193,-177.89999999999992,-32.767112139171445,4.0,7.0,7.0
1194,-165.77999999999992,-32.767112139171445,4.0,7.0,7.0
1195,-153.6599999999999,-32.767112139171445,4.0,7.0,7.0
1196,-141.5399999999999,-32.767112139171445,4.0,7.0,7.0
1197,-129.4199999999999,-32.767112139171445,4.0,7.0,7.0
1198,-117.2999999999999,-32.767112139171445,4.0,7.0,7.0
1199,-105.1799999999999,-32.767112139171445,4.0,7.0,7.0
1200,100.86000000000018,-32.767112139171445,4.0,7.0,7.0
1201,112.98000000000019,-32.767112139171445,4.0,7.0,7.0
1202,125.1000000000002,-32.767112139171445,4.0,7.0,7.0
1203,137.2200000000002,-32.767112139171445,4.0,7.0,7.0
1204,149.3400000000002,-32.767112139171445,4.0,7.0,7.0
1205,161.4600000000002,-32.767112139171445,4.0,7.0,7.0
1206,173.5800000000002,-32.767112139171445,4.0,7.0,7.0
1207,185.70000000000022,-32.767112139171445,4.0,7.0,7.0
1208,197.82000000000022,-32.767112139171445,4.0,7.0,7.0
1209,209.94000000000023,-32.767112139171445,4.0,7.0,7.0
1210,222.06000000000023,-32.767112139171445,4.0,7.0,7.0
1211,234.18000000000023,-32.767112139171445,4.0,7.0,7.0
1212,246.30000000000024,-32.767112139171445,4.0,7.0,7.0
1213,258.42000000000024,-32.767112139171445,4.0,7.0,7.0
1214,270.54000000000025,-32.767112139171445,4.0,7.0,7.0
1215,282.66000000000025,-32.767112139171445,4.0,7.0,7.0
1216,294.78000000000026,-32.767112139171445,4.0,7.0,7.0
1217,306.90000000000026,-32.767112139171445,4.0,7.0,7.0
1218,319.02000000000027,-32.767112139171445,4.0,7.0,7.0
1219,331.14000000000027,-32.767112139171445,4.0,7.0,7.0
1220,343.2600000000003,-32.767112139171445,4.0,7.0,7.0
1221,-341.52,-22.270884245304046,4.0,7.0,7.0
1222,-329.4,-22.270884245304046,4.0,7.0,7.0
1223,-317.28,-22.270884245304046,4.0,7.0,7.0
1224,-305.15999999999997,-22.270884245304046,4.0,7.0,7.0
1225,-293.03999999999996,-22.270884245304046,4.0,7.0,7.0
1226,-280.91999999999996,-22.270884245304046,4.0,7.0,7.0
1227,-268.79999999999995,-22.270884245304046,4.0,7.0,7.0
1228,-256.67999999999995,-22.270884245304046,4.0,7.0,7.0
1229,-244.55999999999995,-22.270884245304046,4.0,7.0,7.0
1230,-232.43999999999994,-22.270884245304046,4.0,7.0,7.0
1231,-220.31999999999994,-22.270884245304046,4.0,7.0,7.0
1232,-208.19999999999993,-22.270884245304046,4.0,7.0,7.0
1233,-196.07999999999993,-22.270884245304046,4.0,7.0,7.0
1234,-183.95999999999992,-22.270884245304046,4.0,7.0,7.0
1235,-171.83999999999992,-22.270884245304046,4.0,7.0,7.0
1236,-159.7199999999999,-22.270884245304046,4.0,7.0,7.0
1237,-147.5999999999999,-22.270884245304046,4.0,7.0,7.0
1238,-135.4799999999999,-22.270884245304046,4.0,7.0,7.0
1239,-123.3599999999999,-22.270884245304046,4.0,7.0,7.0
1240,-111.2399999999999,-22.270884245304046,4.0,7.0,7.0
1241,-99.11999999999989,-22.270884245304046,4.0,7.0,7.0
1242,106.92000000000019,-22.270884245304046,4.0,7.0,7.0
1243,119.04000000000019,-22.270884245304046,4.0,7.0,7.0
1244,131.1600000000002,-22.270884245304046,4.0,7.0,7.0
1245,143.2800000000002,-22.270884245304046,4.0,7.0,7.0
1246,155.4000000000002,-22.270884245304046,4.0,7.0,7.0
1247,167.5200000000002,-22.270884245304046,4.0,7.0,7.0
1248,179.6400000000002,-22.270884245304046,4.0,7.0,7.0
1249,191.76000000000022,-22.270884245304046,4.0,7.0,7.0
1250,203.88000000000022,-22.270884245304046,4.0,7.0,7.0
1251,216.00000000000023,-22.270884245304046,4.0,7.0,7.0
1252,228.12000000000023,-22.270884245304046,4.0,7.0,7.0
1253,240.24000000000024,-22.270884245304046,4.0,7.0,7.0
1254,252.36000000000024,-22.270884245304046,4.0,7.0,7.0
1255,264.48000000000025,-22.270884245304046,4.0,7.0,7.0
1256,276.60000000000025,-22.270884245304046,4.0,7.0,7.0
1257,288.72000000000025,-22.270884245304046,4.0,7.0,7.0
1258,300.84000000000026,-22.270884245304046,4.0,7.0,7.0
1259,312.96000000000026,-22.270884245304046,4.0,7.0,7.0
1260,325.08000000000027,-22.270884245304046,4.0,7.0,7.0
1261,337.2000000000003,-22.270884245304046,4.0,7.0,7.0
1262,-347.58,-11.774656351436647,4.0,7.0,7.0
1263,-335.46,-11.774656351436647,4.0,7.0,7.0
1264,-323.34,-11.774656351436647,4.0,7.0,7.0
1265,-311.21999999999997,-11.774656351436647,4.0,7.0,7.0
1266,-299.09999999999997,-11.774656351436647,4.0,7.0,7.0
1267,-286.97999999999996,-11.774656351436647,4.0,7.0,7.0
1268,-274.85999999999996,-11.774656351436647,4.0,7.0,7.0
1269,-262.73999999999995,-11.774656351436647,4.0,7.0,7.0
1270,-250.61999999999995,-11.774656351436647,4.0,7.0,7.0
1271,-238.49999999999994,-11.774656351436647,4.0,7.0,7.0
1272,-226.37999999999994,-11.774656351436647,4.0,7.0,7.0
1273,-214.25999999999993,-11.774656351436647,4.0,7.0,7.0
1274,-202.13999999999993,-11.774656351436647,4.0,7.0,7.0
1275,-190.01999999999992,-11.774656351436647,4.0,7.0,7.0
1276,-177.89999999999992,-11.774656351436647,4.0,7.0,7.0
1277,-165.77999999999992,-11.774656351436647,4.0,7.0,7.0
1278,-153.6599999999999,-11.774656351436647,4.0,7.0,7.0
1279,-141.5399999999999,-11.774656351436647,4.0,7.0,7.0
1280,-129.4199999999999,-11.774656351436647,4.0,7.0,7.0
1281,-117.2999999999999,-11.774656351436647,4.0,7.0,7.0
1282,-105.1799999999999,-11.774656351436647,4.0,7.0,7.0
1283,100.86000000000018,-11.774656351436647,4.0,7.0,7.0
1284,112.98000000000019,-11.774656351436647,4.0,7.0,7.0
1285,125.1000000000002,-11.774656351436647,4.0,7.0,7.0
1286,137.2200000000002,-11.774656351436647,4.0,7.0,7.0
1287,149.3400000000002,-11.774656351436647,4.0,7.0,7.0
1288,161.4600000000002,-11.774656351436647,4.0,7.0,7.0
1289,173.5800000000002,-11.774656351436647,4.0,7.0,7.0
1290,185.70000000000022,-11.774656351436647,4.0,7.0,7.0
1291,197.82000000000022,-11.774656351436647,4.0,7.0,7.0
1292,209.94000000000023,-11.774656351436647,4.0,7.0,7.0
1293,222.06000000000023,-11.774656351436647,4.0,7.0,7.0
1294,234.18000000000023,-11.774656351436647,4.0,7.0,7.0
1295,246.30000000000024,-11.774656351436647,4.0,7.0,7.0
1296,258.42000000000024,-11.774656351436647,4.0,7.0,7.0
1297,270.54000000000025,-11.774656351436647,4.0,7.0,7.0
1298,282.66000000000025,-11.774656351436647,4.0,7.0,7.0
1299,294.78000000000026,-11.774656351436647,4.0,7.0,7.0
1300,306.90000000000026,-11.774656351436647,4.0,7.0,7.0
1301,319.02000000000027,-11.774656351436647,4.0,7.0,7.0
1302,331.14000000000027,-11.774656351436647,4.0,7.0,7.0
1303,343.2600000000003,-11.774656351436647,4.0,7.0,7.0
1304,-341.52,-1.2784284575692482,4.0,7.0,7.0
1305,-329.4,-1.2784284575692482,4.0,7.0,7.0
1306,-317.28,-1.2784284575692482,4.0,7.0,7.0
1307,-305.15999999999997,-1.2784284575692482,4.0,7.0,7.0
1308,-293.03999999999996,-1.2784284575692482,4.0,7.0,7.0
1309,-280.91999999999996,-1.2784284575692482,4.0,7.0,7.0
1310,-268.79999999999995,-1.2784284575692482,4.0,7.0,7.0
1311,-256.67999999999995,-1.2784284575692482,4.0,7.0,7.0
1312,-244.55999999999995,-1.2784284575692482,4.0,7.0,7.0
1313,-232.43999999999994,-1.2784284575692482,4.0,7.0,7.0
1314,-220.31999999999994,-1.2784284575692482,4.0,7.0,7.0
1315,-208.19999999999993,-1.2784284575692482,4.0,7.0,7.0
1316,-196.07999999999993,-1.2784284575692482,4.0,7.0,7.0
1317,-183.95999999999992,-1.2784284575692482,4.0,7.0,7.0
1318,-171.83999999999992,-1.2784284575692482,4.0,7.0,7.0
1319,-159.7199999999999,-1.2784284575692482,4.0,7.0,7.0
1320,-147.5999999999999,-1.2784284575692482,4.0,7.0,7.0
1321,-135.4799999999999,-1.2784284575692482,4.0,7.0,7.0
1322,-123.3599999999999,-1.2784284575692482,4.0,7.0,7.0
1323,-111.2399999999999,-1.2784284575692482,4.0,7.0,7.0
1324,-99.11999999999989,-1.2784284575692482,4.0,7.0,7.0
1325,94.80000000000018,-1.2784284575692482,4.0,7.0,7.0
1326,106.92000000000019,-1.2784284575692482,4.0,7.0,7.0
1327,119.04000000000019,-1.2784284575692482,4.0,7.0,7.0
1328,131.1600000000002,-1.2784284575692482,4.0,7.0,7.0
1329,143.2800000000002,-1.2784284575692482,4.0,7.0,7.0
1330,155.4000000000002,-1.2784284575692482,4.0,7.0,7.0
1331,167.5200000000002,-1.2784284575692482,4.0,7.0,7.0
1332,179.6400000000002,-1.2784284575692482,4.0,7.0,7.0
1333,191.76000000000022,-1.2784284575692482,4.0,7.0,7.0
1334,203.88000000000022,-1.2784284575692482,4.0,7.0,7.0
1335,216.00000000000023,-1.2784284575692482,4.0,7.0,7.0
1336,228.12000000000023,-1.2784284575692482,4.0,7.0,7.0
1337,240.24000000000024,-1.2784284575692482,4.0,7.0,7.0
1338,252.36000000000024,-1.2784284575692482,4.0,7.0,7.0
1339,264.48000000000025,-1.2784284575692482,4.0,7.0,7.0
1340,276.60000000000025,-1.2784284575692482,4.0,7.0,7.0
1341,288.72000000000025,-1.2784284575692482,4.0,7.0,7.0
1342,300.84000000000026,-1.2784284575692482,4.0,7.0,7.0
1343,312.96000000000026,-1.2784284575692482,4.0,7.0,7.0
1344,325.08000000000027,-1.2784284575692482,4.0,7.0,7.0
1345,337.2000000000003,-1.2784284575692482,4.0,7.0,7.0
1346,349.3200000000003,-1.2784284575692482,4.0,7.0,7.0
1347,-347.58,9.21779943629815,4.0,7.0,7.0
1348,-335.46,9.21779943629815,4.0,7.0,7.0
1349,-323.34,9.21779943629815,4.0,7.0,7.0
1350,-311.21999999999997,9.21779943629815,4.0,7.0,7.0
1351,-299.09999999999997,9.21779943629815,4.0,7.0,7.0
1352,-286.97999999999996,9.21779943629815,4.0,7.0,7.0
1353,-274.85999999999996,9.21779943629815,4.0,7.0,7.0
1354,-262.73999999999995,9.21779943629815,4.0,7.0,7.0
1355,-250.61999999999995,9.21779943629815,4.0,7.0,7.0
1356,-238.49999999999994,9.21779943629815,4.0,7.0,7.0
1357,-226.37999999999994,9.21779943629815,4.0,7.0,7.0
1358,-214.25999999999993,9.21779943629815,4.0,7.0,7.0
1359,-202.13999999999993,9.21779943629815,4.0,7.0,7.0
1360,-190.01999999999992,9.21779943629815,4.0,7.0,7.0
1361,-177.89999999999992,9.21779943629815,4.0,7.0,7.0
1362,-165.77999999999992,9.21779943629815,4.0,7.0,7.0
1363,-153.6599999999999,9.21779943629815,4.0,7.0,7.0
1364,-141.5399999999999,9.21779943629815,4.0,7.0,7.0
1365,-129.4199999999999,9.21779943629815,4.0,7.0,7.0
1366,-117.2999999999999,9.21779943629815,4.0,7.0,7.0
1367,-105.1799999999999,9.21779943629815,4.0,7.0,7.0
1368,-93.05999999999989,9.21779943629815,4.0,7.0,7.0
1369,88.74000000000018,9.21779943629815,4.0,7.0,7.0
1370,100.86000000000018,9.21779943629815,4.0,7.0,7.0
1371,112.98000000000019,9.21779943629815,4.0,7.0,7.0
1372,125.1000000000002,9.21779943629815,4.0,7.0,7.0
1373,137.2200000000002,9.21779943629815,4.0,7.0,7.0
1374,149.3400000000002,9.21779943629815,4.0,7.0,7.0
1375,161.4600000000002,9.21779943629815,4.0,7.0,7.0
1376,173.5800000000002,9.21779943629815,4.0,7.0,7.0
1377,185.70000000000022,9.21779943629815,4.0,7.0,7.0
1378,197.82000000000022,9.21779943629815,4.0,7.0,7.0
1379,209.94000000000023,9.21779943629815,4.0,7.0,7.0
1380,222.06000000000023,9.21779943629815,4.0,7.0,7.0
1381,234.18000000000023,9.21779943629815,4.0,7.0,7.0
1382,246.30000000000024,9.21779943629815,4.0,7.0,7.0
1383,258.42000000000024,9.21779943629815,4.0,7.0,7.0
1384,270.54000000000025,9.21779943629815,4.0,7.0,7.0
1385,282.66000000000025,9.21779943629815,4.0,7.0,7.0
1386,294.78000000000026,9.21779943629815,4.0,7.0,7.0
1387,306.90000000000026,9.21779943629815,4.0,7.0,7.0
1388,319.02000000000027,9.21779943629815,4.0,7.0,7.0
1389,331.14000000000027,9.21779943629815,4.0,7.0,7.0
1390,343.2600000000003,9.21779943629815,4.0,7.0,7.0
1391,-341.52,19.71402733016555,4.0,7.0,7.0
1392,-329.4,19.71402733016555,4.0,7.0,7.0
1393,-317.28,19.71402733016555,4.0,7.0,7.0
1394,-305.15999999999997,19.71402733016555,4.0,7.0,7.0
1395,-293.03999999999996,19.71402733016555,4.0,7.0,7.0
1396,-280.91999999999996,19.71402733016555,4.0,7.0,7.0
1397,-268.79999999999995,19.71402733016555,4.0,7.0,7.0
1398,-256.67999999999995,19.71402733016555,4.0,7.0,7.0
1399,-244.55999999999995,19.71402733016555,4.0,7.0,7.0
1400,-232.43999999999994,19.71402733016555,4.0,7.0,7.0
1401,-220.31999999999994,19.71402733016555,4.0,7.0,7.0
1402,-208.19999999999993,19.71402733016555,4.0,7.0,7.0
1403,-196.07999999999993,19.71402733016555,4.0,7.0,7.0
1404,-183.95999999999992,19.71402733016555,4.0,7.0,7.0
1405,-171.83999999999992,19.71402733016555,4.0,7.0,7.0
1406,-159.7199999999999,19.71402733016555,4.0,7.0,7.0
1407,-147.5999999999999,19.71402733016555,4.0,7.0,7.0
1408,-135.4799999999999,19.71402733016555,4.0,7.0,7.0
1409,-123.3599999999999,19.71402733016555,4.0,7.0,7.0
1410,-111.2399999999999,19.71402733016555,4.0,7.0,7.0
1411,-99.11999999999989,19.71402733016555,4.0,7.0,7.0
1412,-86.99999999999989,19.71402733016555,4.0,7.0,7.0
1413,82.68000000000018,19.71402733016555,4.0,7.0,7.0
1414,94.80000000000018,19.71402733016555,4.0,7.0,7.0
1415,106.92000000000019,19.71402733016555,4.0,7.0,7.0
1416,119.04000000000019,19.71402733016555,4.0,7.0,7.0
1417,131.1600000000002,19.71402733016555,4.0,7.0,7.0
1418,143.2800000000002,19.71402733016555,4.0,7.0,7.0
1419,155.4000000000002,19.71402733016555,4.0,7.0,7.0
1420,167.5200000000002,19.71402733016555,4.0,7.0,7.0
1421,179.6400000000002,19.71402733016555,4.0,7.0,7.0
1422,191.76000000000022,19.71402733016555,4.0,7.0,7.0
1423,203.88000000000022,19.71402733016555,4.0,7.0,7.0
1424,216.00000000000023,19.71402733016555,4.0,7.0,7.0
1425,228.12000000000023,19.71402733016555,4.0,7.0,7.0
1426,240.24000000000024,19.71402733016555,4.0,7.0,7.0
1427,252.36000000000024,19.71402733016555,4.0,7.0,7.0
1428,264.48000000000025,19.71402733016555,4.0,7.0,7.0
1429,276.60000000000025,19.71402733016555,4.0,7.0,7.0
1430,288.72000000000025,19.71402733016555,4.0,7.0,7.0
1431,300.84000000000026,19.71402733016555,4.0,7.0,7.0
1432,312.96000000000026,19.71402733016555,4.0,7.0,7.0
1433,325.08000000000027,19.71402733016555,4.0,7.0,7.0
1434,337.2000000000003,19.71402733016555,4.0,7.0,7.0
1435,349.3200000000003,19.71402733016555,4.0,7.0,7.0
1436,-347.58,30.21025522403295,4.0,7.0,7.0
1437,-335.46,30.21025522403295,4.0,7.0,7.0
1438,-323.34,30.21025522403295,4.0,7.0,7.0
1439,-311.21999999999997,30.21025522403295,4.0,7.0,7.0
1440,-299.09999999999997,30.21025522403295,4.0,7.0,7.0
1441,-286.97999999999996,30.21025522403295,4.0,7.0,7.0
1442,-274.85999999999996,30.21025522403295,4.0,7.0,7.0
1443,-262.73999999999995,30.21025522403295,4.0,7.0,7.0
1444,-250.61999999999995,30.21025522403295,4.0,7.0,7.0
1445,-238.49999999999994,30.21025522403295,4.0,7.0,7.0
1446,-226.37999999999994,30.21025522403295,4.0,7.0,7.0
1447,-214.25999999999993,30.21025522403295,4.0,7.0,7.0
1448,-202.13999999999993,30.21025522403295,4.0,7.0,7.0
1449,-190.01999999999992,30.21025522403295,4.0,7.0,7.0
1450,-177.89999999999992,30.21025522403295,4.0,7.0,7.0
1451,-165.77999999999992,30.21025522403295,4.0,7.0,7.0
1452,-153.6599999999999,30.21025522403295,4.0,7.0,7.0
1453,-141.5399999999999,30.21025522403295,4.0,7.0,7.0
1454,-129.4199999999999,30.21025522403295,4.0,7.0,7.0
1455,-117.2999999999999,30.21025522403295,4.0,7.0,7.0
1456,-105.1799999999999,30.21025522403295,4.0,7.0,7.0
1457,-93.05999999999989,30.21025522403295,4.0,7.0,7.0
1458,-80.93999999999988,30.21025522403295,4.0,7.0,7.0
1459,76.62000000000018,30.21025522403295,4.0,7.0,7.0
1460,88.74000000000018,30.21025522403295,4.0,7.0,7.0
1461,100.86000000000018,30.21025522403295,4.0,7.0,7.0
1462,112.98000000000019,30.21025522403295,4.0,7.0,7.0
1463,125.1000000000002,30.21025522403295,4.0,7.0,7.0
1464,137.2200000000002,30.21025522403295,4.0,7.0,7.0
1465,149.3400000000002,30.21025522403295,4.0,7.0,7.0
1466,161.4600000000002,30.21025522403295,4.0,7.0,7.0
1467,173.5800000000002,30.21025522403295,4.0,7.0,7.0
1468,185.70000000000022,30.21025522403295,4.0,7.0,7.0
1469,197.82000000000022,30.21025522403295,4.0,7.0,7.0
1470,209.94000000000023,30.21025522403295,4.0,7.0,7.0
1471,222.06000000000023,30.21025522403295,4.0,7.0,7.0
1472,234.18000000000023,30.21025522403295,4.0,7.0,7.0
1473,246.30000000000024,30.21025522403295,4.0,7.0,7.0
1474,258.42000000000024,30.21025522403295,4.0,7.0,7.0
1475,270.54000000000025,30.21025522403295,4.0,7.0,7.0
1476,282.66000000000025,30.21025522403295,4.0,7.0,7.0
1477,294.78000000000026,30.21025522403295,4.0,7.0,7.0
1478,306.90000000000026,30.21025522403295,4.0,7.0,7.0
1479,319.02000000000027,30.21025522403295,4.0,7.0,7.0
1480,331.14000000000027,30.21025522403295,4.0,7.0,7.0
1481,343.2600000000003,30.21025522403295,4.0,7.0,7.0
1482,-341.52,40.70648311790035,4.0,7.0,7.0
1483,-329.4,40.70648311790035,4.0,7.0,7.0
1484,-317.28,40.70648311790035,4.0,7.0,7.0
1485,-305.15999999999997,40.70648311790035,4.0,7.0,7.0
1486,-293.03999999999996,40.70648311790035,4.0,7.0,7.0
1487,-280.91999999999996,40.70648311790035,4.0,7.0,7.0
1488,-268.79999999999995,40.70648311790035,4.0,7.0,7.0
1489,-256.67999999999995,40.70648311790035,4.0,7.0,7.0
1490,-244.55999999999995,40.70648311790035,4.0,7.0,7.0
1491,-232.43999999999994,40.70648311790035,4.0,7.0,7.0
1492,-220.31999999999994,40.70648311790035,4.0,7.0,7.0
1493,-208.19999999999993,40.70648311790035,4.0,7.0,7.0
1494,-196.07999999999993,40.70648311790035,4.0,7.0,7.0
1495,-183.95999999999992,40.70648311790035,4.0,7.0,7.0
1496,-171.83999999999992,40.70648311790035,4.0,7.0,7.0
1497,-159.7199999999999,40.70648311790035,4.0,7.0,7.0
1498,-147.5999999999999,40.70648311790035,4.0,7.0,7.0
1499,-135.4799999999999,40.70648311790035,4.0,7.0,7.0
1500,-123.3599999999999,40.70648311790035,4.0,7.0,7.0
1501,-111.2399999999999,40.70648311790035,4.0,7.0,7.0
1502,-99.11999999999989,40.70648311790035,4.0,7.0,7.0
1503,-86.99999999999989,40.70648311790035,4.0,7.0,7.0
1504,-74.87999999999988,40.70648311790035,4.0,7.0,7.0
1505,-62.75999999999988,40.70648311790035,4.0,7.0,7.0
1506,70.56000000000017,40.70648311790035,4.0,7.0,7.0
1507,82.68000000000018,40.70648311790035,4.0,7.0,7.0
1508,94.80000000000018,40.70648311790035,4.0,7.0,7.0
1509,106.92000000000019,40.70648311790035,4.0,7.0,7.0
1510,119.04000000000019,40.70648311790035,4.0,7.0,7.0
1511,131.1600000000002,40.70648311790035,4.0,7.0,7.0
1512,143.2800000000002,40.70648311790035,4.0,7.0,7.0
1513,155.4000000000002,40.70648311790035,4.0,7.0,7.0
1514,167.5200000000002,40.70648311790035,4.0,7.0,7.0
1515,179.6400000000002,40.70648311790035,4.0,7.0,7.0
1516,191.76000000000022,40.70648311790035,4.0,7.0,7.0
1517,203.88000000000022,40.70648311790035,4.0,7.0,7.0
1518,216.00000000000023,40.70648311790035,4.0,7.0,7.0
1519,228.12000000000023,40.70648311790035,4.0,7.0,7.0
1520,240.24000000000024,40.70648311790035,4.0,7.0,7.0
1521,252.36000000000024,40.70648311790035,4.0,7.0,7.0
1522,264.48000000000025,40.70648311790035,4.0,7.0,7.0
1523,276.60000000000025,40.70648311790035,4.0,7.0,7.0
1524,288.72000000000025,40.70648311790035,4.0,7.0,7.0
1525,300.84000000000026,40.70648311790035,4.0,7.0,7.0
1526,312.96000000000026,40.70648311790035,4.0,7.0,7.0
1527,325.08000000000027,40.70648311790035,4.0,7.0,7.0
1528,337.2000000000003,40.70648311790035,4.0,7.0,7.0
1529,-335.46,51.20271101176775,4.0,7.0,7.0
1530,-323.34,51.20271101176775,4.0,7.0,7.0
1531,-311.21999999999997,51.20271101176775,4.0,7.0,7.0
1532,-299.09999999999997,51.20271101176775,4.0,7.0,7.0
1533,-286.97999999999996,51.20271101176775,4.0,7.0,7.0
1534,-274.85999999999996,51.20271101176775,4.0,7.0,7.0
1535,-262.73999999999995,51.20271101176775,4.0,7.0,7.0
1536,-250.61999999999995,51.20271101176775,4.0,7.0,7.0
1537,-238.49999999999994,51.20271101176775,4.0,7.0,7.0
1538,-226.37999999999994,51.20271101176775,4.0,7.0,7.0
1539,-214.25999999999993,51.20271101176775,4.0,7.0,7.0
1540,-202.13999999999993,51.20271101176775,4.0,7.0,7.0
1541,-190.01999999999992,51.20271101176775,4.0,7.0,7.0
1542,-177.89999999999992,51.20271101176775,4.0,7.0,7.0
1543,-165.77999999999992,51.20271101176775,4.0,7.0,7.0
1544,-153.6599999999999,51.20271101176775,4.0,7.0,7.0
1545,-141.5399999999999,51.20271101176775,4.0,7.0,7.0
1546,-129.4199999999999,51.20271101176775,4.0,7.0,7.0
1547,-117.2999999999999,51.20271101176775,4.0,7.0,7.0
1548,-105.1799999999999,51.20271101176775,4.0,7.0,7.0
1549,-93.05999999999989,51.20271101176775,4.0,7.0,7.0
1550,-80.93999999999988,51.20271101176775,4.0,7.0,7.0
1551,-68.81999999999988,51.20271101176775,4.0,7.0,7.0
1552,-56.699999999999875,51.20271101176775,4.0,7.0,7.0
1553,-44.57999999999987,51.20271101176775,4.0,7.0,7.0
1554,52.380000000000166,51.20271101176775,4.0,7.0,7.0
1555,64.50000000000017,51.20271101176775,4.0,7.0,7.0
1556,76.62000000000018,51.20271101176775,4.0,7.0,7.0
1557,88.74000000000018,51.20271101176775,4.0,7.0,7.0
1558,100.86000000000018,51.20271101176775,4.0,7.0,7.0
1559,112.98000000000019,51.20271101176775,4.0,7.0,7.0
1560,125.1000000000002,51.20271101176775,4.0,7.0,7.0
1561,137.2200000000002,51.20271101176775,4.0,7.0,7.0
1562,149.3400000000002,51.20271101176775,4.0,7.0,7.0
1563,161.4600000000002,51.20271101176775,4.0,7.0,7.0
1564,173.5800000000002,51.20271101176775,4.0,7.0,7.0
1565,185.70000000000022,51.20271101176775,4.0,7.0,7.0
1566,197.82000000000022,51.20271101176775,4.0,7.0,7.0
1567,209.94000000000023,51.20271101176775,4.0,7.0,7.0
1568,222.06000000000023,51.20271101176775,4.0,7.0,7.0
1569,234.18000000000023,51.20271101176775,4.0,7.0,7.0
1570,246.30000000000024,51.20271101176775,4.0,7.0,7.0
1571,258.42000000000024,51.20271101176775,4.0,7.0,7.0
1572,270.54000000000025,51.20271101176775,4.0,7.0,7.0
1573,282.66000000000025,51.20271101176775,4.0,7.0,7.0
1574,294.78000000000026,51.20271101176775,4.0,7.0,7.0
1575,306.90000000000026,51.20271101176775,4.0,7.0,7.0
1576,319.02000000000027,51.20271101176775,4.0,7.0,7.0
1577,331.14000000000027,51.20271101176775,4.0,7.0,7.0
1578,343.2600000000003,51.20271101176775,4.0,7.0,7.0
1579,-341.52,61.698938905635146,4.0,7.0,7.0
1580,-329.4,61.698938905635146,4.0,7.0,7.0
1581,-317.28,61.698938905635146,4.0,7.0,7.0
1582,-305.15999999999997,61.698938905635146,4.0,7.0,7.0
1583,-293.03999999999996,61.698938905635146,4.0,7.0,7.0
1584,-280.91999999999996,61.698938905635146,4.0,7.0,7.0
1585,-268.79999999999995,61.698938905635146,4.0,7.0,7.0
1586,-256.67999999999995,61.698938905635146,4.0,7.0,7.0
1587,-244.55999999999995,61.698938905635146,4.0,7.0,7.0
1588,-232.43999999999994,61.698938905635146,4.0,7.0,7.0
1589,-220.31999999999994,61.698938905635146,4.0,7.0,7.0
1590,-208.19999999999993,61.698938905635146,4.0,7.0,7.0
1591,-196.07999999999993,61.698938905635146,4.0,7.0,7.0
1592,-183.95999999999992,61.698938905635146,4.0,7.0,7.0
1593,-171.83999999999992,61.698938905635146,4.0,7.0,7.0
1594,-159.7199999999999,61.698938905635146,4.0,7.0,7.0
1595,-147.5999999999999,61.698938905635146,4.0,7.0,7.0
1596,-135.4799999999999,61.698938905635146,4.0,7.0,7.0
1597,-123.3599999999999,61.698938905635146,4.0,7.0,7.0
1598,-111.2399999999999,61.698938905635146,4.0,7.0,7.0
1599,-99.11999999999989,61.698938905635146,4.0,7.0,7.0
1600,-86.99999999999989,61.698938905635146,4.0,7.0,7.0
1601,-74.87999999999988,61.698938905635146,4.0,7.0,7.0
1602,-62.75999999999988,61.698938905635146,4.0,7.0,7.0
1603,-50.63999999999987,61.698938905635146,4.0,7.0,7.0
1604,-38.51999999999987,61.698938905635146,4.0,7.0,7.0
1605,-26.399999999999864,61.698938905635146,4.0,7.0,7.0
1606,-14.279999999999859,61.698938905635146,4.0,7.0,7.0
1607,-2.1599999999998545,61.698938905635146,4.0,7.0,7.0
1608,9.96000000000015,61.698938905635146,4.0,7.0,7.0
1609,22.080000000000155,61.698938905635146,4.0,7.0,7.0
1610,34.20000000000016,61.698938905635146,4.0,7.0,7.0
1611,46.320000000000164,61.698938905635146,4.0,7.0,7.0
1612,58.44000000000017,61.698938905635146,4.0,7.0,7.0
1613,70.56000000000017,61.698938905635146,4.0,7.0,7.0
1614,82.68000000000018,61.698938905635146,4.0,7.0,7.0
1615,94.80000000000018,61.698938905635146,4.0,7.0,7.0
1616,106.92000000000019,61.698938905635146,4.0,7.0,7.0
1617,119.04000000000019,61.698938905635146,4.0,7.0,7.0
1618,131.1600000000002,61.698938905635146,4.0,7.0,7.0
1619,143.2800000000002,61.698938905635146,4.0,7.0,7.0
1620,155.4000000000002,61.698938905635146,4.0,7.0,7.0
1621,167.5200000000002,61.698938905635146,4.0,7.0,7.0
1622,179.6400000000002,61.698938905635146,4.0,7.0,7.0
1623,191.76000000000022,61.698938905635146,4.0,7.0,7.0
1624,203.88000000000022,61.698938905635146,4.0,7.0,7.0
1625,216.00000000000023,61.698938905635146,4.0,7.0,7.0
1626,228.12000000000023,61.698938905635146,4.0,7.0,7.0
1627,240.24000000000024,61.698938905635146,4.0,7.0,7.0
1628,252.36000000000024,61.698938905635146,4.0,7.0,7.0
1629,264.48000000000025,61.698938905635146,4.0,7.0,7.0
1630,276.60000000000025,61.698938905635146,4.0,7.0,7.0
1631,288.72000000000025,61.698938905635146,4.0,7.0,7.0
1632,300.84000000000026,61.698938905635146,4.0,7.0,7.0
1633,312.96000000000026,61.698938905635146,4.0,7.0,7.0
1634,325.08000000000027,61.698938905635146,4.0,7.0,7.0
1635,337.2000000000003,61.698938905635146,4.0,7.0,7.0
1636,-335.46,72.19516679950254,4.0,7.0,7.0
1637,-323.34,72.19516679950254,4.0,7.0,7.0
1638,-311.21999999999997,72.19516679950254,4.0,7.0,7.0
1639,-299.09999999999997,72.19516679950254,4.0,7.0,7.0
1640,-286.97999999999996,72.19516679950254,4.0,7.0,7.0
1641,-274.85999999999996,72.19516679950254,4.0,7.0,7.0
1642,-262.73999999999995,72.19516679950254,4.0,7.0,7.0
1643,-250.61999999999995,72.19516679950254,4.0,7.0,7.0
1644,-238.49999999999994,72.19516679950254,4.0,7.0,7.0
1645,-226.37999999999994,72.19516679950254,4.0,7.0,7.0
1646,-214.25999999999993,72.19516679950254,4.0,7.0,7.0
1647,-202.13999999999993,72.19516679950254,4.0,7.0,7.0
1648,-190.01999999999992,72.19516679950254,4.0,7.0,7.0
1649,-177.89999999999992,72.19516679950254,4.0,7.0,7.0
1650,-165.77999999999992,72.19516679950254,4.0,7.0,7.0
1651,-153.6599999999999,72.19516679950254,4.0,7.0,7.0
1652,-141.5399999999999,72.19516679950254,4.0,7.0,7.0
1653,-129.4199999999999,72.19516679950254,4.0,7.0,7.0
1654,-117.2999999999999,72.19516679950254,4.0,7.0,7.0
1655,-105.1799999999999,72.19516679950254,4.0,7.0,7.0
1656,-93.05999999999989,72.19516679950254,4.0,7.0,7.0
1657,-80.93999999999988,72.19516679950254,4.0,7.0,7.0
1658,-68.81999999999988,72.19516679950254,4.0,7.0,7.0
1659,-56.699999999999875,72.19516679950254,4.0,7.0,7.0
1660,-44.57999999999987,72.19516679950254,4.0,7.0,7.0
1661,-32.459999999999866,72.19516679950254,4.0,7.0,7.0
1662,-20.33999999999986,72.19516679950254,4.0,7.0,7.0
1663,-8.219999999999859,72.19516679950254,4.0,7.0,7.0
1664,3.900000000000146,72.19516679950254,4.0,7.0,7.0
1665,16.020000000000152,72.19516679950254,4.0,7.0,7.0
1666,28.140000000000157,72.19516679950254,4.0,7.0,7.0
1667,40.26000000000016,72.19516679950254,4.0,7.0,7.0
1668,52.380000000000166,72.19516679950254,4.0,7.0,7.0
1669,64.50000000000017,72.19516679950254,4.0,7.0,7.0
1670,76.62000000000018,72.19516679950254,4.0,7.0,7.0
1671,88.74000000000018,72.19516679950254,4.0,7.0,7.0
1672,100.86000000000018,72.19516679950254,4.0,7.0,7.0
1673,112.98000000000019,72.19516679950254,4.0,7.0,7.0
1674,125.1000000000002,72.19516679950254,4.0,7.0,7.0
1675,137.2200000000002,72.19516679950254,4.0,7.0,7.0
1676,149.3400000000002,72.19516679950254,4.0,7.0,7.0
1677,161.4600000000002,72.19516679950254,4.0,7.0,7.0
1678,173.5800000000002,72.19516679950254,4.0,7.0,7.0
1679,185.70000000000022,72.19516679950254,4.0,7.0,7.0
1680,197.82000000000022,72.19516679950254,4.0,7.0,7.0
1681,209.94000000000023,72.19516679950254,4.0,7.0,7.0
1682,222.06000000000023,72.19516679950254,4.0,7.0,7.0
1683,234.18000000000023,72.19516679950254,4.0,7.0,7.0
1684,246.30000000000024,72.19516679950254,4.0,7.0,7.0
1685,258.42000000000024,72.19516679950254,4.0,7.0,7.0
1686,270.54000000000025,72.19516679950254,4.0,7.0,7.0
1687,282.66000000000025,72.19516679950254,4.0,7.0,7.0
1688,294.78000000000026,72.19516679950254,4.0,7.0,7.0
1689,306.90000000000026,72.19516679950254,4.0,7.0,7.0
1690,319.02000000000027,72.19516679950254,4.0,7.0,7.0
1691,331.14000000000027,72.19516679950254,4.0,7.0,7.0
1692,-329.4,82.69139469336994,4.0,7.0,7.0
1693,-317.28,82.69139469336994,4.0,7.0,7.0
1694,-305.15999999999997,82.69139469336994,4.0,7.0,7.0
1695,-293.03999999999996,82.69139469336994,4.0,7.0,7.0
1696,-280.91999999999996,82.69139469336994,4.0,7.0,7.0
1697,-268.79999999999995,82.69139469336994,4.0,7.0,7.0
1698,-256.67999999999995,82.69139469336994,4.0,7.0,7.0
1699,-244.55999999999995,82.69139469336994,4.0,7.0,7.0
1700,-232.43999999999994,82.69139469336994,4.0,7.0,7.0
1701,-220.31999999999994,82.69139469336994,4.0,7.0,7.0
1702,-208.19999999999993,82.69139469336994,4.0,7.0,7.0
1703,-196.07999999999993,82.69139469336994,4.0,7.0,7.0
1704,-183.95999999999992,82.69139469336994,4.0,7.0,7.0
1705,-171.83999999999992,82.69139469336994,4.0,7.0,7.0
1706,-159.7199999999999,82.69139469336994,4.0,7.0,7.0
1707,-147.5999999999999,82.69139469336994,4.0,7.0,7.0
1708,-135.4799999999999,82.69139469336994,4.0,7.0,7.0
1709,-123.3599999999999,82.69139469336994,4.0,7.0,7.0
1710,-111.2399999999999,82.69139469336994,4.0,7.0,7.0
1711,-99.11999999999989,82.69139469336994,4.0,7.0,7.0
1712,-86.99999999999989,82.69139469336994,4.0,7.0,7.0
1713,-74.87999999999988,82.69139469336994,4.0,7.0,7.0
1714,-62.75999999999988,82.69139469336994,4.0,7.0,7.0
1715,-50.63999999999987,82.69139469336994,4.0,7.0,7.0
1716,-38.51999999999987,82.69139469336994,4.0,7.0,7.0
1717,-26.399999999999864,82.69139469336994,4.0,7.0,7.0
1718,-14.279999999999859,82.69139469336994,4.0,7.0,7.0
1719,-2.1599999999998545,82.69139469336994,4.0,7.0,7.0
1720,9.96000000000015,82.69139469336994,4.0,7.0,7.0
1721,22.080000000000155,82.69139469336994,4.0,7.0,7.0
1722,34.20000000000016,82.69139469336994,4.0,7.0,7.0
1723,46.320000000000164,82.69139469336994,4.0,7.0,7.0
1724,58.44000000000017,82.69139469336994,4.0,7.0,7.0
1725,70.56000000000017,82.69139469336994,4.0,7.0,7.0
1726,82.68000000000018,82.69139469336994,4.0,7.0,7.0
1727,94.80000000000018,82.69139469336994,4.0,7.0,7.0
1728,106.92000000000019,82.69139469336994,4.0,7.0,7.0
1729,119.04000000000019,82.69139469336994,4.0,7.0,7.0
1730,131.1600000000002,82.69139469336994,4.0,7.0,7.0
1731,143.2800000000002,82.69139469336994,4.0,7.0,7.0
1732,155.4000000000002,82.69139469336994,4.0,7.0,7.0
1733,167.5200000000002,82.69139469336994,4.0,7.0,7.0
1734,179.6400000000002,82.69139469336994,4.0,7.0,7.0
1735,191.76000000000022,82.69139469336994,4.0,7.0,7.0
1736,203.88000000000022,82.69139469336994,4.0,7.0,7.0
1737,216.00000000000023,82.69139469336994,4.0,7.0,7.0
1738,228.12000000000023,82.69139469336994,4.0,7.0,7.0
1739,240.24000000000024,82.69139469336994,4.0,7.0,7.0
1740,252.36000000000024,82.69139469336994,4.0,7.0,7.0
1741,264.48000000000025,82.69139469336994,4.0,7.0,7.0
1742,276.60000000000025,82.69139469336994,4.0,7.0,7.0
1743,288.72000000000025,82.69139469336994,4.0,7.0,7.0
1744,300.84000000000026,82.69139469336994,4.0,7.0,7.0
1745,312.96000000000026,82.69139469336994,4.0,7.0,7.0
1746,325.08000000000027,82.69139469336994,4.0,7.0,7.0
1747,337.2000000000003,82.69139469336994,4.0,7.0,7.0
1748,-335.46,93.18762258723734,4.0,7.0,7.0
1749,-323.34,93.18762258723734,4.0,7.0,7.0
1750,-311.21999999999997,93.18762258723734,4.0,7.0,7.0
1751,-299.09999999999997,93.18762258723734,4.0,7.0,7.0
1752,-286.97999999999996,93.18762258723734,4.0,7.0,7.0
1753,-274.85999999999996,93.18762258723734,4.0,7.0,7.0
1754,-262.73999999999995,93.18762258723734,4.0,7.0,7.0
1755,-250.61999999999995,93.18762258723734,4.0,7.0,7.0
1756,-238.49999999999994,93.18762258723734,4.0,7.0,7.0
1757,-226.37999999999994,93.18762258723734,4.0,7.0,7.0
1758,-214.25999999999993,93.18762258723734,4.0,7.0,7.0
1759,-202.13999999999993,93.18762258723734,4.0,7.0,7.0
1760,-190.01999999999992,93.18762258723734,4.0,7.0,7.0
1761,-177.89999999999992,93.18762258723734,4.0,7.0,7.0
1762,-165.77999999999992,93.18762258723734,4.0,7.0,7.0
1763,-153.6599999999999,93.18762258723734,4.0,7.0,7.0
1764,-141.5399999999999,93.18762258723734,4.0,7.0,7.0
1765,-129.4199999999999,93.18762258723734,4.0,7.0,7.0
1766,-117.2999999999999,93.18762258723734,4.0,7.0,7.0
1767,-105.1799999999999,93.18762258723734,4.0,7.0,7.0
1768,-93.05999999999989,93.18762258723734,4.0,7.0,7.0
1769,-80.93999999999988,93.18762258723734,4.0,7.0,7.0
1770,-68.81999999999988,93.18762258723734,4.0,7.0,7.0
1771,-56.699999999999875,93.18762258723734,4.0,7.0,7.0
1772,-44.57999999999987,93.18762258723734,4.0,7.0,7.0
1773,-32.459999999999866,93.18762258723734,4.0,7.0,7.0
1774,-20.33999999999986,93.18762258723734,4.0,7.0,7.0
1775,-8.219999999999859,93.18762258723734,4.0,7.0,7.0
1776,3.900000000000146,93.18762258723734,4.0,7.0,7.0
1777,16.020000000000152,93.18762258723734,4.0,7.0,7.0
1778,28.140000000000157,93.18762258723734,4.0,7.0,7.0
1779,40.26000000000016,93.18762258723734,4.0,7.0,7.0
1780,52.380000000000166,93.18762258723734,4.0,7.0,7.0
1781,64.50000000000017,93.18762258723734,4.0,7.0,7.0
1782,76.62000000000018,93.18762258723734,4.0,7.0,7.0
1783,88.74000000000018,93.18762258723734,4.0,7.0,7.0
1784,100.86000000000018,93.18762258723734,4.0,7.0,7.0
1785,112.98000000000019,93.18762258723734,4.0,7.0,7.0
1786,125.1000000000002,93.18762258723734,4.0,7.0,7.0
1787,137.2200000000002,93.18762258723734,4.0,7.0,7.0
1788,149.3400000000002,93.18762258723734,4.0,7.0,7.0
1789,161.4600000000002,93.18762258723734,4.0,7.0,7.0
1790,173.5800000000002,93.18762258723734,4.0,7.0,7.0
1791,185.70000000000022,93.18762258723734,4.0,7.0,7.0
1792,197.82000000000022,93.18762258723734,4.0,7.0,7.0
1793,209.94000000000023,93.18762258723734,4.0,7.0,7.0
1794,222.06000000000023,93.18762258723734,4.0,7.0,7.0
1795,234.18000000000023,93.18762258723734,4.0,7.0,7.0
1796,246.30000000000024,93.18762258723734,4.0,7.0,7.0
1797,258.42000000000024,93.18762258723734,4.0,7.0,7.0
1798,270.54000000000025,93.18762258723734,4.0,7.0,7.0
1799,282.66000000000025,93.18762258723734,4.0,7.0,7.0
1800,294.78000000000026,93.18762258723734,4.0,7.0,7.0
1801,306.90000000000026,93.18762258723734,4.0,7.0,7.0
1802,319.02000000000027,93.18762258723734,4.0,7.0,7.0
1803,331.14000000000027,93.18762258723734,4.0,7.0,7.0
1804,-329.4,103.68385048110474,4.0,7.0,7.0
1805,-317.28,103.68385048110474,4.0,7.0,7.0
1806,-305.15999999999997,103.68385048110474,4.0,7.0,7.0
1807,-293.03999999999996,103.68385048110474,4.0,7.0,7.0
1808,-280.91999999999996,103.68385048110474,4.0,7.0,7.0
1809,-268.79999999999995,103.68385048110474,4.0,7.0,7.0
1810,-256.67999999999995,103.68385048110474,4.0,7.0,7.0
1811,-244.55999999999995,103.68385048110474,4.0,7.0,7.0
1812,-232.43999999999994,103.68385048110474,4.0,7.0,7.0
1813,-220.31999999999994,103.68385048110474,4.0,7.0,7.0
1814,-208.19999999999993,103.68385048110474,4.0,7.0,7.0
1815,-196.07999999999993,103.68385048110474,4.0,7.0,7.0
1816,-183.95999999999992,103.68385048110474,4.0,7.0,7.0
1817,-171.83999999999992,103.68385048110474,4.0,7.0,7.0
1818,-159.7199999999999,103.68385048110474,4.0,7.0,7.0
1819,-147.5999999999999,103.68385048110474,4.0,7.0,7.0
1820,-135.4799999999999,103.68385048110474,4.0,7.0,7.0
1821,-123.3599999999999,103.68385048110474,4.0,7.0,7.0
1822,-111.2399999999999,103.68385048110474,4.0,7.0,7.0
1823,-99.11999999999989,103.68385048110474,4.0,7.0,7.0
1824,-86.99999999999989,103.68385048110474,4.0,7.0,7.0
1825,-74.87999999999988,103.68385048110474,4.0,7.0,7.0
1826,-62.75999999999988,103.68385048110474,4.0,7.0,7.0
1827,-50.63999999999987,103.68385048110474,4.0,7.0,7.0
1828,-38.51999999999987,103.68385048110474,4.0,7.0,7.0
1829,-26.399999999999864,103.68385048110474,4.0,7.0,7.0
1830,-14.279999999999859,103.68385048110474,4.0,7.0,7.0
1831,-2.1599999999998545,103.68385048110474,4.0,7.0,7.0
1832,9.96000000000015,103.68385048110474,4.0,7.0,7.0
1833,22.080000000000155,103.68385048110474,4.0,7.0,7.0
1834,34.20000000000016,103.68385048110474,4.0,7.0,7.0
1835,46.320000000000164,103.68385048110474,4.0,7.0,7.0
1836,58.44000000000017,103.68385048110474,4.0,7.0,7.0
1837,70.56000000000017,103.68385048110474,4.0,7.0,7.0
1838,82.68000000000018,103.68385048110474,4.0,7.0,7.0
1839,94.80000000000018,103.68385048110474,4.0,7.0,7.0
1840,106.92000000000019,103.68385048110474,4.0,7.0,7.0
1841,119.04000000000019,103.68385048110474,4.0,7.0,7.0
1842,131.1600000000002,103.68385048110474,4.0,7.0,7.0
1843,143.2800000000002,103.68385048110474,4.0,7.0,7.0
1844,155.4000000000002,103.68385048110474,4.0,7.0,7.0
1845,167.5200000000002,103.68385048110474,4.0,7.0,7.0
1846,179.6400000000002,103.68385048110474,4.0,7.0,7.0
1847,191.76000000000022,103.68385048110474,4.0,7.0,7.0
1848,203.88000000000022,103.68385048110474,4.0,7.0,7.0
1849,216.00000000000023,103.68385048110474,4.0,7.0,7.0
1850,228.12000000000023,103.68385048110474,4.0,7.0,7.0
1851,240.24000000000024,103.68385048110474,4.0,7.0,7.0
1852,252.36000000000024,103.68385048110474,4.0,7.0,7.0
1853,264.48000000000025,103.68385048110474,4.0,7.0,7.0
1854,276.60000000000025,103.68385048110474,4.0,7.0,7.0
1855,288.72000000000025,103.68385048110474,4.0,7.0,7.0
1856,300.84000000000026,103.68385048110474,4.0,7.0,7.0
1857,312.96000000000026,103.68385048110474,4.0,7.0,7.0
1858,325.08000000000027,103.68385048110474,4.0,7.0,7.0
1859,-323.34,114.18007837497214,4.0,7.0,7.0
1860,-311.21999999999997,114.18007837497214,4.0,7.0,7.0
1861,-299.09999999999997,114.18007837497214,4.0,7.0,7.0
1862,-286.97999999999996,114.18007837497214,4.0,7.0,7.0
1863,-274.85999999999996,114.18007837497214,4.0,7.0,7.0
1864,-262.73999999999995,114.18007837497214,4.0,7.0,7.0
1865,-250.61999999999995,114.18007837497214,4.0,7.0,7.0
1866,-238.49999999999994,114.18007837497214,4.0,7.0,7.0
1867,-226.37999999999994,114.18007837497214,4.0,7.0,7.0
1868,-214.25999999999993,114.18007837497214,4.0,7.0,7.0
1869,-202.13999999999993,114.18007837497214,4.0,7.0,7.0
1870,-190.01999999999992,114.18007837497214,4.0,7.0,7.0
1871,-177.89999999999992,114.18007837497214,4.0,7.0,7.0
1872,-165.77999999999992,114.18007837497214,4.0,7.0,7.0
1873,-153.6599999999999,114.18007837497214,4.0,7.0,7.0
1874,-141.5399999999999,114.18007837497214,4.0,7.0,7.0
1875,-129.4199999999999,114.18007837497214,4.0,7.0,7.0
1876,-117.2999999999999,114.18007837497214,4.0,7.0,7.0
1877,-105.1799999999999,114.18007837497214,4.0,7.0,7.0
1878,-93.05999999999989,114.18007837497214,4.0,7.0,7.0
1879,-80.93999999999988,114.18007837497214,4.0,7.0,7.0
1880,-68.81999999999988,114.18007837497214,4.0,7.0,7.0
1881,-56.699999999999875,114.18007837497214,4.0,7.0,7.0
1882,-44.57999999999987,114.18007837497214,4.0,7.0,7.0
1883,-32.459999999999866,114.18007837497214,4.0,7.0,7.0
1884,-20.33999999999986,114.18007837497214,4.0,7.0,7.0
1885,-8.219999999999859,114.18007837497214,4.0,7.0,7.0
1886,3.900000000000146,114.18007837497214,4.0,7.0,7.0
1887,16.020000000000152,114.18007837497214,4.0,7.0,7.0
1888,28.140000000000157,114.18007837497214,4.0,7.0,7.0
1889,40.26000000000016,114.18007837497214,4.0,7.0,7.0
1890,52.380000000000166,114.18007837497214,4.0,7.0,7.0
1891,64.50000000000017,114.18007837497214,4.0,7.0,7.0
1892,76.62000000000018,114.18007837497214,4.0,7.0,7.0
1893,88.74000000000018,114.18007837497214,4.0,7.0,7.0
1894,100.86000000000018,114.18007837497214,4.0,7.0,7.0
1895,112.98000000000019,114.18007837497214,4.0,7.0,7.0
1896,125.1000000000002,114.18007837497214,4.0,7.0,7.0
1897,137.2200000000002,114.18007837497214,4.0,7.0,7.0
1898,149.3400000000002,114.18007837497214,4.0,7.0,7.0
1899,161.4600000000002,114.18007837497214,4.0,7.0,7.0
1900,173.5800000000002,114.18007837497214,4.0,7.0,7.0
1901,185.70000000000022,114.18007837497214,4.0,7.0,7.0
1902,197.82000000000022,114.18007837497214,4.0,7.0,7.0
1903,209.94000000000023,114.18007837497214,4.0,7.0,7.0
1904,222.06000000000023,114.18007837497214,4.0,7.0,7.0
1905,234.18000000000023,114.18007837497214,4.0,7.0,7.0
1906,246.30000000000024,114.18007837497214,4.0,7.0,7.0
1907,258.42000000000024,114.18007837497214,4.0,7.0,7.0
1908,270.54000000000025,114.18007837497214,4.0,7.0,7.0
1909,282.66000000000025,114.18007837497214,4.0,7.0,7.0
1910,294.78000000000026,114.18007837497214,4.0,7.0,7.0
1911,306.90000000000026,114.18007837497214,4.0,7.0,7.0
1912,319.02000000000027,114.18007837497214,4.0,7.0,7.0
1913,-317.28,124.67630626883954,4.0,7.0,7.0
1914,-305.15999999999997,124.67630626883954,4.0,7.0,7.0
1915,-293.03999999999996,124.67630626883954,4.0,7.0,7.0
1916,-280.91999999999996,124.67630626883954,4.0,7.0,7.0
1917,-268.79999999999995,124.67630626883954,4.0,7.0,7.0
1918,-256.67999999999995,124.67630626883954,4.0,7.0,7.0
1919,-244.55999999999995,124.67630626883954,4.0,7.0,7.0
1920,-232.43999999999994,124.67630626883954,4.0,7.0,7.0
1921,-220.31999999999994,124.67630626883954,4.0,7.0,7.0
1922,-208.19999999999993,124.67630626883954,4.0,7.0,7.0
1923,-196.07999999999993,124.67630626883954,4.0,7.0,7.0
1924,-183.95999999999992,124.67630626883954,4.0,7.0,7.0
1925,-171.83999999999992,124.67630626883954,4.0,7.0,7.0
1926,-159.7199999999999,124.67630626883954,4.0,7.0,7.0
1927,-147.5999999999999,124.67630626883954,4.0,7.0,7.0
1928,-135.4799999999999,124.67630626883954,4.0,7.0,7.0
1929,-123.3599999999999,124.67630626883954,4.0,7.0,7.0
1930,-111.2399999999999,124.67630626883954,4.0,7.0,7.0
1931,-99.11999999999989,124.67630626883954,4.0,7.0,7.0
1932,-86.99999999999989,124.67630626883954,4.0,7.0,7.0
1933,-74.87999999999988,124.67630626883954,4.0,7.0,7.0
1934,-62.75999999999988,124.67630626883954,4.0,7.0,7.0
1935,-50.63999999999987,124.67630626883954,4.0,7.0,7.0
1936,-38.51999999999987,124.67630626883954,4.0,7.0,7.0
1937,-26.399999999999864,124.67630626883954,4.0,7.0,7.0
1938,-14.279999999999859,124.67630626883954,4.0,7.0,7.0
1939,-2.1599999999998545,124.67630626883954,4.0,7.0,7.0
1940,9.96000000000015,124.67630626883954,4.0,7.0,7.0
1941,22.080000000000155,124.67630626883954,4.0,7.0,7.0
1942,34.20000000000016,124.67630626883954,4.0,7.0,7.0
1943,46.320000000000164,124.67630626883954,4.0,7.0,7.0
1944,58.44000000000017,124.67630626883954,4.0,7.0,7.0
1945,70.56000000000017,124.67630626883954,4.0,7.0,7.0
1946,82.68000000000018,124.67630626883954,4.0,7.0,7.0
1947,94.80000000000018,124.67630626883954,4.0,7.0,7.0
1948,106.92000000000019,124.67630626883954,4.0,7.0,7.0
1949,119.04000000000019,124.67630626883954,4.0,7.0,7.0
1950,131.1600000000002,124.67630626883954,4.0,7.0,7.0
1951,143.2800000000002,124.67630626883954,4.0,7.0,7.0
1952,155.4000000000002,124.67630626883954,4.0,7.0,7.0
1953,167.5200000000002,124.67630626883954,4.0,7.0,7.0
1954,179.6400000000002,124.67630626883954,4.0,7.0,7.0
1955,191.76000000000022,124.67630626883954,4.0,7.0,7.0
1956,203.88000000000022,124.67630626883954,4.0,7.0,7.0
1957,216.00000000000023,124.67630626883954,4.0,7.0,7.0
1958,228.12000000000023,124.67630626883954,4.0,7.0,7.0
1959,240.24000000000024,124.67630626883954,4.0,7.0,7.0
1960,252.36000000000024,124.67630626883954,4.0,7.0,7.0
1961,264.48000000000025,124.67630626883954,4.0,7.0,7.0
1962,276.60000000000025,124.67630626883954,4.0,7.0,7.0
1963,288.72000000000025,124.67630626883954,4.0,7.0,7.0
1964,300.84000000000026,124.67630626883954,4.0,7.0,7.0
1965,312.96000000000026,124.67630626883954,4.0,7.0,7.0
1966,325.08000000000027,124.67630626883954,4.0,7.0,7.0
1967,-311.21999999999997,135.17253416270694,4.0,7.0,7.0
1968,-299.09999999999997,135.17253416270694,4.0,7.0,7.0
1969,-286.97999999999996,135.17253416270694,4.0,7.0,7.0
1970,-274.85999999999996,135.17253416270694,4.0,7.0,7.0
1971,-262.73999999999995,135.17253416270694,4.0,7.0,7.0
1972,-250.61999999999995,135.17253416270694,4.0,7.0,7.0
1973,-238.49999999999994,135.17253416270694,4.0,7.0,7.0
1974,-226.37999999999994,135.17253416270694,4.0,7.0,7.0
1975,-214.25999999999993,135.17253416270694,4.0,7.0,7.0
1976,-202.13999999999993,135.17253416270694,4.0,7.0,7.0
1977,-190.01999999999992,135.17253416270694,4.0,7.0,7.0
1978,-177.89999999999992,135.17253416270694,4.0,7.0,7.0
1979,-165.77999999999992,135.17253416270694,4.0,7.0,7.0
1980,-153.6599999999999,135.17253416270694,4.0,7.0,7.0
1981,-141.5399999999999,135.17253416270694,4.0,7.0,7.0
1982,-129.4199999999999,135.17253416270694,4.0,7.0,7.0
1983,-117.2999999999999,135.17253416270694,4.0,7.0,7.0
1984,-105.1799999999999,135.17253416270694,4.0,7.0,7.0
1985,-93.05999999999989,135.17253416270694,4.0,7.0,7.0
1986,-80.93999999999988,135.17253416270694,4.0,7.0,7.0
1987,-68.81999999999988,135.17253416270694,4.0,7.0,7.0
1988,-56.699999999999875,135.17253416270694,4.0,7.0,7.0
1989,-44.57999999999987,135.17253416270694,4.0,7.0,7.0
1990,-32.459999999999866,135.17253416270694,4.0,7.0,7.0
1991,-20.33999999999986,135.17253416270694,4.0,7.0,7.0
1992,-8.219999999999859,135.17253416270694,4.0,7.0,7.0
1993,3.900000000000146,135.17253416270694,4.0,7.0,7.0
1994,16.020000000000152,135.17253416270694,4.0,7.0,7.0
1995,28.140000000000157,135.17253416270694,4.0,7.0,7.0
1996,40.26000000000016,135.17253416270694,4.0,7.0,7.0
1997,52.380000000000166,135.17253416270694,4.0,7.0,7.0
1998,64.50000000000017,135.17253416270694,4.0,7.0,7.0
1999,76.62000000000018,135.17253416270694,4.0,7.0,7.0
2000,88.74000000000018,135.17253416270694,4.0,7.0,7.0
2001,100.86000000000018,135.17253416270694,4.0,7.0,7.0
2002,112.98000000000019,135.17253416270694,4.0,7.0,7.0
2003,125.1000000000002,135.17253416270694,4.0,7.0,7.0
2004,137.2200000000002,135.17253416270694,4.0,7.0,7.0
2005,149.3400000000002,135.17253416270694,4.0,7.0,7.0
2006,161.4600000000002,135.17253416270694,4.0,7.0,7.0
2007,173.5800000000002,135.17253416270694,4.0,7.0,7.0
2008,185.70000000000022,135.17253416270694,4.0,7.0,7.0
2009,197.82000000000022,135.17253416270694,4.0,7.0,7.0
2010,209.94000000000023,135.17253416270694,4.0,7.0,7.0
2011,222.06000000000023,135.17253416270694,4.0,7.0,7.0
2012,234.18000000000023,135.17253416270694,4.0,7.0,7.0
2013,246.30000000000024,135.17253416270694,4.0,7.0,7.0
2014,258.42000000000024,135.17253416270694,4.0,7.0,7.0
2015,270.54000000000025,135.17253416270694,4.0,7.0,7.0
2016,282.66000000000025,135.17253416270694,4.0,7.0,7.0
2017,294.78000000000026,135.17253416270694,4.0,7.0,7.0
2018,306.90000000000026,135.17253416270694,4.0,7.0,7.0
2019,319.02000000000027,135.17253416270694,4.0,7.0,7.0
2020,-317.28,145.66876205657434,4.0,7.0,7.0
2021,-305.15999999999997,145.66876205657434,4.0,7.0,7.0
2022,-293.03999999999996,145.66876205657434,4.0,7.0,7.0
2023,-280.91999999999996,145.66876205657434,4.0,7.0,7.0
2024,-268.79999999999995,145.66876205657434,4.0,7.0,7.0
2025,-256.67999999999995,145.66876205657434,4.0,7.0,7.0
2026,-244.55999999999995,145.66876205657434,4.0,7.0,7.0
2027,-232.43999999999994,145.66876205657434,4.0,7.0,7.0
2028,-220.31999999999994,145.66876205657434,4.0,7.0,7.0
2029,-208.19999999999993,145.66876205657434,4.0,7.0,7.0
2030,-196.07999999999993,145.66876205657434,4.0,7.0,7.0
2031,-183.95999999999992,145.66876205657434,4.0,7.0,7.0
2032,-171.83999999999992,145.66876205657434,4.0,7.0,7.0
2033,-159.7199999999999,145.66876205657434,4.0,7.0,7.0
2034,-147.5999999999999,145.66876205657434,4.0,7.0,7.0
2035,-135.4799999999999,145.66876205657434,4.0,7.0,7.0
2036,-123.3599999999999,145.66876205657434,4.0,7.0,7.0
2037,-111.2399999999999,145.66876205657434,4.0,7.0,7.0
2038,-99.11999999999989,145.66876205657434,4.0,7.0,7.0
2039,-86.99999999999989,145.66876205657434,4.0,7.0,7.0
2040,-74.87999999999988,145.66876205657434,4.0,7.0,7.0
2041,-62.75999999999988,145.66876205657434,4.0,7.0,7.0
2042,-50.63999999999987,145.66876205657434,4.0,7.0,7.0
2043,-38.51999999999987,145.66876205657434,4.0,7.0,7.0
2044,-26.399999999999864,145.66876205657434,4.0,7.0,7.0
2045,-14.279999999999859,145.66876205657434,4.0,7.0,7.0
2046,-2.1599999999998545,145.66876205657434,4.0,7.0,7.0
2047,9.96000000000015,145.66876205657434,4.0,7.0,7.0
2048,22.080000000000155,145.66876205657434,4.0,7.0,7.0
2049,34.20000000000016,145.66876205657434,4.0,7.0,7.0
2050,46.320000000000164,145.66876205657434,4.0,7.0,7.0
2051,58.44000000000017,145.66876205657434,4.0,7.0,7.0
2052,70.56000000000017,145.66876205657434,4.0,7.0,7.0
2053,82.68000000000018,145.66876205657434,4.0,7.0,7.0
2054,94.80000000000018,145.66876205657434,4.0,7.0,7.0
2055,106.92000000000019,145.66876205657434,4.0,7.0,7.0
2056,119.04000000000019,145.66876205657434,4.0,7.0,7.0
2057,131.1600000000002,145.66876205657434,4.0,7.0,7.0
2058,143.2800000000002,145.66876205657434,4.0,7.0,7.0
2059,155.4000000000002,145.66876205657434,4.0,7.0,7.0
2060,167.5200000000002,145.66876205657434,4.0,7.0,7.0
2061,179.6400000000002,145.66876205657434,4.0,7.0,7.0
2062,191.76000000000022,145.66876205657434,4.0,7.0,7.0
2063,203.88000000000022,145.66876205657434,4.0,7.0,7.0
2064,216.00000000000023,145.66876205657434,4.0,7.0,7.0
2065,228.12000000000023,145.66876205657434,4.0,7.0,7.0
2066,240.24000000000024,145.66876205657434,4.0,7.0,7.0
2067,252.36000000000024,145.66876205657434,4.0,7.0,7.0
2068,264.48000000000025,145.66876205657434,4.0,7.0,7.0
2069,276.60000000000025,145.66876205657434,4.0,7.0,7.0
2070,288.72000000000025,145.66876205657434,4.0,7.0,7.0
2071,300.84000000000026,145.66876205657434,4.0,7.0,7.0
2072,312.96000000000026,145.66876205657434,4.0,7.0,7.0
2073,-311.21999999999997,156.16498995044174,4.0,7.0,7.0
2074,-299.09999999999997,156.16498995044174,4.0,7.0,7.0
2075,-286.97999999999996,156.16498995044174,4.0,7.0,7.0
2076,-274.85999999999996,156.16498995044174,4.0,7.0,7.0
2077,-262.73999999999995,156.16498995044174,4.0,7.0,7.0
2078,-250.61999999999995,156.16498995044174,4.0,7.0,7.0
2079,-238.49999999999994,156.16498995044174,4.0,7.0,7.0
2080,-226.37999999999994,156.16498995044174,4.0,7.0,7.0
2081,-214.25999999999993,156.16498995044174,4.0,7.0,7.0
2082,-202.13999999999993,156.16498995044174,4.0,7.0,7.0
2083,-190.01999999999992,156.16498995044174,4.0,7.0,7.0
2084,-177.89999999999992,156.16498995044174,4.0,7.0,7.0
2085,-165.77999999999992,156.16498995044174,4.0,7.0,7.0
2086,-153.6599999999999,156.16498995044174,4.0,7.0,7.0
2087,-141.5399999999999,156.16498995044174,4.0,7.0,7.0
2088,-129.4199999999999,156.16498995044174,4.0,7.0,7.0
2089,-117.2999999999999,156.16498995044174,4.0,7.0,7.0
2090,-105.1799999999999,156.16498995044174,4.0,7.0,7.0
2091,-93.05999999999989,156.16498995044174,4.0,7.0,7.0
2092,-80.93999999999988,156.16498995044174,4.0,7.0,7.0
2093,-68.81999999999988,156.16498995044174,4.0,7.0,7.0
2094,-56.699999999999875,156.16498995044174,4.0,7.0,7.0
2095,-44.57999999999987,156.16498995044174,4.0,7.0,7.0
2096,-32.459999999999866,156.16498995044174,4.0,7.0,7.0
2097,-20.33999999999986,156.16498995044174,4.0,7.0,7.0
2098,-8.219999999999859,156.16498995044174,4.0,7.0,7.0
2099,3.900000000000146,156.16498995044174,4.0,7.0,7.0
2100,16.020000000000152,156.16498995044174,4.0,7.0,7.0
2101,28.140000000000157,156.16498995044174,4.0,7.0,7.0
2102,40.26000000000016,156.16498995044174,4.0,7.0,7.0
2103,52.380000000000166,156.16498995044174,4.0,7.0,7.0
2104,64.50000000000017,156.16498995044174,4.0,7.0,7.0
2105,76.62000000000018,156.16498995044174,4.0,7.0,7.0
2106,88.74000000000018,156.16498995044174,4.0,7.0,7.0
2107,100.86000000000018,156.16498995044174,4.0,7.0,7.0
2108,112.98000000000019,156.16498995044174,4.0,7.0,7.0
2109,125.1000000000002,156.16498995044174,4.0,7.0,7.0
2110,137.2200000000002,156.16498995044174,4.0,7.0,7.0
2111,149.3400000000002,156.16498995044174,4.0,7.0,7.0
2112,161.4600000000002,156.16498995044174,4.0,7.0,7.0
2113,173.5800000000002,156.16498995044174,4.0,7.0,7.0
2114,185.70000000000022,156.16498995044174,4.0,7.0,7.0
2115,197.82000000000022,156.16498995044174,4.0,7.0,7.0
2116,209.94000000000023,156.16498995044174,4.0,7.0,7.0
2117,222.06000000000023,156.16498995044174,4.0,7.0,7.0
2118,234.18000000000023,156.16498995044174,4.0,7.0,7.0
2119,246.30000000000024,156.16498995044174,4.0,7.0,7.0
2120,258.42000000000024,156.16498995044174,4.0,7.0,7.0
2121,270.54000000000025,156.16498995044174,4.0,7.0,7.0
2122,282.66000000000025,156.16498995044174,4.0,7.0,7.0
2123,294.78000000000026,156.16498995044174,4.0,7.0,7.0
2124,306.90000000000026,156.16498995044174,4.0,7.0,7.0
2125,-305.15999999999997,166.66121784430914,4.0,7.0,7.0
2126,-293.03999999999996,166.66121784430914,4.0,7.0,7.0
2127,-280.91999999999996,166.66121784430914,4.0,7.0,7.0
2128,-268.79999999999995,166.66121784430914,4.0,7.0,7.0
2129,-256.67999999999995,166.66121784430914,4.0,7.0,7.0
2130,-244.55999999999995,166.66121784430914,4.0,7.0,7.0
2131,-232.43999999999994,166.66121784430914,4.0,7.0,7.0
2132,-220.31999999999994,166.66121784430914,4.0,7.0,7.0
2133,-208.19999999999993,166.66121784430914,4.0,7.0,7.0
2134,-196.07999999999993,166.66121784430914,4.0,7.0,7.0
2135,-183.95999999999992,166.66121784430914,4.0,7.0,7.0
2136,-171.83999999999992,166.66121784430914,4.0,7.0,7.0
2137,-159.7199999999999,166.66121784430914,4.0,7.0,7.0
2138,-147.5999999999999,166.66121784430914,4.0,7.0,7.0
2139,-135.4799999999999,166.66121784430914,4.0,7.0,7.0
2140,-123.3599999999999,166.66121784430914,4.0,7.0,7.0
2141,-111.2399999999999,166.66121784430914,4.0,7.0,7.0
2142,-99.11999999999989,166.66121784430914,4.0,7.0,7.0
2143,-86.99999999999989,166.66121784430914,4.0,7.0,7.0
2144,-74.87999999999988,166.66121784430914,4.0,7.0,7.0
2145,-62.75999999999988,166.66121784430914,4.0,7.0,7.0
2146,-50.63999999999987,166.66121784430914,4.0,7.0,7.0
2147,-38.51999999999987,166.66121784430914,4.0,7.0,7.0
2148,-26.399999999999864,166.66121784430914,4.0,7.0,7.0
2149,-14.279999999999859,166.66121784430914,4.0,7.0,7.0
2150,-2.1599999999998545,166.66121784430914,4.0,7.0,7.0
2151,9.96000000000015,166.66121784430914,4.0,7.0,7.0
2152,22.080000000000155,166.66121784430914,4.0,7.0,7.0
2153,34.20000000000016,166.66121784430914,4.0,7.0,7.0
2154,46.320000000000164,166.66121784430914,4.0,7.0,7.0
2155,58.44000000000017,166.66121784430914,4.0,7.0,7.0
2156,70.56000000000017,166.66121784430914,4.0,7.0,7.0
2157,82.68000000000018,166.66121784430914,4.0,7.0,7.0
2158,94.80000000000018,166.66121784430914,4.0,7.0,7.0
2159,106.92000000000019,166.66121784430914,4.0,7.0,7.0
2160,119.04000000000019,166.66121784430914,4.0,7.0,7.0
2161,131.1600000000002,166.66121784430914,4.0,7.0,7.0
2162,143.2800000000002,166.66121784430914,4.0,7.0,7.0
2163,155.4000000000002,166.66121784430914,4.0,7.0,7.0
2164,167.5200000000002,166.66121784430914,4.0,7.0,7.0
2165,179.6400000000002,166.66121784430914,4.0,7.0,7.0
2166,191.76000000000022,166.66121784430914,4.0,7.0,7.0
2167,203.88000000000022,166.66121784430914,4.0,7.0,7.0
2168,216.00000000000023,166.66121784430914,4.0,7.0,7.0
2169,228.12000000000023,166.66121784430914,4.0,7.0,7.0
2170,240.24000000000024,166.66121784430914,4.0,7.0,7.0
2171,252.36000000000024,166.66121784430914,4.0,7.0,7.0
2172,264.48000000000025,166.66121784430914,4.0,7.0,7.0
2173,276.60000000000025,166.66121784430914,4.0,7.0,7.0
2174,288.72000000000025,166.66121784430914,4.0,7.0,7.0
2175,300.84000000000026,166.66121784430914,4.0,7.0,7.0
2176,-299.09999999999997,177.15744573817653,4.0,7.0,7.0
2177,-286.97999999999996,177.15744573817653,4.0,7.0,7.0
2178,-274.85999999999996,177.15744573817653,4.0,7.0,7.0
2179,-262.73999999999995,177.15744573817653,4.0,7.0,7.0
2180,-250.61999999999995,177.15744573817653,4.0,7.0,7.0
2181,-238.49999999999994,177.15744573817653,4.0,7.0,7.0
2182,-226.37999999999994,177.15744573817653,4.0,7.0,7.0
2183,-214.25999999999993,177.15744573817653,4.0,7.0,7.0
2184,-202.13999999999993,177.15744573817653,4.0,7.0,7.0
2185,-190.01999999999992,177.15744573817653,4.0,7.0,7.0
2186,-177.89999999999992,177.15744573817653,4.0,7.0,7.0
2187,-165.77999999999992,177.15744573817653,4.0,7.0,7.0
2188,-153.6599999999999,177.15744573817653,4.0,7.0,7.0
2189,-141.5399999999999,177.15744573817653,4.0,7.0,7.0
2190,-129.4199999999999,177.15744573817653,4.0,7.0,7.0
2191,-117.2999999999999,177.15744573817653,4.0,7.0,7.0
2192,-105.1799999999999,177.15744573817653,4.0,7.0,7.0
2193,-93.05999999999989,177.15744573817653,4.0,7.0,7.0
2194,-80.93999999999988,177.15744573817653,4.0,7.0,7.0
2195,-68.81999999999988,177.15744573817653,4.0,7.0,7.0
2196,-56.699999999999875,177.15744573817653,4.0,7.0,7.0
2197,-44.57999999999987,177.15744573817653,4.0,7.0,7.0
2198,-32.459999999999866,177.15744573817653,4.0,7.0,7.0
2199,-20.33999999999986,177.15744573817653,4.0,7.0,7.0
2200,-8.219999999999859,177.15744573817653,4.0,7.0,7.0
2201,3.900000000000146,177.15744573817653,4.0,7.0,7.0
2202,16.020000000000152,177.15744573817653,4.0,7.0,7.0
2203,28.140000000000157,177.15744573817653,4.0,7.0,7.0
2204,40.26000000000016,177.15744573817653,4.0,7.0,7.0
2205,52.380000000000166,177.15744573817653,4.0,7.0,7.0
2206,64.50000000000017,177.15744573817653,4.0,7.0,7.0
2207,76.62000000000018,177.15744573817653,4.0,7.0,7.0
2208,88.74000000000018,177.15744573817653,4.0,7.0,7.0
2209,100.86000000000018,177.15744573817653,4.0,7.0,7.0
2210,112.98000000000019,177.15744573817653,4.0,7.0,7.0
2211,125.1000000000002,177.15744573817653,4.0,7.0,7.0
2212,137.2200000000002,177.15744573817653,4.0,7.0,7.0
2213,149.3400000000002,177.15744573817653,4.0,7.0,7.0
2214,161.4600000000002,177.15744573817653,4.0,7.0,7.0
2215,173.5800000000002,177.15744573817653,4.0,7.0,7.0
2216,185.70000000000022,177.15744573817653,4.0,7.0,7.0
2217,197.82000000000022,177.15744573817653,4.0,7.0,7.0
2218,209.94000000000023,177.15744573817653,4.0,7.0,7.0
2219,222.06000000000023,177.15744573817653,4.0,7.0,7.0
2220,234.18000000000023,177.15744573817653,4.0,7.0,7.0
2221,246.30000000000024,177.15744573817653,4.0,7.0,7.0
2222,258.42000000000024,177.15744573817653,4.0,7.0,7.0
2223,270.54000000000025,177.15744573817653,4.0,7.0,7.0
2224,282.66000000000025,177.15744573817653,4.0,7.0,7.0
2225,294.78000000000026,177.15744573817653,4.0,7.0,7.0
2226,-293.03999999999996,187.65367363204393,4.0,7.0,7.0
2227,-280.91999999999996,187.65367363204393,4.0,7.0,7.0
2228,-268.79999999999995,187.65367363204393,4.0,7.0,7.0
2229,-256.67999999999995,187.65367363204393,4.0,7.0,7.0
2230,-244.55999999999995,187.65367363204393,4.0,7.0,7.0
2231,-232.43999999999994,187.65367363204393,4.0,7.0,7.0
2232,-220.31999999999994,187.65367363204393,4.0,7.0,7.0
2233,-208.19999999999993,187.65367363204393,4.0,7.0,7.0
2234,-196.07999999999993,187.65367363204393,4.0,7.0,7.0
2235,-183.95999999999992,187.65367363204393,4.0,7.0,7.0
2236,-171.83999999999992,187.65367363204393,4.0,7.0,7.0
2237,-159.7199999999999,187.65367363204393,4.0,7.0,7.0
2238,-147.5999999999999,187.65367363204393,4.0,7.0,7.0
2239,-135.4799999999999,187.65367363204393,4.0,7.0,7.0
2240,-123.3599999999999,187.65367363204393,4.0,7.0,7.0
2241,-111.2399999999999,187.65367363204393,4.0,7.0,7.0
2242,-99.11999999999989,187.65367363204393,4.0,7.0,7.0
2243,-86.99999999999989,187.65367363204393,4.0,7.0,7.0
2244,-74.87999999999988,187.65367363204393,4.0,7.0,7.0
2245,-62.75999999999988,187.65367363204393,4.0,7.0,7.0
2246,-50.63999999999987,187.65367363204393,4.0,7.0,7.0
2247,-38.51999999999987,187.65367363204393,4.0,7.0,7.0
2248,-26.399999999999864,187.65367363204393,4.0,7.0,7.0
2249,-14.279999999999859,187.65367363204393,4.0,7.0,7.0
2250,-2.1599999999998545,187.65367363204393,4.0,7.0,7.0
2251,9.96000000000015,187.65367363204393,4.0,7.0,7.0
2252,22.080000000000155,187.65367363204393,4.0,7.0,7.0
2253,34.20000000000016,187.65367363204393,4.0,7.0,7.0
2254,46.320000000000164,187.65367363204393,4.0,7.0,7.0
2255,58.44000000000017,187.65367363204393,4.0,7.0,7.0
2256,70.56000000000017,187.65367363204393,4.0,7.0,7.0
2257,82.68000000000018,187.65367363204393,4.0,7.0,7.0
2258,94.80000000000018,187.65367363204393,4.0,7.0,7.0
2259,106.92000000000019,187.65367363204393,4.0,7.0,7.0
2260,119.04000000000019,187.65367363204393,4.0,7.0,7.0
2261,131.1600000000002,187.65367363204393,4.0,7.0,7.0
2262,143.2800000000002,187.65367363204393,4.0,7.0,7.0
2263,155.4000000000002,187.65367363204393,4.0,7.0,7.0
2264,167.5200000000002,187.65367363204393,4.0,7.0,7.0
2265,179.6400000000002,187.65367363204393,4.0,7.0,7.0
2266,191.76000000000022,187.65367363204393,4.0,7.0,7.0
2267,203.88000000000022,187.65367363204393,4.0,7.0,7.0
2268,216.00000000000023,187.65367363204393,4.0,7.0,7.0
2269,228.12000000000023,187.65367363204393,4.0,7.0,7.0
2270,240.24000000000024,187.65367363204393,4.0,7.0,7.0
2271,252.36000000000024,187.65367363204393,4.0,7.0,7.0
2272,264.48000000000025,187.65367363204393,4.0,7.0,7.0
2273,276.60000000000025,187.65367363204393,4.0,7.0,7.0
2274,288.72000000000025,187.65367363204393,4.0,7.0,7.0
2275,-286.97999999999996,198.14990152591133,4.0,7.0,7.0
2276,-274.85999999999996,198.14990152591133,4.0,7.0,7.0
2277,-262.73999999999995,198.14990152591133,4.0,7.0,7.0
2278,-250.61999999999995,198.14990152591133,4.0,7.0,7.0
2279,-238.49999999999994,198.14990152591133,4.0,7.0,7.0
2280,-226.37999999999994,198.14990152591133,4.0,7.0,7.0
2281,-214.25999999999993,198.14990152591133,4.0,7.0,7.0
2282,-202.13999999999993,198.14990152591133,4.0,7.0,7.0
2283,-190.01999999999992,198.14990152591133,4.0,7.0,7.0
2284,-177.89999999999992,198.14990152591133,4.0,7.0,7.0
2285,-165.77999999999992,198.14990152591133,4.0,7.0,7.0
2286,-153.6599999999999,198.14990152591133,4.0,7.0,7.0
2287,-141.5399999999999,198.14990152591133,4.0,7.0,7.0
2288,-129.4199999999999,198.14990152591133,4.0,7.0,7.0
2289,-117.2999999999999,198.14990152591133,4.0,7.0,7.0
2290,-105.1799999999999,198.14990152591133,4.0,7.0,7.0
2291,-93.05999999999989,198.14990152591133,4.0,7.0,7.0
2292,-80.93999999999988,198.14990152591133,4.0,7.0,7.0
2293,-68.81999999999988,198.14990152591133,4.0,7.0,7.0
2294,-56.699999999999875,198.14990152591133,4.0,7.0,7.0
2295,-44.57999999999987,198.14990152591133,4.0,7.0,7.0
2296,-32.459999999999866,198.14990152591133,4.0,7.0,7.0
2297,-20.33999999999986,198.14990152591133,4.0,7.0,7.0
2298,-8.219999999999859,198.14990152591133,4.0,7.0,7.0
2299,3.900000000000146,198.14990152591133,4.0,7.0,7.0
2300,16.020000000000152,198.14990152591133,4.0,7.0,7.0
2301,28.140000000000157,198.14990152591133,4.0,7.0,7.0
2302,40.26000000000016,198.14990152591133,4.0,7.0,7.0
2303,52.380000000000166,198.14990152591133,4.0,7.0,7.0
2304,64.50000000000017,198.14990152591133,4.0,7.0,7.0
2305,76.62000000000018,198.14990152591133,4.0,7.0,7.0
2306,88.74000000000018,198.14990152591133,4.0,7.0,7.0
2307,100.86000000000018,198.14990152591133,4.0,7.0,7.0
2308,112.98000000000019,198.14990152591133,4.0,7.0,7.0
2309,125.1000000000002,198.14990152591133,4.0,7.0,7.0
2310,137.2200000000002,198.14990152591133,4.0,7.0,7.0
2311,149.3400000000002,198.14990152591133,4.0,7.0,7.0
2312,161.4600000000002,198.14990152591133,4.0,7.0,7.0
2313,173.5800000000002,198.14990152591133,4.0,7.0,7.0
2314,185.70000000000022,198.14990152591133,4.0,7.0,7.0
2315,197.82000000000022,198.14990152591133,4.0,7.0,7.0
2316,209.94000000000023,198.14990152591133,4.0,7.0,7.0
2317,222.06000000000023,198.14990152591133,4.0,7.0,7.0
2318,234.18000000000023,198.14990152591133,4.0,7.0,7.0
2319,246.30000000000024,198.14990152591133,4.0,7.0,7.0
2320,258.42000000000024,198.14990152591133,4.0,7.0,7.0
2321,270.54000000000025,198.14990152591133,4.0,7.0,7.0
2322,282.66000000000025,198.14990152591133,4.0,7.0,7.0
2323,-280.91999999999996,208.64612941977873,4.0,7.0,7.0
2324,-268.79999999999995,208.64612941977873,4.0,7.0,7.0
2325,-256.67999999999995,208.64612941977873,4.0,7.0,7.0
2326,-244.55999999999995,208.64612941977873,4.0,7.0,7.0
2327,-232.43999999999994,208.64612941977873,4.0,7.0,7.0
2328,-220.31999999999994,208.64612941977873,4.0,7.0,7.0
2329,-208.19999999999993,208.64612941977873,4.0,7.0,7.0
2330,-196.07999999999993,208.64612941977873,4.0,7.0,7.0
2331,-183.95999999999992,208.64612941977873,4.0,7.0,7.0
2332,-171.83999999999992,208.64612941977873,4.0,7.0,7.0
2333,-159.7199999999999,208.64612941977873,4.0,7.0,7.0
2334,-147.5999999999999,208.64612941977873,4.0,7.0,7.0
2335,-135.4799999999999,208.64612941977873,4.0,7.0,7.0
2336,-123.3599999999999,208.64612941977873,4.0,7.0,7.0
2337,-111.2399999999999,208.64612941977873,4.0,7.0,7.0
2338,-99.11999999999989,208.64612941977873,4.0,7.0,7.0
2339,-86.99999999999989,208.64612941977873,4.0,7.0,7.0
2340,-74.87999999999988,208.64612941977873,4.0,7.0,7.0
2341,-62.75999999999988,208.64612941977873,4.0,7.0,7.0
2342,-50.63999999999987,208.64612941977873,4.0,7.0,7.0
2343,-38.51999999999987,208.64612941977873,4.0,7.0,7.0
2344,-26.399999999999864,208.64612941977873,4.0,7.0,7.0
2345,-14.279999999999859,208.64612941977873,4.0,7.0,7.0
2346,-2.1599999999998545,208.64612941977873,4.0,7.0,7.0
2347,9.96000000000015,208.64612941977873,4.0,7.0,7.0
2348,22.080000000000155,208.64612941977873,4.0,7.0,7.0
2349,34.20000000000016,208.64612941977873,4.0,7.0,7.0
2350,46.320000000000164,208.64612941977873,4.0,7.0,7.0
2351,58.44000000000017,208.64612941977873,4.0,7.0,7.0
2352,70.56000000000017,208.64612941977873,4.0,7.0,7.0
2353,82.68000000000018,208.64612941977873,4.0,7.0,7.0
2354,94.80000000000018,208.64612941977873,4.0,7.0,7.0
2355,106.92000000000019,208.64612941977873,4.0,7.0,7.0
2356,119.04000000000019,208.64612941977873,4.0,7.0,7.0
2357,131.1600000000002,208.64612941977873,4.0,7.0,7.0
2358,143.2800000000002,208.64612941977873,4.0,7.0,7.0
2359,155.4000000000002,208.64612941977873,4.0,7.0,7.0
2360,167.5200000000002,208.64612941977873,4.0,7.0,7.0
2361,179.6400000000002,208.64612941977873,4.0,7.0,7.0
2362,191.76000000000022,208.64612941977873,4.0,7.0,7.0
2363,203.88000000000022,208.64612941977873,4.0,7.0,7.0
2364,216.00000000000023,208.64612941977873,4.0,7.0,7.0
2365,228.12000000000023,208.64612941977873,4.0,7.0,7.0
2366,240.24000000000024,208.64612941977873,4.0,7.0,7.0
2367,252.36000000000024,208.64612941977873,4.0,7.0,7.0
2368,264.48000000000025,208.64612941977873,4.0,7.0,7.0
2369,276.60000000000025,208.64612941977873,4.0,7.0,7.0
2370,-262.73999999999995,219.14235731364613,4.0,7.0,7.0
2371,-250.61999999999995,219.14235731364613,4.0,7.0,7.0
2372,-238.49999999999994,219.14235731364613,4.0,7.0,7.0
2373,-226.37999999999994,219.14235731364613,4.0,7.0,7.0
2374,-214.25999999999993,219.14235731364613,4.0,7.0,7.0
2375,-202.13999999999993,219.14235731364613,4.0,7.0,7.0
2376,-190.01999999999992,219.14235731364613,4.0,7.0,7.0
2377,-177.89999999999992,219.14235731364613,4.0,7.0,7.0
2378,-165.77999999999992,219.14235731364613,4.0,7.0,7.0
2379,-153.6599999999999,219.14235731364613,4.0,7.0,7.0
2380,-141.5399999999999,219.14235731364613,4.0,7.0,7.0
2381,-129.4199999999999,219.14235731364613,4.0,7.0,7.0
2382,-117.2999999999999,219.14235731364613,4.0,7.0,7.0
2383,-105.1799999999999,219.14235731364613,4.0,7.0,7.0
2384,-93.05999999999989,219.14235731364613,4.0,7.0,7.0
2385,-80.93999999999988,219.14235731364613,4.0,7.0,7.0
2386,-68.81999999999988,219.14235731364613,4.0,7.0,7.0
2387,-56.699999999999875,219.14235731364613,4.0,7.0,7.0
2388,-44.57999999999987,219.14235731364613,4.0,7.0,7.0
2389,-32.459999999999866,219.14235731364613,4.0,7.0,7.0
2390,-20.33999999999986,219.14235731364613,4.0,7.0,7.0
2391,-8.219999999999859,219.14235731364613,4.0,7.0,7.0
2392,3.900000000000146,219.14235731364613,4.0,7.0,7.0
2393,16.020000000000152,219.14235731364613,4.0,7.0,7.0
2394,28.140000000000157,219.14235731364613,4.0,7.0,7.0
2395,40.26000000000016,219.14235731364613,4.0,7.0,7.0
2396,52.380000000000166,219.14235731364613,4.0,7.0,7.0
2397,64.50000000000017,219.14235731364613,4.0,7.0,7.0
2398,76.62000000000018,219.14235731364613,4.0,7.0,7.0
2399,88.74000000000018,219.14235731364613,4.0,7.0,7.0
2400,100.86000000000018,219.14235731364613,4.0,7.0,7.0
2401,112.98000000000019,219.14235731364613,4.0,7.0,7.0
2402,125.1000000000002,219.14235731364613,4.0,7.0,7.0
2403,137.2200000000002,219.14235731364613,4.0,7.0,7.0
2404,149.3400000000002,219.14235731364613,4.0,7.0,7.0
2405,161.4600000000002,219.14235731364613,4.0,7.0,7.0
2406,173.5800000000002,219.14235731364613,4.0,7.0,7.0
2407,185.70000000000022,219.14235731364613,4.0,7.0,7.0
2408,197.82000000000022,219.14235731364613,4.0,7.0,7.0
2409,209.94000000000023,219.14235731364613,4.0,7.0,7.0
2410,222.06000000000023,219.14235731364613,4.0,7.0,7.0
2411,234.18000000000023,219.14235731364613,4.0,7.0,7.0
2412,246.30000000000024,219.14235731364613,4.0,7.0,7.0
2413,258.42000000000024,219.14235731364613,4.0,7.0,7.0
2414,270.54000000000025,219.14235731364613,4.0,7.0,7.0
2415,-256.67999999999995,229.63858520751353,4.0,7.0,7.0
2416,-244.55999999999995,229.63858520751353,4.0,7.0,7.0
2417,-232.43999999999994,229.63858520751353,4.0,7.0,7.0
2418,-220.31999999999994,229.63858520751353,4.0,7.0,7.0
2419,-208.19999999999993,229.63858520751353,4.0,7.0,7.0
2420,-196.07999999999993,229.63858520751353,4.0,7.0,7.0
2421,-183.95999999999992,229.63858520751353,4.0,7.0,7.0
2422,-171.83999999999992,229.63858520751353,4.0,7.0,7.0
2423,-159.7199999999999,229.63858520751353,4.0,7.0,7.0
2424,-147.5999999999999,229.63858520751353,4.0,7.0,7.0
2425,-135.4799999999999,229.63858520751353,4.0,7.0,7.0
2426,-123.3599999999999,229.63858520751353,4.0,7.0,7.0
2427,-111.2399999999999,229.63858520751353,4.0,7.0,7.0
2428,-99.11999999999989,229.63858520751353,4.0,7.0,7.0
2429,-86.99999999999989,229.63858520751353,4.0,7.0,7.0
2430,-74.87999999999988,229.63858520751353,4.0,7.0,7.0
2431,-62.75999999999988,229.63858520751353,4.0,7.0,7.0
2432,-50.63999999999987,229.63858520751353,4.0,7.0,7.0
2433,-38.51999999999987,229.63858520751353,4.0,7.0,7.0
2434,-26.399999999999864,229.63858520751353,4.0,7.0,7.0
2435,-14.279999999999859,229.63858520751353,4.0,7.0,7.0
2436,-2.1599999999998545,229.63858520751353,4.0,7.0,7.0
2437,9.96000000000015,229.63858520751353,4.0,7.0,7.0
2438,22.080000000000155,229.63858520751353,4.0,7.0,7.0
2439,34.20000000000016,229.63858520751353,4.0,7.0,7.0
2440,46.320000000000164,229.63858520751353,4.0,7.0,7.0
2441,58.44000000000017,229.63858520751353,4.0,7.0,7.0
2442,70.56000000000017,229.63858520751353,4.0,7.0,7.0
2443,82.68000000000018,229.63858520751353,4.0,7.0,7.0
2444,94.80000000000018,229.63858520751353,4.0,7.0,7.0
2445,106.92000000000019,229.63858520751353,4.0,7.0,7.0
2446,119.04000000000019,229.63858520751353,4.0,7.0,7.0
2447,131.1600000000002,229.63858520751353,4.0,7.0,7.0
2448,143.2800000000002,229.63858520751353,4.0,7.0,7.0
2449,155.4000000000002,229.63858520751353,4.0,7.0,7.0
2450,167.5200000000002,229.63858520751353,4.0,7.0,7.0
2451,179.6400000000002,229.63858520751353,4.0,7.0,7.0
2452,191.76000000000022,229.63858520751353,4.0,7.0,7.0
2453,203.88000000000022,229.63858520751353,4.0,7.0,7.0
2454,216.00000000000023,229.63858520751353,4.0,7.0,7.0
2455,228.12000000000023,229.63858520751353,4.0,7.0,7.0
2456,240.24000000000024,229.63858520751353,4.0,7.0,7.0
2457,252.36000000000024,229.63858520751353,4.0,7.0,7.0
2458,-250.61999999999995,240.13481310138093,4.0,7.0,7.0
2459,-238.49999999999994,240.13481310138093,4.0,7.0,7.0
2460,-226.37999999999994,240.13481310138093,4.0,7.0,7.0
2461,-214.25999999999993,240.13481310138093,4.0,7.0,7.0
2462,-202.13999999999993,240.13481310138093,4.0,7.0,7.0
2463,-190.01999999999992,240.13481310138093,4.0,7.0,7.0
2464,-177.89999999999992,240.13481310138093,4.0,7.0,7.0
2465,-165.77999999999992,240.13481310138093,4.0,7.0,7.0
2466,-153.6599999999999,240.13481310138093,4.0,7.0,7.0
2467,-141.5399999999999,240.13481310138093,4.0,7.0,7.0
2468,-129.4199999999999,240.13481310138093,4.0,7.0,7.0
2469,-117.2999999999999,240.13481310138093,4.0,7.0,7.0
2470,-105.1799999999999,240.13481310138093,4.0,7.0,7.0
2471,-93.05999999999989,240.13481310138093,4.0,7.0,7.0
2472,-80.93999999999988,240.13481310138093,4.0,7.0,7.0
2473,-68.81999999999988,240.13481310138093,4.0,7.0,7.0
2474,-56.699999999999875,240.13481310138093,4.0,7.0,7.0
2475,-44.57999999999987,240.13481310138093,4.0,7.0,7.0
2476,-32.459999999999866,240.13481310138093,4.0,7.0,7.0
2477,-20.33999999999986,240.13481310138093,4.0,7.0,7.0
2478,-8.219999999999859,240.13481310138093,4.0,7.0,7.0
2479,3.900000000000146,240.13481310138093,4.0,7.0,7.0
2480,16.020000000000152,240.13481310138093,4.0,7.0,7.0
2481,28.140000000000157,240.13481310138093,4.0,7.0,7.0
2482,40.26000000000016,240.13481310138093,4.0,7.0,7.0
2483,52.380000000000166,240.13481310138093,4.0,7.0,7.0
2484,64.50000000000017,240.13481310138093,4.0,7.0,7.0
2485,76.62000000000018,240.13481310138093,4.0,7.0,7.0
2486,88.74000000000018,240.13481310138093,4.0,7.0,7.0
2487,100.86000000000018,240.13481310138093,4.0,7.0,7.0
2488,112.98000000000019,240.13481310138093,4.0,7.0,7.0
2489,125.1000000000002,240.13481310138093,4.0,7.0,7.0
2490,137.2200000000002,240.13481310138093,4.0,7.0,7.0
2491,149.3400000000002,240.13481310138093,4.0,7.0,7.0
2492,161.4600000000002,240.13481310138093,4.0,7.0,7.0
2493,173.5800000000002,240.13481310138093,4.0,7.0,7.0
2494,185.70000000000022,240.13481310138093,4.0,7.0,7.0
2495,197.82000000000022,240.13481310138093,4.0,7.0,7.0
2496,209.94000000000023,240.13481310138093,4.0,7.0,7.0
2497,222.06000000000023,240.13481310138093,4.0,7.0,7.0
2498,234.18000000000023,240.13481310138093,4.0,7.0,7.0
2499,246.30000000000024,240.13481310138093,4.0,7.0,7.0
2500,-232.43999999999994,250.63104099524833,4.0,7.0,7.0
2501,-220.31999999999994,250.63104099524833,4.0,7.0,7.0
2502,-208.19999999999993,250.63104099524833,4.0,7.0,7.0
2503,-196.07999999999993,250.63104099524833,4.0,7.0,7.0
2504,-183.95999999999992,250.63104099524833,4.0,7.0,7.0
2505,-171.83999999999992,250.63104099524833,4.0,7.0,7.0
2506,-159.7199999999999,250.63104099524833,4.0,7.0,7.0
2507,-147.5999999999999,250.63104099524833,4.0,7.0,7.0
2508,-135.4799999999999,250.63104099524833,4.0,7.0,7.0
2509,-123.3599999999999,250.63104099524833,4.0,7.0,7.0
2510,-111.2399999999999,250.63104099524833,4.0,7.0,7.0
2511,-99.11999999999989,250.63104099524833,4.0,7.0,7.0
2512,-86.99999999999989,250.63104099524833,4.0,7.0,7.0
2513,-74.87999999999988,250.63104099524833,4.0,7.0,7.0
2514,-62.75999999999988,250.63104099524833,4.0,7.0,7.0
2515,-50.63999999999987,250.63104099524833,4.0,7.0,7.0
2516,-38.51999999999987,250.63104099524833,4.0,7.0,7.0
2517,-26.399999999999864,250.63104099524833,4.0,7.0,7.0
2518,-14.279999999999859,250.63104099524833,4.0,7.0,7.0
2519,-2.1599999999998545,250.63104099524833,4.0,7.0,7.0
2520,9.96000000000015,250.63104099524833,4.0,7.0,7.0
2521,22.080000000000155,250.63104099524833,4.0,7.0,7.0
2522,34.20000000000016,250.63104099524833,4.0,7.0,7.0
2523,46.320000000000164,250.63104099524833,4.0,7.0,7.0
2524,58.44000000000017,250.63104099524833,4.0,7.0,7.0
2525,70.56000000000017,250.63104099524833,4.0,7.0,7.0
2526,82.68000000000018,250.63104099524833,4.0,7.0,7.0
2527,94.80000000000018,250.63104099524833,4.0,7.0,7.0
2528,106.92000000000019,250.63104099524833,4.0,7.0,7.0
2529,119.04000000000019,250.63104099524833,4.0,7.0,7.0
2530,131.1600000000002,250.63104099524833,4.0,7.0,7.0
2531,143.2800000000002,250.63104099524833,4.0,7.0,7.0
2532,155.4000000000002,250.63104099524833,4.0,7.0,7.0
2533,167.5200000000002,250.63104099524833,4.0,7.0,7.0
2534,179.6400000000002,250.63104099524833,4.0,7.0,7.0
2535,191.76000000000022,250.63104099524833,4.0,7.0,7.0
2536,203.88000000000022,250.63104099524833,4.0,7.0,7.0
2537,216.00000000000023,250.63104099524833,4.0,7.0,7.0
2538,228.12000000000023,250.63104099524833,4.0,7.0,7.0
2539,240.24000000000024,250.63104099524833,4.0,7.0,7.0
2540,-226.37999999999994,261.1272688891157,4.0,7.0,7.0
2541,-214.25999999999993,261.1272688891157,4.0,7.0,7.0
2542,-202.13999999999993,261.1272688891157,4.0,7.0,7.0
2543,-190.01999999999992,261.1272688891157,4.0,7.0,7.0
2544,-177.89999999999992,261.1272688891157,4.0,7.0,7.0
2545,-165.77999999999992,261.1272688891157,4.0,7.0,7.0
2546,-153.6599999999999,261.1272688891157,4.0,7.0,7.0
2547,-141.5399999999999,261.1272688891157,4.0,7.0,7.0
2548,-129.4199999999999,261.1272688891157,4.0,7.0,7.0
2549,-117.2999999999999,261.1272688891157,4.0,7.0,7.0
2550,-105.1799999999999,261.1272688891157,4.0,7.0,7.0
2551,-93.05999999999989,261.1272688891157,4.0,7.0,7.0
2552,-80.93999999999988,261.1272688891157,4.0,7.0,7.0
2553,-68.81999999999988,261.1272688891157,4.0,7.0,7.0
2554,-56.699999999999875,261.1272688891157,4.0,7.0,7.0
2555,-44.57999999999987,261.1272688891157,4.0,7.0,7.0
2556,-32.459999999999866,261.1272688891157,4.0,7.0,7.0
2557,-20.33999999999986,261.1272688891157,4.0,7.0,7.0
2558,-8.219999999999859,261.1272688891157,4.0,7.0,7.0
2559,3.900000000000146,261.1272688891157,4.0,7.0,7.0
2560,16.020000000000152,261.1272688891157,4.0,7.0,7.0
2561,28.140000000000157,261.1272688891157,4.0,7.0,7.0
2562,40.26000000000016,261.1272688891157,4.0,7.0,7.0
2563,52.380000000000166,261.1272688891157,4.0,7.0,7.0
2564,64.50000000000017,261.1272688891157,4.0,7.0,7.0
2565,76.62000000000018,261.1272688891157,4.0,7.0,7.0
2566,88.74000000000018,261.1272688891157,4.0,7.0,7.0
2567,100.86000000000018,261.1272688891157,4.0,7.0,7.0
2568,112.98000000000019,261.1272688891157,4.0,7.0,7.0
2569,125.1000000000002,261.1272688891157,4.0,7.0,7.0
2570,137.2200000000002,261.1272688891157,4.0,7.0,7.0
2571,149.3400000000002,261.1272688891157,4.0,7.0,7.0
2572,161.4600000000002,261.1272688891157,4.0,7.0,7.0
2573,173.5800000000002,261.1272688891157,4.0,7.0,7.0
2574,185.70000000000022,261.1272688891157,4.0,7.0,7.0
2575,197.82000000000022,261.1272688891157,4.0,7.0,7.0
2576,209.94000000000023,261.1272688891157,4.0,7.0,7.0
2577,222.06000000000023,261.1272688891157,4.0,7.0,7.0
2578,-220.31999999999994,271.6234967829831,4.0,7.0,7.0
2579,-208.19999999999993,271.6234967829831,4.0,7.0,7.0
2580,-196.07999999999993,271.6234967829831,4.0,7.0,7.0
2581,-183.95999999999992,271.6234967829831,4.0,7.0,7.0
2582,-171.83999999999992,271.6234967829831,4.0,7.0,7.0
2583,-159.7199999999999,271.6234967829831,4.0,7.0,7.0
2584,-147.5999999999999,271.6234967829831,4.0,7.0,7.0
2585,-135.4799999999999,271.6234967829831,4.0,7.0,7.0
2586,-123.3599999999999,271.6234967829831,4.0,7.0,7.0
2587,-111.2399999999999,271.6234967829831,4.0,7.0,7.0
2588,-99.11999999999989,271.6234967829831,4.0,7.0,7.0
2589,-86.99999999999989,271.6234967829831,4.0,7.0,7.0
2590,-74.87999999999988,271.6234967829831,4.0,7.0,7.0
2591,-62.75999999999988,271.6234967829831,4.0,7.0,7.0
2592,-50.63999999999987,271.6234967829831,4.0,7.0,7.0
2593,-38.51999999999987,271.6234967829831,4.0,7.0,7.0
2594,-26.399999999999864,271.6234967829831,4.0,7.0,7.0
2595,-14.279999999999859,271.6234967829831,4.0,7.0,7.0
2596,-2.1599999999998545,271.6234967829831,4.0,7.0,7.0
2597,9.96000000000015,271.6234967829831,4.0,7.0,7.0
2598,22.080000000000155,271.6234967829831,4.0,7.0,7.0
2599,34.20000000000016,271.6234967829831,4.0,7.0,7.0
2600,46.320000000000164,271.6234967829831,4.0,7.0,7.0
2601,58.44000000000017,271.6234967829831,4.0,7.0,7.0
2602,70.56000000000017,271.6234967829831,4.0,7.0,7.0
2603,82.68000000000018,271.6234967829831,4.0,7.0,7.0
2604,94.80000000000018,271.6234967829831,4.0,7.0,7.0
2605,106.92000000000019,271.6234967829831,4.0,7.0,7.0
2606,119.04000000000019,271.6234967829831,4.0,7.0,7.0
2607,131.1600000000002,271.6234967829831,4.0,7.0,7.0
2608,143.2800000000002,271.6234967829831,4.0,7.0,7.0
2609,155.4000000000002,271.6234967829831,4.0,7.0,7.0
2610,167.5200000000002,271.6234967829831,4.0,7.0,7.0
2611,179.6400000000002,271.6234967829831,4.0,7.0,7.0
2612,191.76000000000022,271.6234967829831,4.0,7.0,7.0
2613,203.88000000000022,271.6234967829831,4.0,7.0,7.0
2614,216.00000000000023,271.6234967829831,4.0,7.0,7.0
2615,-202.13999999999993,282.1197246768505,4.0,7.0,7.0
2616,-190.01999999999992,282.1197246768505,4.0,7.0,7.0
2617,-177.89999999999992,282.1197246768505,4.0,7.0,7.0
2618,-165.77999999999992,282.1197246768505,4.0,7.0,7.0
2619,-153.6599999999999,282.1197246768505,4.0,7.0,7.0
2620,-141.5399999999999,282.1197246768505,4.0,7.0,7.0
2621,-129.4199999999999,282.1197246768505,4.0,7.0,7.0
2622,-117.2999999999999,282.1197246768505,4.0,7.0,7.0
2623,-105.1799999999999,282.1197246768505,4.0,7.0,7.0
2624,-93.05999999999989,282.1197246768505,4.0,7.0,7.0
2625,-80.93999999999988,282.1197246768505,4.0,7.0,7.0
2626,-68.81999999999988,282.1197246768505,4.0,7.0,7.0
2627,-56.699999999999875,282.1197246768505,4.0,7.0,7.0
2628,-44.57999999999987,282.1197246768505,4.0,7.0,7.0
2629,-32.459999999999866,282.1197246768505,4.0,7.0,7.0
2630,-20.33999999999986,282.1197246768505,4.0,7.0,7.0
2631,-8.219999999999859,282.1197246768505,4.0,7.0,7.0
2632,3.900000000000146,282.1197246768505,4.0,7.0,7.0
2633,16.020000000000152,282.1197246768505,4.0,7.0,7.0
2634,28.140000000000157,282.1197246768505,4.0,7.0,7.0
2635,40.26000000000016,282.1197246768505,4.0,7.0,7.0
2636,52.380000000000166,282.1197246768505,4.0,7.0,7.0
2637,64.50000000000017,282.1197246768505,4.0,7.0,7.0
2638,76.62000000000018,282.1197246768505,4.0,7.0,7.0
2639,88.74000000000018,282.1197246768505,4.0,7.0,7.0
2640,100.86000000000018,282.1197246768505,4.0,7.0,7.0
2641,112.98000000000019,282.1197246768505,4.0,7.0,7.0
2642,125.1000000000002,282.1197246768505,4.0,7.0,7.0
2643,137.2200000000002,282.1197246768505,4.0,7.0,7.0
2644,149.3400000000002,282.1197246768505,4.0,7.0,7.0
2645,161.4600000000002,282.1197246768505,4.0,7.0,7.0
2646,173.5800000000002,282.1197246768505,4.0,7.0,7.0
2647,185.70000000000022,282.1197246768505,4.0,7.0,7.0
2648,197.82000000000022,282.1197246768505,4.0,7.0,7.0
2649,-183.95999999999992,292.6159525707179,4.0,7.0,7.0
2650,-171.83999999999992,292.6159525707179,4.0,7.0,7.0
2651,-159.7199999999999,292.6159525707179,4.0,7.0,7.0
2652,-147.5999999999999,292.6159525707179,4.0,7.0,7.0
2653,-135.4799999999999,292.6159525707179,4.0,7.0,7.0
2654,-123.3599999999999,292.6159525707179,4.0,7.0,7.0
2655,-111.2399999999999,292.6159525707179,4.0,7.0,7.0
2656,-99.11999999999989,292.6159525707179,4.0,7.0,7.0
2657,-86.99999999999989,292.6159525707179,4.0,7.0,7.0
2658,-74.87999999999988,292.6159525707179,4.0,7.0,7.0
2659,-62.75999999999988,292.6159525707179,4.0,7.0,7.0
2660,-50.63999999999987,292.6159525707179,4.0,7.0,7.0
2661,-38.51999999999987,292.6159525707179,4.0,7.0,7.0
2662,-26.399999999999864,292.6159525707179,4.0,7.0,7.0
2663,-14.279999999999859,292.6159525707179,4.0,7.0,7.0
2664,-2.1599999999998545,292.6159525707179,4.0,7.0,7.0
2665,9.96000000000015,292.6159525707179,4.0,7.0,7.0
2666,22.080000000000155,292.6159525707179,4.0,7.0,7.0
2667,34.20000000000016,292.6159525707179,4.0,7.0,7.0
2668,46.320000000000164,292.6159525707179,4.0,7.0,7.0
2669,58.44000000000017,292.6159525707179,4.0,7.0,7.0
2670,70.56000000000017,292.6159525707179,4.0,7.0,7.0
2671,82.68000000000018,292.6159525707179,4.0,7.0,7.0
2672,94.80000000000018,292.6159525707179,4.0,7.0,7.0
2673,106.92000000000019,292.6159525707179,4.0,7.0,7.0
2674,119.04000000000019,292.6159525707179,4.0,7.0,7.0
2675,131.1600000000002,292.6159525707179,4.0,7.0,7.0
2676,143.2800000000002,292.6159525707179,4.0,7.0,7.0
2677,155.4000000000002,292.6159525707179,4.0,7.0,7.0
2678,167.5200000000002,292.6159525707179,4.0,7.0,7.0
2679,179.6400000000002,292.6159525707179,4.0,7.0,7.0
2680,191.76000000000022,292.6159525707179,4.0,7.0,7.0
2681,-165.77999999999992,303.1121804645853,4.0,7.0,7.0
2682,-153.6599999999999,303.1121804645853,4.0,7.0,7.0
2683,-141.5399999999999,303.1121804645853,4.0,7.0,7.0
2684,-129.4199999999999,303.1121804645853,4.0,7.0,7.0
2685,-117.2999999999999,303.1121804645853,4.0,7.0,7.0
2686,-105.1799999999999,303.1121804645853,4.0,7.0,7.0
2687,-93.05999999999989,303.1121804645853,4.0,7.0,7.0
2688,-80.93999999999988,303.1121804645853,4.0,7.0,7.0
2689,-68.81999999999988,303.1121804645853,4.0,7.0,7.0
2690,-56.699999999999875,303.1121804645853,4.0,7.0,7.0
2691,-44.57999999999987,303.1121804645853,4.0,7.0,7.0
2692,-32.459999999999866,303.1121804645853,4.0,7.0,7.0
2693,-20.33999999999986,303.1121804645853,4.0,7.0,7.0
2694,-8.219999999999859,303.1121804645853,4.0,7.0,7.0
2695,3.900000000000146,303.1121804645853,4.0,7.0,7.0
2696,16.020000000000152,303.1121804645853,4.0,7.0,7.0
2697,28.140000000000157,303.1121804645853,4.0,7.0,7.0
2698,40.26000000000016,303.1121804645853,4.0,7.0,7.0
2699,52.380000000000166,303.1121804645853,4.0,7.0,7.0
2700,64.50000000000017,303.1121804645853,4.0,7.0,7.0
2701,76.62000000000018,303.1121804645853,4.0,7.0,7.0
2702,88.74000000000018,303.1121804645853,4.0,7.0,7.0
2703,100.86000000000018,303.1121804645853,4.0,7.0,7.0
2704,112.98000000000019,303.1121804645853,4.0,7.0,7.0
2705,125.1000000000002,303.1121804645853,4.0,7.0,7.0
2706,137.2200000000002,303.1121804645853,4.0,7.0,7.0
2707,149.3400000000002,303.1121804645853,4.0,7.0,7.0
2708,161.4600000000002,303.1121804645853,4.0,7.0,7.0
2709,173.5800000000002,303.1121804645853,4.0,7.0,7.0
2710,-147.5999999999999,313.6084083584527,4.0,7.0,7.0
2711,-135.4799999999999,313.6084083584527,4.0,7.0,7.0
2712,-123.3599999999999,313.6084083584527,4.0,7.0,7.0
2713,-111.2399999999999,313.6084083584527,4.0,7.0,7.0
2714,-99.11999999999989,313.6084083584527,4.0,7.0,7.0
2715,-86.99999999999989,313.6084083584527,4.0,7.0,7.0
2716,-74.87999999999988,313.6084083584527,4.0,7.0,7.0
2717,-62.75999999999988,313.6084083584527,4.0,7.0,7.0
2718,-50.63999999999987,313.6084083584527,4.0,7.0,7.0
2719,-38.51999999999987,313.6084083584527,4.0,7.0,7.0
2720,-26.399999999999864,313.6084083584527,4.0,7.0,7.0
2721,-14.279999999999859,313.6084083584527,4.0,7.0,7.0
2722,-2.1599999999998545,313.6084083584527,4.0,7.0,7.0
2723,9.96000000000015,313.6084083584527,4.0,7.0,7.0
2724,22.080000000000155,313.6084083584527,4.0,7.0,7.0
2725,34.20000000000016,313.6084083584527,4.0,7.0,7.0
2726,46.320000000000164,313.6084083584527,4.0,7.0,7.0
2727,58.44000000000017,313.6084083584527,4.0,7.0,7.0
2728,70.56000000000017,313.6084083584527,4.0,7.0,7.0
2729,82.68000000000018,313.6084083584527,4.0,7.0,7.0
2730,94.80000000000018,313.6084083584527,4.0,7.0,7.0
2731,106.92000000000019,313.6084083584527,4.0,7.0,7.0
2732,119.04000000000019,313.6084083584527,4.0,7.0,7.0
2733,131.1600000000002,313.6084083584527,4.0,7.0,7.0
2734,143.2800000000002,313.6084083584527,4.0,7.0,7.0
2735,155.4000000000002,313.6084083584527,4.0,7.0,7.0
2736,-129.4199999999999,324.1046362523201,4.0,7.0,7.0
2737,-117.2999999999999,324.1046362523201,4.0,7.0,7.0
2738,-105.1799999999999,324.1046362523201,4.0,7.0,7.0
2739,-93.05999999999989,324.1046362523201,4.0,7.0,7.0
2740,-80.93999999999988,324.1046362523201,4.0,7.0,7.0
2741,-68.81999999999988,324.1046362523201,4.0,7.0,7.0
2742,-56.699999999999875,324.1046362523201,4.0,7.0,7.0
2743,-44.57999999999987,324.1046362523201,4.0,7.0,7.0
2744,-32.459999999999866,324.1046362523201,4.0,7.0,7.0
2745,-20.33999999999986,324.1046362523201,4.0,7.0,7.0
2746,-8.219999999999859,324.1046362523201,4.0,7.0,7.0
2747,3.900000000000146,324.1046362523201,4.0,7.0,7.0
2748,16.020000000000152,324.1046362523201,4.0,7.0,7.0
2749,28.140000000000157,324.1046362523201,4.0,7.0,7.0
2750,40.26000000000016,324.1046362523201,4.0,7.0,7.0
2751,52.380000000000166,324.1046362523201,4.0,7.0,7.0
2752,64.50000000000017,324.1046362523201,4.0,7.0,7.0
2753,76.62000000000018,324.1046362523201,4.0,7.0,7.0
2754,88.74000000000018,324.1046362523201,4.0,7.0,7.0
2755,100.86000000000018,324.1046362523201,4.0,7.0,7.0
2756,112.98000000000019,324.1046362523201,4.0,7.0,7.0
2757,125.1000000000002,324.1046362523201,4.0,7.0,7.0
2758,-99.11999999999989,334.6008641461875,4.0,7.0,7.0
2759,-86.99999999999989,334.6008641461875,4.0,7.0,7.0
2760,-74.87999999999988,334.6008641461875,4.0,7.0,7.0
2761,-62.75999999999988,334.6008641461875,4.0,7.0,7.0
2762,-50.63999999999987,334.6008641461875,4.0,7.0,7.0
2763,-38.51999999999987,334.6008641461875,4.0,7.0,7.0
2764,-26.399999999999864,334.6008641461875,4.0,7.0,7.0
2765,-14.279999999999859,334.6008641461875,4.0,7.0,7.0
2766,-2.1599999999998545,334.6008641461875,4.0,7.0,7.0
2767,9.96000000000015,334.6008641461875,4.0,7.0,7.0
2768,22.080000000000155,334.6008641461875,4.0,7.0,7.0
2769,34.20000000000016,334.6008641461875,4.0,7.0,7.0
2770,46.320000000000164,334.6008641461875,4.0,7.0,7.0
2771,58.44000000000017,334.6008641461875,4.0,7.0,7.0
2772,70.56000000000017,334.6008641461875,4.0,7.0,7.0
2773,82.68000000000018,334.6008641461875,4.0,7.0,7.0
2774,94.80000000000018,334.6008641461875,4.0,7.0,7.0
2775,-56.699999999999875,345.0970920400549,4.0,7.0,7.0
2776,-44.57999999999987,345.0970920400549,4.0,7.0,7.0
2777,-32.459999999999866,345.0970920400549,4.0,7.0,7.0
2778,-20.33999999999986,345.0970920400549,4.0,7.0,7.0
2779,-8.219999999999859,345.0970920400549,4.0,7.0,7.0
2780,3.900000000000146,345.0970920400549,4.0,7.0,7.0
2781,16.020000000000152,345.0970920400549,4.0,7.0,7.0
2782,28.140000000000157,345.0970920400549,4.0,7.0,7.0
2783,40.26000000000016,345.0970920400549,4.0,7.0,7.0
2784,52.380000000000166,345.0970920400549,4.0,7.0,7.0
