heliostat_id,x_m,y_m,z_m,width_m,height_m
1,-59.0,-343.9995367273585,4.118468246613412,6.800000000000001,6.800000000000001
2,-47.2,-343.9995367273585,4.177330709244892,6.800000000000001,6.800000000000001
3,-35.400000000000006,-343.9995367273585,4.120221260243982,6.800000000000001,6.800000000000001
4,-23.6,-343.9995367273585,4.091590387051997,6.800000000000001,6.800000000000001
5,-11.8,-343.9995367273585,4.05148909755937,6.800000000000001,6.800000000000001
6,0.0,-343.9995367273585,4.099585503811979,6.800000000000001,6.800000000000001
7,11.8,-343.9995367273585,4.066159652775836,6.800000000000001,6.800000000000001
8,23.6,-343.9995367273585,4.085266871872485,6.800000000000001,6.800000000000001
9,35.400000000000006,-343.9995367273585,4.111874220207026,6.800000000000001,6.800000000000001
10,47.2,-343.9995367273585,4.076154466372706,6.800000000000001,6.800000000000001
11,59.0,-343.9995367273585,4.059280144533184,6.800000000000001,6.800000000000001
12,-100.30000000000001,-333.7804369627021,4.2234183534563545,6.800000000000001,6.800000000000001
13,-88.5,-333.7804369627021,4.1976254732464096,6.800000000000001,6.800000000000001
14,-76.7,-333.7804369627021,4.20476292964509,6.800000000000001,6.800000000000001
15,-64.9,-333.7804369627021,4.131301511125894,6.800000000000001,6.800000000000001
16,-53.1,-333.7804369627021,4.106783792459304,6.800000000000001,6.800000000000001
17,-41.300000000000004,-333.7804369627021,4.076606726488888,6.800000000000001,6.800000000000001
18,-29.5,-333.7804369627021,4.035991040924181,6.800000000000001,6.800000000000001
19,-17.700000000000003,-333.7804369627021,4.059574712409496,6.800000000000001,6.800000000000001
20,-5.9,-333.7804369627021,4.055807175804348,6.800000000000001,6.800000000000001
21,5.9,-333.7804369627021,3.9639897353978397,6.800000000000001,6.800000000000001
22,17.700000000000003,-333.7804369627021,4.031498305012464,6.800000000000001,6.800000000000001
23,29.5,-333.7804369627021,4.054202764641175,6.800000000000001,6.800000000000001
24,41.300000000000004,-333.7804369627021,4.0821714198468575,6.800000000000001,6.800000000000001
25,53.1,-333.7804369627021,4.118672000996785,6.800000000000001,6.800000000000001
26,64.9,-333.7804369627021,4.139648551162849,6.800000000000001,6.800000000000001
27,76.7,-333.7804369627021,4.149368936672569,6.800000000000001,6.800000000000001
28,88.5,-333.7804369627021,4.200660760532575,6.800000000000001,6.800000000000001
29,100.30000000000001,-333.7804369627021,4.25377122631801,6.715697713167643,6.711249257920741
30,-129.8,-323.5613371980457,4.2892485194004175,5.837486937143601,5.831123330560755
31,-118.0,-323.5613371980457,4.291555722782981,5.183929015827199,5.183929015827199
32,-106.2,-323.5613371980457,4.258660739044245,6.678077384027922,6.671643782744775
33,-94.4,-323.5613371980457,4.174427702477079,6.800000000000001,6.800000000000001
34,-82.60000000000001,-323.5613371980457,4.145900560814358,6.800000000000001,6.800000000000001
35,-70.80000000000001,-323.5613371980457,4.159214545721145,6.800000000000001,6.800000000000001
36,-59.0,-323.5613371980457,4.120571684929224,6.800000000000001,6.800000000000001
37,-47.2,-323.5613371980457,4.010280774063348,6.800000000000001,6.800000000000001
38,-35.400000000000006,-323.5613371980457,3.9510505260244964,6.800000000000001,6.800000000000001
39,-23.6,-323.5613371980457,4.017271619156968,6.800000000000001,6.800000000000001
40,-11.8,-323.5613371980457,3.9061932908887576,6.800000000000001,6.800000000000001
41,0.0,-323.5613371980457,3.981302875046142,6.800000000000001,6.800000000000001
42,11.8,-323.5613371980457,3.9481814316807147,6.800000000000001,6.800000000000001
43,23.6,-323.5613371980457,3.9365835654664,6.800000000000001,6.800000000000001
44,35.400000000000006,-323.5613371980457,4.082832582365517,6.800000000000001,6.800000000000001
45,47.2,-323.5613371980457,4.0057278431341,6.800000000000001,6.800000000000001
46,59.0,-323.5613371980457,4.042160096703281,6.800000000000001,6.800000000000001
47,70.80000000000001,-323.5613371980457,4.061579471349486,6.800000000000001,6.800000000000001
48,82.60000000000001,-323.5613371980457,4.14160057049229,6.800000000000001,6.800000000000001
49,94.4,-323.5613371980457,4.2472745973450525,6.68644318926397,6.680451034015031
50,106.2,-323.5613371980457,4.222996113431801,6.800000000000001,6.800000000000001
51,118.0,-323.5613371980457,4.276632226959334,5.783044185206216,5.777842333327072
52,129.8,-323.5613371980457,4.300630846723539,5.3236246978555375,5.3236246978555375
53,-147.5,-313.3422374333893,4.304372999894632,5.3385323852507645,5.3319625534849955
54,-135.70000000000002,-313.3422374333893,4.255389908412141,6.800000000000001,6.800000000000001
55,-123.9,-313.3422374333893,4.244747427665126,6.7373919221691265,6.734088224929228
56,-112.10000000000001,-313.3422374333893,4.25403949645427,5.275426148852194,5.269331148155714
57,-100.30000000000001,-313.3422374333893,4.170006415481058,6.800000000000001,6.800000000000001
58,-88.5,-313.3422374333893,4.1667272513836044,6.800000000000001,6.800000000000001
59,-76.7,-313.3422374333893,4.040890990282619,6.800000000000001,6.800000000000001
60,-64.9,-313.3422374333893,4.095822976751413,6.800000000000001,6.800000000000001
61,-53.1,-313.3422374333893,4.0361334579775034,6.800000000000001,6.800000000000001
62,-41.300000000000004,-313.3422374333893,3.9711319905318234,6.800000000000001,6.800000000000001
63,-29.5,-313.3422374333893,3.961809896149433,6.800000000000001,6.800000000000001
64,-17.700000000000003,-313.3422374333893,3.8999338461415145,6.800000000000001,6.800000000000001
65,-5.9,-313.3422374333893,3.954991264399066,6.800000000000001,6.800000000000001
66,5.9,-313.3422374333893,3.9749735723663226,6.800000000000001,6.800000000000001
67,17.700000000000003,-313.3422374333893,3.9469807990770804,6.800000000000001,6.800000000000001
68,29.5,-313.3422374333893,3.9810333822951476,6.800000000000001,6.800000000000001
69,41.300000000000004,-313.3422374333893,4.006290734929907,6.800000000000001,6.800000000000001
70,53.1,-313.3422374333893,4.039168745263669,6.800000000000001,6.800000000000001
71,64.9,-313.3422374333893,3.96808797012528,6.800000000000001,6.800000000000001
72,76.7,-313.3422374333893,4.131696668260405,6.800000000000001,6.800000000000001
73,88.5,-313.3422374333893,4.147250824630709,6.800000000000001,6.800000000000001
74,100.30000000000001,-313.3422374333893,4.193782832556021,6.800000000000001,6.800000000000001
75,112.10000000000001,-313.3422374333893,4.229504257557765,6.690521965139755,6.684745038357651
76,123.9,-313.3422374333893,4.271053250811894,5.264458656462022,5.258823491185896
77,135.70000000000002,-313.3422374333893,4.271578107271691,6.05683407391868,6.050309115423225
78,147.5,-313.3422374333893,4.2742730676401575,6.697174805303431,6.691748934973587
79,-165.20000000000002,-303.12313766873297,4.302482771411044,5.661244563007417,5.655727338388956
80,-153.4,-303.12313766873297,4.277139423445402,6.045675315032936,6.045675315032936
81,-141.60000000000002,-303.12313766873297,4.234159866385462,6.734763321297243,6.731320918290516
82,-129.8,-303.12313766873297,4.251512634698073,5.424069267547005,5.41789902823029
83,-118.0,-303.12313766873297,4.225049562973441,6.4012697660091575,6.395356762522264
84,-106.2,-303.12313766873297,4.213768945185517,6.682133970939642,6.675914427258132
85,-94.4,-303.12313766873297,4.169674072390164,6.777921796641773,6.776756776056194
86,-82.60000000000001,-303.12313766873297,4.1054718496861575,6.800000000000001,6.800000000000001
87,-70.80000000000001,-303.12313766873297,3.993901339717606,6.800000000000001,6.800000000000001
88,-59.0,-303.12313766873297,4.061396656688151,6.800000000000001,6.800000000000001
89,-47.2,-303.12313766873297,3.9339053722474744,6.800000000000001,6.800000000000001
90,-35.400000000000006,-303.12313766873297,3.900072783072099,6.800000000000001,6.800000000000001
91,-23.6,-303.12313766873297,3.8415550542983947,6.800000000000001,6.800000000000001
92,-11.8,-303.12313766873297,3.878775714278626,6.800000000000001,6.800000000000001
93,0.0,-303.12313766873297,3.900455456143014,6.800000000000001,6.800000000000001
94,11.8,-303.12313766873297,3.850952247488775,6.800000000000001,6.800000000000001
95,23.6,-303.12313766873297,3.9055490279150518,6.800000000000001,6.800000000000001
96,35.400000000000006,-303.12313766873297,3.901337486108001,6.800000000000001,6.800000000000001
97,47.2,-303.12313766873297,3.9217642231028123,6.800000000000001,6.800000000000001
98,59.0,-303.12313766873297,3.9351792937051,6.800000000000001,6.800000000000001
99,70.80000000000001,-303.12313766873297,4.020965984685915,6.800000000000001,6.800000000000001
100,82.60000000000001,-303.12313766873297,4.114324770937474,6.800000000000001,6.800000000000001
101,94.4,-303.12313766873297,4.142103546207493,6.800000000000001,6.800000000000001
102,106.2,-303.12313766873297,4.191257231146457,6.729987209494937,6.726292781063929
103,118.0,-303.12313766873297,4.181796719145581,6.800000000000001,6.800000000000001
104,129.8,-303.12313766873297,4.234818554624162,6.68030213618206,6.673985930414087
105,141.60000000000002,-303.12313766873297,4.24984218403065,6.689997952883174,6.684193375070952
106,153.4,-303.12313766873297,4.2907982162331475,5.332978226149016,5.332978226149016
107,165.20000000000002,-303.12313766873297,4.27263577976375,6.714883648438941,6.710392236699994
108,-182.9,-292.9040379040766,4.264860229018298,6.800000000000001,6.800000000000001
109,-171.10000000000002,-292.9040379040766,4.298909344987711,5.5526975271365355,5.5526975271365355
110,-159.3,-292.9040379040766,4.255540173762475,6.800000000000001,6.800000000000001
111,-147.5,-292.9040379040766,4.251170111649972,5.855546261888655,5.849043938270178
112,-135.70000000000002,-292.9040379040766,4.197083647586771,6.800000000000001,6.800000000000001
113,-123.9,-292.9040379040766,4.180613257007045,6.750506444377226,6.747894773027957
114,-112.10000000000001,-292.9040379040766,4.162115801093603,6.771560810049723,6.770060133514061
115,-100.30000000000001,-292.9040379040766,4.123700694685551,6.800000000000001,6.800000000000001
116,-88.5,-292.9040379040766,4.125381661762332,6.800000000000001,6.800000000000001
117,-76.7,-292.9040379040766,4.049858470381771,6.800000000000001,6.800000000000001
118,-64.9,-292.9040379040766,4.00646178720469,6.800000000000001,6.800000000000001
119,-53.1,-292.9040379040766,3.9069704257270956,6.800000000000001,6.800000000000001
120,-41.300000000000004,-292.9040379040766,3.9970382074253887,6.800000000000001,6.800000000000001
121,-29.5,-292.9040379040766,3.8016832823735536,6.800000000000001,6.800000000000001
122,-17.700000000000003,-292.9040379040766,3.8339007819417144,6.800000000000001,6.800000000000001
123,-5.9,-292.9040379040766,3.7901835890302076,6.800000000000001,6.800000000000001
124,5.9,-292.9040379040766,3.847348166252993,6.800000000000001,6.800000000000001
125,17.700000000000003,-292.9040379040766,3.813159652152916,6.800000000000001,6.800000000000001
126,29.5,-292.9040379040766,3.8785772269564145,6.800000000000001,6.800000000000001
127,41.300000000000004,-292.9040379040766,3.8581738140833144,6.800000000000001,6.800000000000001
128,53.1,-292.9040379040766,4.022564283208567,6.800000000000001,6.800000000000001
129,64.9,-292.9040379040766,3.9753500925214933,6.800000000000001,6.800000000000001
130,76.7,-292.9040379040766,4.083499571136773,6.800000000000001,6.800000000000001
131,88.5,-292.9040379040766,4.0988228980083825,6.800000000000001,6.800000000000001
132,100.30000000000001,-292.9040379040766,4.13381831897277,6.800000000000001,6.800000000000001
133,112.10000000000001,-292.9040379040766,4.180580465417776,6.698957127898958,6.6936253070024065
134,123.9,-292.9040379040766,4.173025038791631,6.800000000000001,6.800000000000001
135,135.70000000000002,-292.9040379040766,4.2246541737694425,6.683540316426797,6.677394982653421
136,147.5,-292.9040379040766,4.2554701019720405,5.672926460063596,5.666378999518511
137,159.3,-292.9040379040766,4.2547813519409345,6.710255715688117,6.7055200976233245
138,171.10000000000002,-292.9040379040766,4.240985945943385,6.800000000000001,6.800000000000001
139,182.9,-292.9040379040766,4.277254318770141,6.800000000000001,6.800000000000001
140,-200.60000000000002,-282.6849381394202,4.299710565205559,6.727794393691453,6.723984254959657
141,-188.8,-282.6849381394202,4.252377232951069,6.800000000000001,6.800000000000001
142,-177.0,-282.6849381394202,4.284606051506844,6.355194643470957,6.350879493720694
143,-165.20000000000002,-282.6849381394202,4.20093816540251,6.800000000000001,6.800000000000001
144,-153.4,-282.6849381394202,4.235663916252057,6.0712496581170745,6.06707521669139
145,-141.60000000000002,-282.6849381394202,4.194342045778526,6.725709401541655,6.72178924213762
146,-129.8,-282.6849381394202,4.149385834584541,6.800000000000001,6.800000000000001
147,-118.0,-282.6849381394202,4.153227749235189,6.757387789008593,6.755139231814128
148,-106.2,-282.6849381394202,4.164206953495809,6.697763046117236,6.692368216024057
149,-94.4,-282.6849381394202,4.106768091224941,6.800000000000001,6.800000000000001
150,-82.60000000000001,-282.6849381394202,4.059394893165638,6.800000000000001,6.800000000000001
151,-70.80000000000001,-282.6849381394202,3.96878586732813,6.800000000000001,6.800000000000001
152,-59.0,-282.6849381394202,3.906081592819702,6.800000000000001,6.800000000000001
153,-47.2,-282.6849381394202,3.8781694277946355,6.800000000000001,6.800000000000001
154,-35.400000000000006,-282.6849381394202,3.8092172647607687,6.800000000000001,6.800000000000001
155,-23.6,-282.6849381394202,3.890488917269337,6.800000000000001,6.800000000000001
156,-11.8,-282.6849381394202,3.867556216333885,6.800000000000001,6.800000000000001
157,0.0,-282.6849381394202,3.722984725296948,6.800000000000001,6.800000000000001
158,11.8,-282.6849381394202,3.7269212387415473,6.800000000000001,6.800000000000001
159,23.6,-282.6849381394202,3.7764127034309474,6.800000000000001,6.800000000000001
160,35.400000000000006,-282.6849381394202,3.847158355837838,6.800000000000001,6.800000000000001
161,47.2,-282.6849381394202,3.829351890608806,6.800000000000001,6.800000000000001
162,59.0,-282.6849381394202,3.8673816799210914,6.800000000000001,6.800000000000001
163,70.80000000000001,-282.6849381394202,3.986997591045123,6.800000000000001,6.800000000000001
164,82.60000000000001,-282.6849381394202,4.040171407019923,6.800000000000001,6.800000000000001
165,94.4,-282.6849381394202,4.106515150617761,6.800000000000001,6.800000000000001
166,106.2,-282.6849381394202,4.13284231820543,6.800000000000001,6.800000000000001
167,118.0,-282.6849381394202,4.151204224377746,6.752613354293047,6.750112860170658
168,129.8,-282.6849381394202,4.140279972726044,6.800000000000001,6.800000000000001
169,141.60000000000002,-282.6849381394202,4.173853856596908,6.800000000000001,6.800000000000001
170,153.4,-282.6849381394202,4.202022815497055,6.800000000000001,6.800000000000001
171,165.20000000000002,-282.6849381394202,4.2059969775461195,6.800000000000001,6.800000000000001
172,177.0,-282.6849381394202,4.2347767518922925,6.800000000000001,6.800000000000001
173,188.8,-282.6849381394202,4.17649505079693,6.800000000000001,6.800000000000001
174,200.60000000000002,-282.6849381394202,4.202581372048261,6.800000000000001,6.800000000000001
175,-218.3,-272.4658383747638,4.281724702726059,6.800000000000001,6.800000000000001
176,-206.5,-272.4658383747638,4.236865162058509,6.800000000000001,6.800000000000001
177,-194.70000000000002,-272.4658383747638,4.227456704408783,6.800000000000001,6.800000000000001
178,-182.9,-272.4658383747638,4.180461084045815,6.800000000000001,6.800000000000001
179,-171.10000000000002,-272.4658383747638,4.1477966856906034,6.800000000000001,6.800000000000001
180,-159.3,-272.4658383747638,4.18922688979171,6.800000000000001,6.800000000000001
181,-147.5,-272.4658383747638,4.191760212357533,6.731128824624596,6.7274946368347885
182,-135.70000000000002,-272.4658383747638,4.145102198122493,6.800000000000001,6.800000000000001
183,-123.9,-272.4658383747638,4.126478366869552,6.800000000000001,6.800000000000001
184,-112.10000000000001,-272.4658383747638,4.075263301702144,6.800000000000001,6.800000000000001
185,-100.30000000000001,-272.4658383747638,4.071720136962593,6.800000000000001,6.800000000000001
186,-88.5,-272.4658383747638,4.00741765031573,6.800000000000001,6.800000000000001
187,-76.7,-272.4658383747638,3.971721989858315,6.800000000000001,6.800000000000001
188,-64.9,-272.4658383747638,3.8916075378198944,6.800000000000001,6.800000000000001
189,-53.1,-272.4658383747638,3.887036618090654,6.800000000000001,6.800000000000001
190,-41.300000000000004,-272.4658383747638,3.751417591369806,6.800000000000001,6.800000000000001
191,-29.5,-272.4658383747638,3.8298127965257054,6.800000000000001,6.800000000000001
192,-17.700000000000003,-272.4658383747638,3.7843337680000815,6.800000000000001,6.800000000000001
193,-5.9,-272.4658383747638,3.8451840870619574,6.800000000000001,6.800000000000001
194,5.9,-272.4658383747638,3.8110371050925944,6.800000000000001,6.800000000000001
195,17.700000000000003,-272.4658383747638,3.805074897788879,6.800000000000001,6.800000000000001
196,29.5,-272.4658383747638,3.7612658919798,6.800000000000001,6.800000000000001
197,41.300000000000004,-272.4658383747638,3.8030174752346206,6.800000000000001,6.800000000000001
198,53.1,-272.4658383747638,3.7797898006461383,6.800000000000001,6.800000000000001
199,64.9,-272.4658383747638,3.8880663693193678,6.800000000000001,6.800000000000001
200,76.7,-272.4658383747638,3.9932219414686543,6.800000000000001,6.800000000000001
201,88.5,-272.4658383747638,4.080011604576522,6.800000000000001,6.800000000000001
202,100.30000000000001,-272.4658383747638,4.08107893942827,6.800000000000001,6.800000000000001
203,112.10000000000001,-272.4658383747638,4.095751490883761,6.800000000000001,6.800000000000001
204,123.9,-272.4658383747638,4.146207734229629,6.7247032647326765,6.720730013594893
205,135.70000000000002,-272.4658383747638,4.125119890155236,6.800000000000001,6.800000000000001
206,147.5,-272.4658383747638,4.158119111602532,6.800000000000001,6.800000000000001
207,159.3,-272.4658383747638,4.188215127362989,6.800000000000001,6.800000000000001
208,171.10000000000002,-272.4658383747638,4.159179013013724,6.800000000000001,6.800000000000001
209,182.9,-272.4658383747638,4.21056101630029,6.800000000000001,6.800000000000001
210,194.70000000000002,-272.4658383747638,4.221386129836452,6.800000000000001,6.800000000000001
211,206.5,-272.4658383747638,4.172871188441851,6.800000000000001,6.800000000000001
212,218.3,-272.4658383747638,4.199013124178048,6.800000000000001,6.800000000000001
213,-224.20000000000002,-262.24673861010746,4.1900163131717445,6.800000000000001,6.800000000000001
214,-212.4,-262.24673861010746,4.223852608581442,6.800000000000001,6.800000000000001
215,-200.60000000000002,-262.24673861010746,4.190909798365398,6.800000000000001,6.800000000000001
216,-188.8,-262.24673861010746,4.172190540993416,6.800000000000001,6.800000000000001
217,-177.0,-262.24673861010746,4.126531739989318,6.800000000000001,6.800000000000001
218,-165.20000000000002,-262.24673861010746,4.160239224750544,6.800000000000001,6.800000000000001
219,-153.4,-262.24673861010746,4.106447389047333,6.800000000000001,6.800000000000001
220,-141.60000000000002,-262.24673861010746,4.097270552810474,6.800000000000001,6.800000000000001
221,-129.8,-262.24673861010746,4.056403615746309,6.800000000000001,6.800000000000001
222,-118.0,-262.24673861010746,4.061332285282607,6.800000000000001,6.800000000000001
223,-106.2,-262.24673861010746,4.048403341866526,6.800000000000001,6.800000000000001
224,-94.4,-262.24673861010746,4.04502284214511,6.800000000000001,6.800000000000001
225,-82.60000000000001,-262.24673861010746,3.9374550738218463,6.800000000000001,6.800000000000001
226,-70.80000000000001,-262.24673861010746,3.890702119389731,6.800000000000001,6.800000000000001
227,-59.0,-262.24673861010746,3.858555825895205,6.800000000000001,6.800000000000001
228,-47.2,-262.24673861010746,3.726254083094149,6.800000000000001,6.800000000000001
229,-35.400000000000006,-262.24673861010746,3.7091129587153726,6.800000000000001,6.800000000000001
230,-23.6,-262.24673861010746,3.7125848032045203,6.800000000000001,6.800000000000001
231,-11.8,-262.24673861010746,3.6405909481936654,6.800000000000001,6.800000000000001
232,0.0,-262.24673861010746,3.6805842786852505,6.800000000000001,6.800000000000001
233,11.8,-262.24673861010746,3.694973178737465,6.800000000000001,6.800000000000001
234,23.6,-262.24673861010746,3.698673069809595,6.800000000000001,6.800000000000001
235,35.400000000000006,-262.24673861010746,3.698236512606613,6.800000000000001,6.800000000000001
236,47.2,-262.24673861010746,3.770012808136369,6.800000000000001,6.800000000000001
237,59.0,-262.24673861010746,3.7819148219195253,6.800000000000001,6.800000000000001
238,70.80000000000001,-262.24673861010746,3.9777136882598105,6.800000000000001,6.800000000000001
239,82.60000000000001,-262.24673861010746,3.975649105506096,6.800000000000001,6.800000000000001
240,94.4,-262.24673861010746,4.027064059035298,6.800000000000001,6.800000000000001
241,106.2,-262.24673861010746,4.035250430293143,6.800000000000001,6.800000000000001
242,118.0,-262.24673861010746,4.07397931564163,6.800000000000001,6.800000000000001
243,129.8,-262.24673861010746,4.093080003787476,6.800000000000001,6.800000000000001
244,141.60000000000002,-262.24673861010746,4.149376317889649,6.800000000000001,6.800000000000001
245,153.4,-262.24673861010746,4.053329861539437,6.800000000000001,6.800000000000001
246,165.20000000000002,-262.24673861010746,4.147592194391521,6.800000000000001,6.800000000000001
247,177.0,-262.24673861010746,4.113378828415933,6.800000000000001,6.800000000000001
248,188.8,-262.24673861010746,4.198496364140184,6.800000000000001,6.800000000000001
249,200.60000000000002,-262.24673861010746,4.204821531760324,6.800000000000001,6.800000000000001
250,212.4,-262.24673861010746,4.1993173696849375,6.800000000000001,6.800000000000001
251,224.20000000000002,-262.24673861010746,4.230992691534981,6.800000000000001,6.800000000000001
252,-241.9,-252.02763884545107,4.174890496070742,6.800000000000001,6.800000000000001
253,-230.10000000000002,-252.02763884545107,4.160312203800636,6.800000000000001,6.800000000000001
254,-218.3,-252.02763884545107,4.166370565915781,6.800000000000001,6.800000000000001
255,-206.5,-252.02763884545107,4.185280607722774,6.800000000000001,6.800000000000001
256,-194.70000000000002,-252.02763884545107,4.171068198127262,6.800000000000001,6.800000000000001
257,-182.9,-252.02763884545107,4.112417155215113,6.800000000000001,6.800000000000001
258,-171.10000000000002,-252.02763884545107,4.1305573953604835,6.800000000000001,6.800000000000001
259,-159.3,-252.02763884545107,4.104406978108424,6.800000000000001,6.800000000000001
260,-147.5,-252.02763884545107,4.0709769635206055,6.800000000000001,6.800000000000001
261,-135.70000000000002,-252.02763884545107,4.0255480154368355,6.800000000000001,6.800000000000001
262,-123.9,-252.02763884545107,4.041816631273999,6.800000000000001,6.800000000000001
263,-112.10000000000001,-252.02763884545107,4.021736033048551,6.800000000000001,6.800000000000001
264,-100.30000000000001,-252.02763884545107,4.007643695514101,6.800000000000001,6.800000000000001
265,-88.5,-252.02763884545107,3.9966013970993575,6.800000000000001,6.800000000000001
266,-76.7,-252.02763884545107,3.8862640171888407,6.800000000000001,6.800000000000001
267,-64.9,-252.02763884545107,3.891217518742229,6.800000000000001,6.800000000000001
268,-53.1,-252.02763884545107,3.9129013616445785,6.800000000000001,6.800000000000001
269,-41.300000000000004,-252.02763884545107,3.702246614501955,6.800000000000001,6.800000000000001
270,-29.5,-252.02763884545107,3.676924350839253,6.800000000000001,6.800000000000001
271,-17.700000000000003,-252.02763884545107,3.665240072762952,6.800000000000001,6.800000000000001
272,-5.9,-252.02763884545107,3.642441687538565,6.800000000000001,6.800000000000001
273,5.9,-252.02763884545107,3.704412136297779,6.800000000000001,6.800000000000001
274,17.700000000000003,-252.02763884545107,3.6290695659361454,6.800000000000001,6.800000000000001
275,29.5,-252.02763884545107,3.6577008646935383,6.800000000000001,6.800000000000001
276,41.300000000000004,-252.02763884545107,3.786222896085869,6.800000000000001,6.800000000000001
277,53.1,-252.02763884545107,3.8104604157364905,6.800000000000001,6.800000000000001
278,64.9,-252.02763884545107,3.815841217802451,6.800000000000001,6.800000000000001
279,76.7,-252.02763884545107,3.922181583408466,6.800000000000001,6.800000000000001
280,88.5,-252.02763884545107,3.9536014938786783,6.800000000000001,6.800000000000001
281,100.30000000000001,-252.02763884545107,4.003596645799215,6.800000000000001,6.800000000000001
282,112.10000000000001,-252.02763884545107,3.978989070435053,6.800000000000001,6.800000000000001
283,123.9,-252.02763884545107,4.009187292947719,6.800000000000001,6.800000000000001
284,135.70000000000002,-252.02763884545107,4.0207421439004065,6.800000000000001,6.800000000000001
285,147.5,-252.02763884545107,4.030253525764551,6.800000000000001,6.800000000000001
286,159.3,-252.02763884545107,4.103901096894063,6.800000000000001,6.800000000000001
287,171.10000000000002,-252.02763884545107,4.092363363676234,6.800000000000001,6.800000000000001
288,182.9,-252.02763884545107,4.0807995793175555,6.800000000000001,6.800000000000001
289,194.70000000000002,-252.02763884545107,4.151591771374366,6.800000000000001,6.800000000000001
290,206.5,-252.02763884545107,4.134945426893862,6.800000000000001,6.800000000000001
291,218.3,-252.02763884545107,4.049259064791225,6.800000000000001,6.800000000000001
292,230.10000000000002,-252.02763884545107,4.165876897158606,6.800000000000001,6.800000000000001
293,241.9,-252.02763884545107,4.167049337248148,6.800000000000001,6.800000000000001
294,-247.8,-241.80853908079467,4.100120625590451,6.800000000000001,6.800000000000001
295,-236.0,-241.80853908079467,4.089195396883128,6.800000000000001,6.800000000000001
296,-224.20000000000002,-241.80853908079467,4.1236482572392745,6.800000000000001,6.800000000000001
297,-212.4,-241.80853908079467,4.064669367197771,6.800000000000001,6.800000000000001
298,-200.60000000000002,-241.80853908079467,4.000847686536371,6.800000000000001,6.800000000000001
299,-188.8,-241.80853908079467,4.071871705352746,6.800000000000001,6.800000000000001
300,-177.0,-241.80853908079467,4.037265990511266,6.800000000000001,6.800000000000001
301,-165.20000000000002,-241.80853908079467,3.957560437269528,6.800000000000001,6.800000000000001
302,-153.4,-241.80853908079467,4.0351906974358105,6.800000000000001,6.800000000000001
303,-141.60000000000002,-241.80853908079467,4.053475806150665,6.800000000000001,6.800000000000001
304,-129.8,-241.80853908079467,3.9798811886304497,6.800000000000001,6.800000000000001
305,-118.0,-241.80853908079467,3.931618097287475,6.800000000000001,6.800000000000001
306,-106.2,-241.80853908079467,3.939396080512188,6.800000000000001,6.800000000000001
307,-94.4,-241.80853908079467,3.8953157917649217,6.800000000000001,6.800000000000001
308,-82.60000000000001,-241.80853908079467,3.9026839618543847,6.800000000000001,6.800000000000001
309,-70.80000000000001,-241.80853908079467,3.845759068836702,6.800000000000001,6.800000000000001
310,-59.0,-241.80853908079467,3.7770006186254363,6.800000000000001,6.800000000000001
311,-47.2,-241.80853908079467,3.610754946050976,6.800000000000001,6.800000000000001
312,-35.400000000000006,-241.80853908079467,3.6976800375694827,6.800000000000001,6.800000000000001
313,-23.6,-241.80853908079467,3.643256708848358,6.800000000000001,6.800000000000001
314,-11.8,-241.80853908079467,3.6068886309866963,6.800000000000001,6.800000000000001
315,0.0,-241.80853908079467,3.490213576872981,6.800000000000001,6.800000000000001
316,11.8,-241.80853908079467,3.5727416490173343,6.800000000000001,6.800000000000001
317,23.6,-241.80853908079467,3.6144214796297853,6.800000000000001,6.800000000000001
318,35.400000000000006,-241.80853908079467,3.6215449148081635,6.800000000000001,6.800000000000001
319,47.2,-241.80853908079467,3.7197723477457556,6.800000000000001,6.800000000000001
320,59.0,-241.80853908079467,3.8604710189949887,6.800000000000001,6.800000000000001
321,70.80000000000001,-241.80853908079467,3.768865124253841,6.800000000000001,6.800000000000001
322,82.60000000000001,-241.80853908079467,3.8913016345312634,6.800000000000001,6.800000000000001
323,94.4,-241.80853908079467,3.8664805625463488,6.800000000000001,6.800000000000001
324,106.2,-241.80853908079467,3.8958902960771487,6.800000000000001,6.800000000000001
325,118.0,-241.80853908079467,3.9328828003233776,6.800000000000001,6.800000000000001
326,129.8,-241.80853908079467,3.9955635062756385,6.800000000000001,6.800000000000001
327,141.60000000000002,-241.80853908079467,3.898423213949041,6.800000000000001,6.800000000000001
328,153.4,-241.80853908079467,4.0217848452552465,6.800000000000001,6.800000000000001
329,165.20000000000002,-241.80853908079467,4.024842638779531,6.800000000000001,6.800000000000001
330,177.0,-241.80853908079467,4.0418189214405125,6.800000000000001,6.800000000000001
331,188.8,-241.80853908079467,4.046071763420338,6.800000000000001,6.800000000000001
332,200.60000000000002,-241.80853908079467,4.144012070200512,6.800000000000001,6.800000000000001
333,212.4,-241.80853908079467,4.132963331136496,6.800000000000001,6.800000000000001
334,224.20000000000002,-241.80853908079467,4.089754215877093,6.800000000000001,6.800000000000001
335,236.0,-241.80853908079467,4.081101297453353,6.800000000000001,6.800000000000001
336,247.8,-241.80853908079467,4.239743840754066,6.800000000000001,6.800000000000001
337,-253.70000000000002,-231.58943931613828,4.142789515609695,6.800000000000001,6.800000000000001
338,-241.9,-231.58943931613828,4.1266912042781225,6.800000000000001,6.800000000000001
339,-230.10000000000002,-231.58943931613828,3.988981730215857,6.800000000000001,6.800000000000001
340,-218.3,-231.58943931613828,4.010983366348878,6.800000000000001,6.800000000000001
341,-206.5,-231.58943931613828,4.040989473555372,6.800000000000001,6.800000000000001
342,-194.70000000000002,-231.58943931613828,4.027210812053691,6.800000000000001,6.800000000000001
343,-182.9,-231.58943931613828,3.981858403471816,6.800000000000001,6.800000000000001
344,-171.10000000000002,-231.58943931613828,4.029455561566078,6.800000000000001,6.800000000000001
345,-159.3,-231.58943931613828,3.9545803676960722,6.800000000000001,6.800000000000001
346,-147.5,-231.58943931613828,3.990281678901335,6.800000000000001,6.800000000000001
347,-135.70000000000002,-231.58943931613828,3.9186222539271083,6.800000000000001,6.800000000000001
348,-123.9,-231.58943931613828,3.9377587926357798,6.800000000000001,6.800000000000001
349,-112.10000000000001,-231.58943931613828,3.8775723780950133,6.800000000000001,6.800000000000001
350,-100.30000000000001,-231.58943931613828,3.8755245825611024,6.800000000000001,6.800000000000001
351,-88.5,-231.58943931613828,3.816645225866554,6.800000000000001,6.800000000000001
352,-76.7,-231.58943931613828,3.7819937391578407,6.800000000000001,6.800000000000001
353,-64.9,-231.58943931613828,3.6393983250796507,6.800000000000001,6.800000000000001
354,-53.1,-231.58943931613828,3.601945334628009,6.800000000000001,6.800000000000001
355,53.1,-231.58943931613828,3.6226864644168066,6.800000000000001,6.800000000000001
356,64.9,-231.58943931613828,3.6659570888336,6.800000000000001,6.800000000000001
357,76.7,-231.58943931613828,3.7400055983658835,6.800000000000001,6.800000000000001
358,88.5,-231.58943931613828,3.881903902519114,6.800000000000001,6.800000000000001
359,100.30000000000001,-231.58943931613828,3.9066362772442993,6.800000000000001,6.800000000000001
360,112.10000000000001,-231.58943931613828,3.885413536917608,6.800000000000001,6.800000000000001
361,123.9,-231.58943931613828,3.9681116654974358,6.800000000000001,6.800000000000001
362,135.70000000000002,-231.58943931613828,3.952010414074929,6.800000000000001,6.800000000000001
363,147.5,-231.58943931613828,4.029234532407127,6.800000000000001,6.800000000000001
364,159.3,-231.58943931613828,3.9849332405577282,6.800000000000001,6.800000000000001
365,171.10000000000002,-231.58943931613828,4.009473253598821,6.800000000000001,6.800000000000001
366,182.9,-231.58943931613828,4.02789359397866,6.800000000000001,6.800000000000001
367,194.70000000000002,-231.58943931613828,4.025440227803427,6.800000000000001,6.800000000000001
368,206.5,-231.58943931613828,4.042507117198455,6.800000000000001,6.800000000000001
369,218.3,-231.58943931613828,4.027424505815608,6.800000000000001,6.800000000000001
370,230.10000000000002,-231.58943931613828,4.079281526979282,6.800000000000001,6.800000000000001
371,241.9,-231.58943931613828,4.142879403137672,6.800000000000001,6.800000000000001
372,253.70000000000002,-231.58943931613828,4.160242417505147,6.800000000000001,6.800000000000001
373,-41.10843652162117,-230.68884562026568,3.5768268412074318,6.745267577606051,6.718221267771819
374,-29.363168944015126,-230.68884562026568,3.580255081188828,6.745267577606051,6.718221267771819
375,-17.617901366409075,-230.68884562026568,3.5135317780085296,6.745267577606051,6.718221267771819
376,-5.872633788803025,-230.68884562026568,3.4892636255872045,6.745267577606051,6.718221267771819
377,5.872633788803025,-230.68884562026568,3.62332214739285,6.745267577606051,6.718221267771819
378,17.617901366409075,-230.68884562026568,3.5451493539060874,6.745267577606051,6.718221267771819
379,29.363168944015126,-230.68884562026568,3.6068138449427773,6.745267577606051,6.718221267771819
380,41.10843652162117,-230.68884562026568,3.6112267637839746,6.745267577606051,6.718221267771819
381,-259.6,-221.37033955148195,4.262448620988042,6.800000000000001,6.800000000000001
382,-247.8,-221.37033955148195,4.112462014264567,6.800000000000001,6.800000000000001
383,-236.0,-221.37033955148195,4.0158495972349,6.800000000000001,6.800000000000001
384,-224.20000000000002,-221.37033955148195,3.997196123192614,6.800000000000001,6.800000000000001
385,-212.4,-221.37033955148195,4.009003777337988,6.800000000000001,6.800000000000001
386,-200.60000000000002,-221.37033955148195,3.910951603977895,6.800000000000001,6.800000000000001
387,-188.8,-221.37033955148195,3.89483629162637,6.800000000000001,6.800000000000001
388,-177.0,-221.37033955148195,3.866385877841632,6.800000000000001,6.800000000000001
389,-165.20000000000002,-221.37033955148195,3.8980239332165345,6.800000000000001,6.800000000000001
390,-153.4,-221.37033955148195,3.872729582664707,6.800000000000001,6.800000000000001
391,-141.60000000000002,-221.37033955148195,3.856619249235766,6.800000000000001,6.800000000000001
392,-129.8,-221.37033955148195,3.8176766775010496,6.800000000000001,6.800000000000001
393,-118.0,-221.37033955148195,3.8607343831113106,6.800000000000001,6.800000000000001
394,-106.2,-221.37033955148195,3.851097185085223,6.800000000000001,6.800000000000001
395,-94.4,-221.37033955148195,3.754492945939987,6.800000000000001,6.800000000000001
396,-82.60000000000001,-221.37033955148195,3.7587348650506143,6.800000000000001,6.800000000000001
397,82.60000000000001,-221.37033955148195,3.6810820986462116,6.800000000000001,6.800000000000001
398,94.4,-221.37033955148195,3.6732990110350587,6.800000000000001,6.800000000000001
399,106.2,-221.37033955148195,3.790644379969092,6.800000000000001,6.800000000000001
400,118.0,-221.37033955148195,3.8455579466804823,6.800000000000001,6.800000000000001
401,129.8,-221.37033955148195,3.870035383187406,6.800000000000001,6.800000000000001
402,141.60000000000002,-221.37033955148195,3.8007193750488835,6.800000000000001,6.800000000000001
403,153.4,-221.37033955148195,3.8699472359857223,6.800000000000001,6.800000000000001
404,165.20000000000002,-221.37033955148195,3.9782061056927414,6.800000000000001,6.800000000000001
405,177.0,-221.37033955148195,3.9326563169229134,6.800000000000001,6.800000000000001
406,188.8,-221.37033955148195,3.901665688020243,6.800000000000001,6.800000000000001
407,200.60000000000002,-221.37033955148195,3.975198518201733,6.800000000000001,6.800000000000001
408,212.4,-221.37033955148195,3.96600387411731,6.800000000000001,6.800000000000001
409,224.20000000000002,-221.37033955148195,4.013384322052163,6.800000000000001,6.800000000000001
410,236.0,-221.37033955148195,4.042155420381668,6.800000000000001,6.800000000000001
411,247.8,-221.37033955148195,4.027473970251931,6.800000000000001,6.800000000000001
412,259.6,-221.37033955148195,4.142301832577322,6.800000000000001,6.800000000000001
413,-70.4716054656363,-220.51714552381316,3.714378257756451,6.745267577606051,6.718221267771819
414,-58.72633788803025,-220.51714552381316,3.6028163433822273,6.745267577606051,6.718221267771819
415,-46.9810703104242,-220.51714552381316,3.5737550432591862,6.745267577606051,6.718221267771819
416,-35.23580273281815,-220.51714552381316,3.589108549843903,6.745267577606051,6.718221267771819
417,-23.4905351552121,-220.51714552381316,3.571567901761373,6.745267577606051,6.718221267771819
418,-11.74526757760605,-220.51714552381316,3.5047608012643727,6.745267577606051,6.718221267771819
419,0.0,-220.51714552381316,3.457530086407321,6.745267577606051,6.718221267771819
420,11.74526757760605,-220.51714552381316,3.4736491065811754,6.745267577606051,6.718221267771819
421,23.4905351552121,-220.51714552381316,3.495432779000054,6.745267577606051,6.718221267771819
422,35.23580273281815,-220.51714552381316,3.5633086079114955,6.745267577606051,6.718221267771819
423,46.9810703104242,-220.51714552381316,3.5861491330110296,6.745267577606051,6.718221267771819
424,58.72633788803025,-220.51714552381316,3.618498661027416,6.745267577606051,6.718221267771819
425,70.4716054656363,-220.51714552381316,3.5929667663098286,6.745267577606051,6.718221267771819
426,-277.3,-211.15123978682556,4.250896541587247,6.800000000000001,6.800000000000001
427,-265.5,-211.15123978682556,4.103227367759486,6.800000000000001,6.800000000000001
428,-253.70000000000002,-211.15123978682556,4.096358527198279,6.800000000000001,6.800000000000001
429,-241.9,-211.15123978682556,4.045684696840218,6.800000000000001,6.800000000000001
430,-230.10000000000002,-211.15123978682556,3.9755343813903252,6.800000000000001,6.800000000000001
431,-218.3,-211.15123978682556,3.9752473009493605,6.800000000000001,6.800000000000001
432,-206.5,-211.15123978682556,3.933840336576268,6.800000000000001,6.800000000000001
433,-194.70000000000002,-211.15123978682556,3.869842765033687,6.800000000000001,6.800000000000001
434,-182.9,-211.15123978682556,3.823544267067136,6.800000000000001,6.800000000000001
435,-171.10000000000002,-211.15123978682556,3.7717546464379446,6.800000000000001,6.800000000000001
436,-159.3,-211.15123978682556,3.8511510447173136,6.800000000000001,6.800000000000001
437,-147.5,-211.15123978682556,3.7684209985238044,6.800000000000001,6.800000000000001
438,-135.70000000000002,-211.15123978682556,3.8555310168260224,6.800000000000001,6.800000000000001
439,-123.9,-211.15123978682556,3.6929709210958377,6.800000000000001,6.800000000000001
440,-112.10000000000001,-211.15123978682556,3.748302727134331,6.800000000000001,6.800000000000001
441,-100.30000000000001,-211.15123978682556,3.65439296344298,6.800000000000001,6.800000000000001
442,100.30000000000001,-211.15123978682556,3.590146049219143,6.800000000000001,6.800000000000001
443,112.10000000000001,-211.15123978682556,3.6218324235440997,6.800000000000001,6.800000000000001
444,123.9,-211.15123978682556,3.790605995467496,6.800000000000001,6.800000000000001
445,135.70000000000002,-211.15123978682556,3.8522427889326765,6.800000000000001,6.800000000000001
446,147.5,-211.15123978682556,3.7952327028849338,6.800000000000001,6.800000000000001
447,159.3,-211.15123978682556,3.886562729722578,6.800000000000001,6.800000000000001
448,171.10000000000002,-211.15123978682556,3.849913294056708,6.800000000000001,6.800000000000001
449,182.9,-211.15123978682556,3.784338472954164,6.800000000000001,6.800000000000001
450,194.70000000000002,-211.15123978682556,3.908036796717937,6.800000000000001,6.800000000000001
451,206.5,-211.15123978682556,3.8903345521412285,6.800000000000001,6.800000000000001
452,218.3,-211.15123978682556,3.873818117469994,6.800000000000001,6.800000000000001
453,230.10000000000002,-211.15123978682556,4.008669600930966,6.800000000000001,6.800000000000001
454,241.9,-211.15123978682556,4.003696556048261,6.800000000000001,6.800000000000001
455,253.70000000000002,-211.15123978682556,4.063476248264819,6.800000000000001,6.800000000000001
456,265.5,-211.15123978682556,4.200609501523965,6.800000000000001,6.800000000000001
457,277.3,-211.15123978682556,4.207643697759388,6.800000000000001,6.800000000000001
458,-88.08950683204537,-210.34544542736057,3.685738085852979,6.745267577606051,6.718221267771819
459,-76.34423925443933,-210.34544542736057,3.7501579939448364,6.745267577606051,6.718221267771819
460,-64.59897167683327,-210.34544542736057,3.594941785102843,6.745267577606051,6.718221267771819
461,-52.85370409922723,-210.34544542736057,3.5781430422173264,6.745267577606051,6.718221267771819
462,-41.10843652162117,-210.34544542736057,3.553947750131738,6.745267577606051,6.718221267771819
463,-29.363168944015126,-210.34544542736057,3.420790418459963,6.745267577606051,6.718221267771819
464,-17.617901366409075,-210.34544542736057,3.5478057360031805,6.745267577606051,6.718221267771819
465,-5.872633788803025,-210.34544542736057,3.4686377010180647,6.745267577606051,6.718221267771819
466,5.872633788803025,-210.34544542736057,3.4433436403000184,6.745267577606051,6.718221267771819
467,17.617901366409075,-210.34544542736057,3.5460351517529176,6.745267577606051,6.718221267771819
468,29.363168944015126,-210.34544542736057,3.5072961061156818,6.745267577606051,6.718221267771819
469,41.10843652162117,-210.34544542736057,3.4841361425499295,6.745267577606051,6.718221267771819
470,52.85370409922723,-210.34544542736057,3.619878242402103,6.745267577606051,6.718221267771819
471,64.59897167683327,-210.34544542736057,3.614418211855739,6.745267577606051,6.718221267771819
472,76.34423925443933,-210.34544542736057,3.638611186178253,6.745267577606051,6.718221267771819
473,88.08950683204537,-210.34544542736057,3.6523499257051584,6.745267577606051,6.718221267771819
474,-283.20000000000005,-200.93214002216916,4.186359773804497,6.800000000000001,6.800000000000001
475,-271.40000000000003,-200.93214002216916,4.289141668266099,6.800000000000001,6.800000000000001
476,-259.6,-200.93214002216916,4.2157431166032,6.800000000000001,6.800000000000001
477,-247.8,-200.93214002216916,3.9601313223974284,6.800000000000001,6.800000000000001
478,-236.0,-200.93214002216916,3.9169361109495027,6.800000000000001,6.800000000000001
479,-224.20000000000002,-200.93214002216916,3.879299874677926,6.800000000000001,6.800000000000001
480,-212.4,-200.93214002216916,3.774935443220419,6.800000000000001,6.800000000000001
481,-200.60000000000002,-200.93214002216916,3.702044423781763,6.800000000000001,6.800000000000001
482,-188.8,-200.93214002216916,3.8794887393926576,6.800000000000001,6.800000000000001
483,-177.0,-200.93214002216916,3.7807228752631246,6.800000000000001,6.800000000000001
484,-165.20000000000002,-200.93214002216916,3.7516029054794586,6.800000000000001,6.800000000000001
485,-153.4,-200.93214002216916,3.756560775769957,6.800000000000001,6.800000000000001
486,-141.60000000000002,-200.93214002216916,3.742586605388132,6.800000000000001,6.800000000000001
487,-129.8,-200.93214002216916,3.7629172015265104,6.800000000000001,6.800000000000001
488,-118.0,-200.93214002216916,3.6724957701426058,6.800000000000001,6.800000000000001
489,118.0,-200.93214002216916,3.5720783490919623,6.800000000000001,6.800000000000001
490,129.8,-200.93214002216916,3.710305555232974,6.800000000000001,6.800000000000001
491,141.60000000000002,-200.93214002216916,3.7403101399235084,6.800000000000001,6.800000000000001
492,153.4,-200.93214002216916,3.742396101767851,6.800000000000001,6.800000000000001
493,165.20000000000002,-200.93214002216916,3.767285223124648,6.800000000000001,6.800000000000001
494,177.0,-200.93214002216916,3.69674659367921,6.800000000000001,6.800000000000001
495,188.8,-200.93214002216916,3.771230159519419,6.800000000000001,6.800000000000001
496,200.60000000000002,-200.93214002216916,3.862914649948537,6.800000000000001,6.800000000000001
497,212.4,-200.93214002216916,3.8761116860926044,6.800000000000001,6.800000000000001
498,224.20000000000002,-200.93214002216916,3.9058586384318743,6.800000000000001,6.800000000000001
499,236.0,-200.93214002216916,3.9179478733782247,6.800000000000001,6.800000000000001
500,247.8,-200.93214002216916,4.074713417450178,6.800000000000001,6.800000000000001
501,259.6,-200.93214002216916,4.031855295183003,6.800000000000001,6.800000000000001
502,271.40000000000003,-200.93214002216916,4.155589027674814,6.800000000000001,6.800000000000001
503,283.20000000000005,-200.93214002216916,4.180289199232166,6.800000000000001,6.800000000000001
504,-105.70740819845446,-200.17374533090805,3.6924178891205384,6.745267577606051,6.718221267771819
505,-93.9621406208484,-200.17374533090805,3.6096798079292625,6.745267577606051,6.718221267771819
506,-82.21687304324234,-200.17374533090805,3.5628380880376342,6.745267577606051,6.718221267771819
507,-70.4716054656363,-200.17374533090805,3.517152330837283,6.745267577606051,6.718221267771819
508,-58.72633788803025,-200.17374533090805,3.524135041471454,6.745267577606051,6.718221267771819
509,-46.9810703104242,-200.17374533090805,3.5786340626412505,6.745267577606051,6.718221267771819
510,-35.23580273281815,-200.17374533090805,3.4248198447303464,6.745267577606051,6.718221267771819
511,-23.4905351552121,-200.17374533090805,3.4091106338859096,6.745267577606051,6.718221267771819
512,-11.74526757760605,-200.17374533090805,3.4508624707069933,6.745267577606051,6.718221267771819
513,0.0,-200.17374533090805,3.4091106338859096,6.745267577606051,6.718221267771819
514,11.74526757760605,-200.17374533090805,3.4703388974598885,6.745267577606051,6.718221267771819
515,23.4905351552121,-200.17374533090805,3.4402049450691976,6.745267577606051,6.718221267771819
516,35.23580273281815,-200.17374533090805,3.4091106338859096,6.745267577606051,6.718221267771819
517,46.9810703104242,-200.17374533090805,3.4976930683435024,6.745267577606051,6.718221267771819
518,58.72633788803025,-200.17374533090805,3.5446232306530714,6.745267577606051,6.718221267771819
519,70.4716054656363,-200.17374533090805,3.5421934509481496,6.745267577606051,6.718221267771819
520,82.21687304324234,-200.17374533090805,3.671855489732414,6.745267577606051,6.718221267771819
521,93.9621406208484,-200.17374533090805,3.6137268576441506,6.745267577606051,6.718221267771819
522,105.70740819845446,-200.17374533090805,3.6749649872250867,6.745267577606051,6.718221267771819
523,-289.1,-190.71304025751283,4.239274925797476,6.800000000000001,6.800000000000001
524,-277.3,-190.71304025751283,4.149904690083519,6.800000000000001,6.800000000000001
525,-265.5,-190.71304025751283,4.1582436454282306,6.800000000000001,6.800000000000001
526,-253.70000000000002,-190.71304025751283,4.055396859573696,6.800000000000001,6.800000000000001
527,-241.9,-190.71304025751283,4.070819894773093,6.800000000000001,6.800000000000001
528,-230.10000000000002,-190.71304025751283,3.912915729950898,6.800000000000001,6.800000000000001
529,-218.3,-190.71304025751283,3.759803854648429,6.800000000000001,6.800000000000001
530,-206.5,-190.71304025751283,3.864733754264138,6.800000000000001,6.800000000000001
531,-194.70000000000002,-190.71304025751283,3.644234953207901,6.800000000000001,6.800000000000001
532,-182.9,-190.71304025751283,3.695319385137863,6.800000000000001,6.800000000000001
533,-171.10000000000002,-190.71304025751283,3.730475385604481,6.800000000000001,6.800000000000001
534,-159.3,-190.71304025751283,3.8304836801253366,6.800000000000001,6.800000000000001
535,-147.5,-190.71304025751283,3.676996738836888,6.800000000000001,6.800000000000001
536,-135.70000000000002,-190.71304025751283,3.6174197965360104,6.800000000000001,6.800000000000001
537,135.70000000000002,-190.71304025751283,3.5514022980619098,6.800000000000001,6.800000000000001
538,147.5,-190.71304025751283,3.7592024361705385,6.800000000000001,6.800000000000001
539,159.3,-190.71304025751283,3.6706252163872843,6.800000000000001,6.800000000000001
540,171.10000000000002,-190.71304025751283,3.6505461537354544,6.800000000000001,6.800000000000001
541,182.9,-190.71304025751283,3.7580486557186177,6.800000000000001,6.800000000000001
542,194.70000000000002,-190.71304025751283,3.8309051213070826,6.800000000000001,6.800000000000001
543,206.5,-190.71304025751283,3.7885986315028184,6.800000000000001,6.800000000000001
544,218.3,-190.71304025751283,3.8146919664065893,6.800000000000001,6.800000000000001
545,230.10000000000002,-190.71304025751283,3.873456995230745,6.800000000000001,6.800000000000001
546,241.9,-190.71304025751283,4.024278823051888,6.800000000000001,6.800000000000001
547,253.70000000000002,-190.71304025751283,3.9959558168862874,6.800000000000001,6.800000000000001
548,265.5,-190.71304025751283,4.068955611093527,6.800000000000001,6.800000000000001
549,277.3,-190.71304025751283,4.15597526465585,6.800000000000001,6.800000000000001
550,289.1,-190.71304025751283,4.18135152675315,6.800000000000001,6.800000000000001
551,-123.32530956486353,-190.00204523445547,3.558118064354346,6.745267577606051,6.718221267771819
552,-111.58004198725747,-190.00204523445547,3.6130179392075794,6.745267577606051,6.718221267771819
553,-99.83477440965143,-190.00204523445547,3.5432120681584256,6.745267577606051,6.718221267771819
554,-88.08950683204537,-190.00204523445547,3.532760412499101,6.745267577606051,6.718221267771819
555,-76.34423925443933,-190.00204523445547,3.4933160688937983,6.745267577606051,6.718221267771819
556,-64.59897167683327,-190.00204523445547,3.512078808625354,6.745267577606051,6.718221267771819
557,-52.85370409922723,-190.00204523445547,3.4187545716193584,6.745267577606051,6.718221267771819
558,-41.10843652162117,-190.00204523445547,3.4722811281306813,6.745267577606051,6.718221267771819
559,-29.363168944015126,-190.00204523445547,3.435814674551561,6.745267577606051,6.718221267771819
560,-17.617901366409075,-190.00204523445547,3.477693998036414,6.745267577606051,6.718221267771819
561,-5.872633788803025,-190.00204523445547,3.4091106338859096,6.745267577606051,6.718221267771819
562,5.872633788803025,-190.00204523445547,3.4457441875798667,6.745267577606051,6.718221267771819
563,17.617901366409075,-190.00204523445547,3.5783643596942385,6.745267577606051,6.718221267771819
564,29.363168944015126,-190.00204523445547,3.5192850749211146,6.745267577606051,6.718221267771819
565,41.10843652162117,-190.00204523445547,3.459634097771658,6.745267577606051,6.718221267771819
566,52.85370409922723,-190.00204523445547,3.435448651693269,6.745267577606051,6.718221267771819
567,64.59897167683327,-190.00204523445547,3.564943395526071,6.745267577606051,6.718221267771819
568,76.34423925443933,-190.00204523445547,3.4766219888198875,6.745267577606051,6.718221267771819
569,88.08950683204537,-190.00204523445547,3.4872311032066183,6.745267577606051,6.718221267771819
570,99.83477440965143,-190.00204523445547,3.693964670037982,6.745267577606051,6.718221267771819
571,111.58004198725747,-190.00204523445547,3.5811474227028417,6.745267577606051,6.718221267771819
572,123.32530956486353,-190.00204523445547,3.6205943943279206,6.745267577606051,6.718221267771819
573,-295.0,-180.49394049285644,4.321363092392563,6.800000000000001,6.800000000000001
574,-283.20000000000005,-180.49394049285644,4.228832857435382,6.800000000000001,6.800000000000001
575,-271.40000000000003,-180.49394049285644,4.153533379377335,6.800000000000001,6.800000000000001
576,-259.6,-180.49394049285644,4.071718354807102,6.800000000000001,6.800000000000001
577,-247.8,-180.49394049285644,4.022880699607447,6.800000000000001,6.800000000000001
578,-236.0,-180.49394049285644,3.868194904746021,6.800000000000001,6.800000000000001
579,-224.20000000000002,-180.49394049285644,3.901622281768047,6.800000000000001,6.800000000000001
580,-212.4,-180.49394049285644,3.8275258832315266,6.800000000000001,6.800000000000001
581,-200.60000000000002,-180.49394049285644,3.8161926394609296,6.800000000000001,6.800000000000001
582,-188.8,-180.49394049285644,3.6476305236845663,6.800000000000001,6.800000000000001
583,-177.0,-180.49394049285644,3.682102922309183,6.800000000000001,6.800000000000001
584,-165.20000000000002,-180.49394049285644,3.6791503314367975,6.800000000000001,6.800000000000001
585,-153.4,-180.49394049285644,3.649242874763996,6.800000000000001,6.800000000000001
586,-141.60000000000002,-180.49394049285644,3.677988117437063,6.800000000000001,6.800000000000001
587,141.60000000000002,-180.49394049285644,3.633976451787662,6.800000000000001,6.800000000000001
588,153.4,-180.49394049285644,3.590813594505309,6.800000000000001,6.800000000000001
589,165.20000000000002,-180.49394049285644,3.6482915773607805,6.800000000000001,6.800000000000001
590,177.0,-180.49394049285644,3.6413794845531284,6.800000000000001,6.800000000000001
591,188.8,-180.49394049285644,3.6767186935103195,6.800000000000001,6.800000000000001
592,200.60000000000002,-180.49394049285644,3.694781148014308,6.800000000000001,6.800000000000001
593,212.4,-180.49394049285644,3.775925999366712,6.800000000000001,6.800000000000001
594,224.20000000000002,-180.49394049285644,3.7662990569264987,6.800000000000001,6.800000000000001
595,236.0,-180.49394049285644,3.793830366234965,6.800000000000001,6.800000000000001
596,247.8,-180.49394049285644,4.055257097326546,6.800000000000001,6.800000000000001
597,259.6,-180.49394049285644,4.114212376813419,6.800000000000001,6.800000000000001
598,271.40000000000003,-180.49394049285644,4.144174576911658,6.800000000000001,6.800000000000001
599,283.20000000000005,-180.49394049285644,4.191144706965493,6.800000000000001,6.800000000000001
600,295.0,-180.49394049285644,4.280133773422147,6.800000000000001,6.800000000000001
601,-129.19794335366655,-179.83034513800294,3.6118297139498323,6.745267577606051,6.718221267771819
602,-117.4526757760605,-179.83034513800294,3.548457815217059,6.745267577606051,6.718221267771819
603,-105.70740819845446,-179.83034513800294,3.4427415466807814,6.745267577606051,6.718221267771819
604,-93.9621406208484,-179.83034513800294,3.5121370213060192,6.745267577606051,6.718221267771819
605,-82.21687304324234,-179.83034513800294,3.5208467531143195,6.745267577606051,6.718221267771819
606,-70.4716054656363,-179.83034513800294,3.4931089494933754,6.745267577606051,6.718221267771819
607,-58.72633788803025,-179.83034513800294,3.4984453763564827,6.745267577606051,6.718221267771819
608,-46.9810703104242,-179.83034513800294,3.4091106338859096,6.745267577606051,6.718221267771819
609,-35.23580273281815,-179.83034513800294,3.4290952066938885,6.745267577606051,6.718221267771819
610,-23.4905351552121,-179.83034513800294,3.4091106338859096,6.745267577606051,6.718221267771819
611,-11.74526757760605,-179.83034513800294,3.4091106338859096,6.745267577606051,6.718221267771819
612,0.0,-179.83034513800294,3.4091106338859096,6.745267577606051,6.718221267771819
613,11.74526757760605,-179.83034513800294,3.4091106338859096,6.745267577606051,6.718221267771819
614,23.4905351552121,-179.83034513800294,3.4091106338859096,6.745267577606051,6.718221267771819
615,35.23580273281815,-179.83034513800294,3.4589421983411834,6.745267577606051,6.718221267771819
616,46.9810703104242,-179.83034513800294,3.4091106338859096,6.745267577606051,6.718221267771819
617,58.72633788803025,-179.83034513800294,3.4091106338859096,6.745267577606051,6.718221267771819
618,70.4716054656363,-179.83034513800294,3.4301267383054403,6.745267577606051,6.718221267771819
619,82.21687304324234,-179.83034513800294,3.4993468015039797,6.745267577606051,6.718221267771819
620,93.9621406208484,-179.83034513800294,3.50126057519726,6.745267577606051,6.718221267771819
621,105.70740819845446,-179.83034513800294,3.577305949700788,6.745267577606051,6.718221267771819
622,117.4526757760605,-179.83034513800294,3.519622585998487,6.745267577606051,6.718221267771819
623,129.19794335366655,-179.83034513800294,3.688976599139874,6.745267577606051,6.718221267771819
624,-300.90000000000003,-170.27484072820005,4.295522615711136,6.800000000000001,6.800000000000001
625,-289.1,-170.27484072820005,4.20974463474224,6.800000000000001,6.800000000000001
626,-277.3,-170.27484072820005,4.153044527487763,6.800000000000001,6.800000000000001
627,-265.5,-170.27484072820005,3.998219361988883,6.800000000000001,6.800000000000001
628,-253.70000000000002,-170.27484072820005,4.097139370060391,6.800000000000001,6.800000000000001
629,-241.9,-170.27484072820005,3.9447162644883766,6.800000000000001,6.800000000000001
630,-230.10000000000002,-170.27484072820005,3.952523489832043,6.800000000000001,6.800000000000001
631,-218.3,-170.27484072820005,3.806453700732937,6.800000000000001,6.800000000000001
632,-206.5,-170.27484072820005,3.662370000379853,6.800000000000001,6.800000000000001
633,-194.70000000000002,-170.27484072820005,3.699919865904456,6.800000000000001,6.800000000000001
634,-182.9,-170.27484072820005,3.6310728920212054,6.800000000000001,6.800000000000001
635,-171.10000000000002,-170.27484072820005,3.6026144208903164,6.800000000000001,6.800000000000001
636,-159.3,-170.27484072820005,3.5139664689447314,6.800000000000001,6.800000000000001
637,159.3,-170.27484072820005,3.5913662947419533,6.800000000000001,6.800000000000001
638,171.10000000000002,-170.27484072820005,3.5722615480286612,6.800000000000001,6.800000000000001
639,182.9,-170.27484072820005,3.5938906227656773,6.800000000000001,6.800000000000001
640,194.70000000000002,-170.27484072820005,3.651355269325807,6.800000000000001,6.800000000000001
641,206.5,-170.27484072820005,3.680075842882486,6.800000000000001,6.800000000000001
642,218.3,-170.27484072820005,3.8282065929504565,6.800000000000001,6.800000000000001
643,230.10000000000002,-170.27484072820005,3.837688454172113,6.800000000000001,6.800000000000001
644,241.9,-170.27484072820005,3.938645689916045,6.800000000000001,6.800000000000001
645,253.70000000000002,-170.27484072820005,3.9757278786137684,6.800000000000001,6.800000000000001
646,265.5,-170.27484072820005,4.074860365964563,6.800000000000001,6.800000000000001
647,277.3,-170.27484072820005,4.1100446242670845,6.800000000000001,6.800000000000001
648,289.1,-170.27484072820005,4.235038695460286,6.800000000000001,6.800000000000001
649,300.90000000000003,-170.27484072820005,4.289199100531625,6.800000000000001,6.800000000000001
650,-146.81584472007563,-169.65864504155036,3.6821643374653474,6.745267577606051,6.718221267771819
651,-135.07057714246957,-169.65864504155036,3.5934952668092377,6.745267577606051,6.718221267771819
652,-123.32530956486353,-169.65864504155036,3.4799095953404153,6.745267577606051,6.718221267771819
653,-111.58004198725747,-169.65864504155036,3.4698099127630755,6.745267577606051,6.718221267771819
654,-99.83477440965143,-169.65864504155036,3.5254384151604734,6.745267577606051,6.718221267771819
655,-88.08950683204537,-169.65864504155036,3.4091106338859096,6.745267577606051,6.718221267771819
656,-76.34423925443933,-169.65864504155036,3.4091106338859096,6.745267577606051,6.718221267771819
657,-64.59897167683327,-169.65864504155036,3.4091106338859096,6.745267577606051,6.718221267771819
658,-52.85370409922723,-169.65864504155036,3.4091106338859096,6.745267577606051,6.718221267771819
659,-41.10843652162117,-169.65864504155036,3.4091106338859096,6.745267577606051,6.718221267771819
660,-29.363168944015126,-169.65864504155036,3.4091106338859096,6.745267577606051,6.718221267771819
661,-17.617901366409075,-169.65864504155036,3.4091106338859096,6.745267577606051,6.718221267771819
662,-5.872633788803025,-169.65864504155036,3.4119871948318363,6.745267577606051,6.718221267771819
663,5.872633788803025,-169.65864504155036,3.4091106338859096,6.745267577606051,6.718221267771819
664,17.617901366409075,-169.65864504155036,3.4091106338859096,6.745267577606051,6.718221267771819
665,29.363168944015126,-169.65864504155036,3.4091106338859096,6.745267577606051,6.718221267771819
666,41.10843652162117,-169.65864504155036,3.4091106338859096,6.745267577606051,6.718221267771819
667,52.85370409922723,-169.65864504155036,3.4091106338859096,6.745267577606051,6.718221267771819
668,64.59897167683327,-169.65864504155036,3.4091106338859096,6.745267577606051,6.718221267771819
669,76.34423925443933,-169.65864504155036,3.4091106338859096,6.745267577606051,6.718221267771819
670,88.08950683204537,-169.65864504155036,3.4681711768633767,6.745267577606051,6.718221267771819
671,99.83477440965143,-169.65864504155036,3.426285697145732,6.745267577606051,6.718221267771819
672,111.58004198725747,-169.65864504155036,3.4091106338859096,6.745267577606051,6.718221267771819
673,123.32530956486353,-169.65864504155036,3.4907860414491747,6.745267577606051,6.718221267771819
674,135.07057714246957,-169.65864504155036,3.494848430008857,6.745267577606051,6.718221267771819
675,146.81584472007563,-169.65864504155036,3.482847139007142,6.745267577606051,6.718221267771819
676,-306.8,-160.05574096354366,4.276575617866965,6.800000000000001,6.800000000000001
677,-295.0,-160.05574096354366,4.221122416023904,6.800000000000001,6.800000000000001
678,-283.20000000000005,-160.05574096354366,4.226579184524545,6.800000000000001,6.800000000000001
679,-271.40000000000003,-160.05574096354366,4.010180671882687,6.800000000000001,6.800000000000001
680,-259.6,-160.05574096354366,4.065945432859856,6.800000000000001,6.800000000000001
681,-247.8,-160.05574096354366,3.9254567682171255,6.800000000000001,6.800000000000001
682,-236.0,-160.05574096354366,3.8330890293626707,6.800000000000001,6.800000000000001
683,-224.20000000000002,-160.05574096354366,3.948992558949393,6.800000000000001,6.800000000000001
684,-212.4,-160.05574096354366,3.711178429602646,6.800000000000001,6.800000000000001
685,-200.60000000000002,-160.05574096354366,3.741427054587292,6.800000000000001,6.800000000000001
686,-188.8,-160.05574096354366,3.5298712229512716,6.800000000000001,6.800000000000001
687,-177.0,-160.05574096354366,3.599410479224825,6.800000000000001,6.800000000000001
688,-165.20000000000002,-160.05574096354366,3.4751058136354693,6.800000000000001,6.800000000000001
689,165.20000000000002,-160.05574096354366,3.6410348519458537,6.800000000000001,6.800000000000001
690,177.0,-160.05574096354366,3.559951744504673,6.800000000000001,6.800000000000001
691,188.8,-160.05574096354366,3.5635123237062736,6.800000000000001,6.800000000000001
692,200.60000000000002,-160.05574096354366,3.6475860893233403,6.800000000000001,6.800000000000001
693,212.4,-160.05574096354366,3.6762726258117424,6.800000000000001,6.800000000000001
694,224.20000000000002,-160.05574096354366,3.873110376795254,6.800000000000001,6.800000000000001
695,236.0,-160.05574096354366,3.989153383993017,6.800000000000001,6.800000000000001
696,247.8,-160.05574096354366,3.976803711474759,6.800000000000001,6.800000000000001
697,259.6,-160.05574096354366,3.9690691803097384,6.800000000000001,6.800000000000001
698,271.40000000000003,-160.05574096354366,4.065321724248029,6.800000000000001,6.800000000000001
699,283.20000000000005,-160.05574096354366,4.190155737090558,6.800000000000001,6.800000000000001
700,295.0,-160.05574096354366,4.2383223773121745,6.800000000000001,6.800000000000001
701,306.8,-160.05574096354366,4.340569591483623,6.800000000000001,6.800000000000001
702,-152.68847850887866,-159.48694494509783,3.4706964088242174,6.745267577606051,6.718221267771819
703,-140.9432109312726,-159.48694494509783,3.4819759360702296,6.745267577606051,6.718221267771819
704,-129.19794335366655,-159.48694494509783,3.4292588869817453,6.745267577606051,6.718221267771819
705,-117.4526757760605,-159.48694494509783,3.4091106338859096,6.745267577606051,6.718221267771819
706,-105.70740819845446,-159.48694494509783,3.43499987231433,6.745267577606051,6.718221267771819
707,-93.9621406208484,-159.48694494509783,3.439969850452349,6.745267577606051,6.718221267771819
708,-82.21687304324234,-159.48694494509783,3.4548225114205042,6.745267577606051,6.718221267771819
709,-70.4716054656363,-159.48694494509783,3.4091106338859096,6.745267577606051,6.718221267771819
710,-58.72633788803025,-159.48694494509783,3.4091106338859096,6.745267577606051,6.718221267771819
711,-46.9810703104242,-159.48694494509783,3.4091106338859096,6.745267577606051,6.718221267771819
712,-35.23580273281815,-159.48694494509783,3.4091106338859096,6.745267577606051,6.718221267771819
713,-23.4905351552121,-159.48694494509783,3.4091106338859096,6.745267577606051,6.718221267771819
714,-11.74526757760605,-159.48694494509783,3.4091106338859096,6.745267577606051,6.718221267771819
715,0.0,-159.48694494509783,3.4091106338859096,6.745267577606051,6.718221267771819
716,11.74526757760605,-159.48694494509783,3.4091106338859096,6.745267577606051,6.718221267771819
717,23.4905351552121,-159.48694494509783,3.4091106338859096,6.745267577606051,6.718221267771819
718,35.23580273281815,-159.48694494509783,3.4091106338859096,6.745267577606051,6.718221267771819
719,46.9810703104242,-159.48694494509783,3.4091106338859096,6.745267577606051,6.718221267771819
720,58.72633788803025,-159.48694494509783,3.4091106338859096,6.745267577606051,6.718221267771819
721,70.4716054656363,-159.48694494509783,3.46186068994667,6.745267577606051,6.718221267771819
722,82.21687304324234,-159.48694494509783,3.4091106338859096,6.745267577606051,6.718221267771819
723,93.9621406208484,-159.48694494509783,3.43491103830874,6.745267577606051,6.718221267771819
724,105.70740819845446,-159.48694494509783,3.4580174675677515,6.745267577606051,6.718221267771819
725,117.4526757760605,-159.48694494509783,3.4091106338859096,6.745267577606051,6.718221267771819
726,129.19794335366655,-159.48694494509783,3.4492411949490016,6.745267577606051,6.718221267771819
727,140.9432109312726,-159.48694494509783,3.490070035500004,6.745267577606051,6.718221267771819
728,152.68847850887866,-159.48694494509783,3.4947257665063614,6.745267577606051,6.718221267771819
729,-312.70000000000005,-149.83664119888732,4.348227705352297,6.800000000000001,6.800000000000001
730,-300.90000000000003,-149.83664119888732,4.291025748340495,6.800000000000001,6.800000000000001
731,-289.1,-149.83664119888732,4.122951703732535,6.800000000000001,6.800000000000001
732,-277.3,-149.83664119888732,4.218376335774716,6.800000000000001,6.800000000000001
733,-265.5,-149.83664119888732,3.987463546349397,6.800000000000001,6.800000000000001
734,-253.70000000000002,-149.83664119888732,3.9303015373761143,6.800000000000001,6.800000000000001
735,-241.9,-149.83664119888732,3.807889874293777,6.800000000000001,6.800000000000001
736,-230.10000000000002,-149.83664119888732,3.902796192078509,6.800000000000001,6.800000000000001
737,-218.3,-149.83664119888732,3.9241771809521624,6.800000000000001,6.800000000000001
738,-206.5,-149.83664119888732,3.676048733701407,6.800000000000001,6.800000000000001
739,-194.70000000000002,-149.83664119888732,3.730109254161946,6.800000000000001,6.800000000000001
740,-182.9,-149.83664119888732,3.5370337150469617,6.800000000000001,6.800000000000001
741,-171.10000000000002,-149.83664119888732,3.652352904607974,6.800000000000001,6.800000000000001
742,171.10000000000002,-149.83664119888732,3.544347265341916,6.800000000000001,6.800000000000001
743,182.9,-149.83664119888732,3.5904041831620392,6.800000000000001,6.800000000000001
744,194.70000000000002,-149.83664119888732,3.647144735006753,6.800000000000001,6.800000000000001
745,206.5,-149.83664119888732,3.6558134851269704,6.800000000000001,6.800000000000001
746,218.3,-149.83664119888732,3.73194231949501,6.800000000000001,6.800000000000001
747,230.10000000000002,-149.83664119888732,3.7874552752042185,6.800000000000001,6.800000000000001
748,241.9,-149.83664119888732,3.8645485703022002,6.800000000000001,6.800000000000001
749,253.70000000000002,-149.83664119888732,3.9897425800635227,6.800000000000001,6.800000000000001
750,265.5,-149.83664119888732,4.046398707822444,6.800000000000001,6.800000000000001
751,277.3,-149.83664119888732,4.148564728192908,6.800000000000001,6.800000000000001
752,289.1,-149.83664119888732,4.175310409418891,6.800000000000001,6.800000000000001
753,300.90000000000003,-149.83664119888732,4.249290548155718,6.800000000000001,6.800000000000001
754,312.70000000000005,-149.83664119888732,4.373268825463162,6.800000000000001,6.800000000000001
755,-158.5611122976817,-149.31524484864525,3.4556763369896,6.745267577606051,6.718221267771819
756,-146.81584472007563,-149.31524484864525,3.471115091255259,6.745267577606051,6.718221267771819
757,-135.07057714246957,-149.31524484864525,3.4216634439523474,6.745267577606051,6.718221267771819
758,-123.32530956486353,-149.31524484864525,3.4994481800385584,6.745267577606051,6.718221267771819
759,-111.58004198725747,-149.31524484864525,3.4185652281175316,6.745267577606051,6.718221267771819
760,-99.83477440965143,-149.31524484864525,3.4341812934596727,6.745267577606051,6.718221267771819
761,-88.08950683204537,-149.31524484864525,3.4091106338859096,6.745267577606051,6.718221267771819
762,-76.34423925443933,-149.31524484864525,3.4091106338859096,6.745267577606051,6.718221267771819
763,-64.59897167683327,-149.31524484864525,3.4091106338859096,6.745267577606051,6.718221267771819
764,-52.85370409922723,-149.31524484864525,3.4091106338859096,6.745267577606051,6.718221267771819
765,-41.10843652162117,-149.31524484864525,3.4091106338859096,6.745267577606051,6.718221267771819
766,-29.363168944015126,-149.31524484864525,3.4091106338859096,6.745267577606051,6.718221267771819
767,-17.617901366409075,-149.31524484864525,3.4091106338859096,6.745267577606051,6.718221267771819
768,-5.872633788803025,-149.31524484864525,3.4091106338859096,6.745267577606051,6.718221267771819
769,5.872633788803025,-149.31524484864525,3.4091106338859096,6.745267577606051,6.718221267771819
770,17.617901366409075,-149.31524484864525,3.4091106338859096,6.745267577606051,6.718221267771819
771,29.363168944015126,-149.31524484864525,3.4091106338859096,6.745267577606051,6.718221267771819
772,41.10843652162117,-149.31524484864525,3.4091106338859096,6.745267577606051,6.718221267771819
773,52.85370409922723,-149.31524484864525,3.4091106338859096,6.745267577606051,6.718221267771819
774,64.59897167683327,-149.31524484864525,3.4091106338859096,6.745267577606051,6.718221267771819
775,76.34423925443933,-149.31524484864525,3.4091106338859096,6.745267577606051,6.718221267771819
776,88.08950683204537,-149.31524484864525,3.4091106338859096,6.745267577606051,6.718221267771819
777,99.83477440965143,-149.31524484864525,3.4091106338859096,6.745267577606051,6.718221267771819
778,111.58004198725747,-149.31524484864525,3.470418052589526,6.745267577606051,6.718221267771819
779,123.32530956486353,-149.31524484864525,3.4091106338859096,6.745267577606051,6.718221267771819
780,135.07057714246957,-149.31524484864525,3.4091106338859096,6.745267577606051,6.718221267771819
781,146.81584472007563,-149.31524484864525,3.5356149460862776,6.745267577606051,6.718221267771819
782,158.5611122976817,-149.31524484864525,3.4619998521691118,6.745267577606051,6.718221267771819
783,-318.6,-139.61754143423093,4.319739431261922,6.800000000000001,6.800000000000001
784,-306.8,-139.61754143423093,4.387056281964474,6.800000000000001,6.800000000000001
785,-295.0,-139.61754143423093,4.203845752638527,6.800000000000001,6.800000000000001
786,-283.20000000000005,-139.61754143423093,4.1811515560018035,6.800000000000001,6.800000000000001
787,-271.40000000000003,-139.61754143423093,4.008127177863493,6.800000000000001,6.800000000000001
788,-259.6,-139.61754143423093,4.113274184658158,6.800000000000001,6.800000000000001
789,-247.8,-139.61754143423093,3.8822232170865245,6.800000000000001,6.800000000000001
790,-236.0,-139.61754143423093,4.0242469374427445,6.800000000000001,6.800000000000001
791,-224.20000000000002,-139.61754143423093,3.81116113159838,6.800000000000001,6.800000000000001
792,-212.4,-139.61754143423093,3.720807944207639,6.800000000000001,6.800000000000001
793,-200.60000000000002,-139.61754143423093,3.605767057245941,6.800000000000001,6.800000000000001
794,-188.8,-139.61754143423093,3.6095080250744287,6.800000000000001,6.800000000000001
795,-177.0,-139.61754143423093,3.5178523637583012,6.800000000000001,6.800000000000001
796,177.0,-139.61754143423093,3.5643934354795066,6.800000000000001,6.800000000000001
797,188.8,-139.61754143423093,3.6638902556182282,6.800000000000001,6.800000000000001
798,200.60000000000002,-139.61754143423093,3.7633490555193694,6.800000000000001,6.800000000000001
799,212.4,-139.61754143423093,3.7506549358549335,6.800000000000001,6.800000000000001
800,224.20000000000002,-139.61754143423093,3.735531890051422,6.800000000000001,6.800000000000001
801,236.0,-139.61754143423093,3.913964832712063,6.800000000000001,6.800000000000001
802,247.8,-139.61754143423093,4.040564037181495,6.800000000000001,6.800000000000001
803,259.6,-139.61754143423093,3.9964156241407833,6.800000000000001,6.800000000000001
804,271.40000000000003,-139.61754143423093,4.128273966274213,6.800000000000001,6.800000000000001
805,283.20000000000005,-139.61754143423093,4.162181010463269,6.800000000000001,6.800000000000001
806,295.0,-139.61754143423093,4.293133786973231,6.800000000000001,6.800000000000001
807,306.8,-139.61754143423093,4.371373964319286,6.800000000000001,6.800000000000001
808,318.6,-139.61754143423093,4.408521584382264,6.800000000000001,6.800000000000001
809,-164.4337460864847,-139.14354475219272,3.490446693522191,6.745267577606051,6.718221267771819
810,-152.68847850887866,-139.14354475219272,3.448423003888526,6.745267577606051,6.718221267771819
811,-140.9432109312726,-139.14354475219272,3.4091106338859096,6.745267577606051,6.718221267771819
812,-129.19794335366655,-139.14354475219272,3.4130015631645505,6.745267577606051,6.718221267771819
813,-117.4526757760605,-139.14354475219272,3.4091106338859096,6.745267577606051,6.718221267771819
814,-105.70740819845446,-139.14354475219272,3.4091106338859096,6.745267577606051,6.718221267771819
815,-93.9621406208484,-139.14354475219272,3.4091106338859096,6.745267577606051,6.718221267771819
816,-82.21687304324234,-139.14354475219272,3.4091106338859096,6.745267577606051,6.718221267771819
817,-70.4716054656363,-139.14354475219272,3.4091106338859096,6.745267577606051,6.718221267771819
818,-58.72633788803025,-139.14354475219272,3.4091106338859096,6.745267577606051,6.718221267771819
819,-46.9810703104242,-139.14354475219272,3.431976982204133,6.745267577606051,6.718221267771819
820,-35.23580273281815,-139.14354475219272,3.4091106338859096,6.745267577606051,6.718221267771819
821,-23.4905351552121,-139.14354475219272,3.4091106338859096,6.745267577606051,6.718221267771819
822,-11.74526757760605,-139.14354475219272,3.4091106338859096,6.745267577606051,6.718221267771819
823,0.0,-139.14354475219272,3.4091106338859096,6.745267577606051,6.718221267771819
824,11.74526757760605,-139.14354475219272,3.4091106338859096,6.745267577606051,6.718221267771819
825,23.4905351552121,-139.14354475219272,3.4091106338859096,6.745267577606051,6.718221267771819
826,35.23580273281815,-139.14354475219272,3.4091106338859096,6.745267577606051,6.718221267771819
827,46.9810703104242,-139.14354475219272,3.4091106338859096,6.745267577606051,6.718221267771819
828,58.72633788803025,-139.14354475219272,3.4091106338859096,6.745267577606051,6.718221267771819
829,70.4716054656363,-139.14354475219272,3.4091106338859096,6.745267577606051,6.718221267771819
830,82.21687304324234,-139.14354475219272,3.4091106338859096,6.745267577606051,6.718221267771819
831,93.9621406208484,-139.14354475219272,3.4091106338859096,6.745267577606051,6.718221267771819
832,105.70740819845446,-139.14354475219272,3.4091106338859096,6.745267577606051,6.718221267771819
833,117.4526757760605,-139.14354475219272,3.4091106338859096,6.745267577606051,6.718221267771819
834,129.19794335366655,-139.14354475219272,3.4102192164855656,6.745267577606051,6.718221267771819
835,140.9432109312726,-139.14354475219272,3.4091106338859096,6.745267577606051,6.718221267771819
836,152.68847850887866,-139.14354475219272,3.4091106338859096,6.745267577606051,6.718221267771819
837,164.4337460864847,-139.14354475219272,3.479570247413431,6.745267577606051,6.718221267771819
838,-324.5,-129.39844166957454,4.328937098040307,6.800000000000001,6.800000000000001
839,-312.70000000000005,-129.39844166957454,4.283564373082349,6.800000000000001,6.800000000000001
840,-300.90000000000003,-129.39844166957454,4.198082267113704,6.800000000000001,6.800000000000001
841,-289.1,-129.39844166957454,4.218196660794092,6.800000000000001,6.800000000000001
842,-277.3,-129.39844166957454,4.225292321333381,6.800000000000001,6.800000000000001
843,-265.5,-129.39844166957454,3.994015245843135,6.800000000000001,6.800000000000001
844,-253.70000000000002,-129.39844166957454,4.062641714193243,6.800000000000001,6.800000000000001
845,-241.9,-129.39844166957454,3.8476595257059736,6.800000000000001,6.800000000000001
846,-230.10000000000002,-129.39844166957454,3.8284166716568677,6.800000000000001,6.800000000000001
847,-218.3,-129.39844166957454,3.90882583094972,6.800000000000001,6.800000000000001
848,-206.5,-129.39844166957454,3.7828645606105433,6.800000000000001,6.800000000000001
849,-194.70000000000002,-129.39844166957454,3.547198722052855,6.800000000000001,6.800000000000001
850,-182.9,-129.39844166957454,3.5967196231688026,6.800000000000001,6.800000000000001
851,182.9,-129.39844166957454,3.5059139451910157,6.800000000000001,6.800000000000001
852,194.70000000000002,-129.39844166957454,3.5598457524118783,6.800000000000001,6.800000000000001
853,206.5,-129.39844166957454,3.815746839544003,6.800000000000001,6.800000000000001
854,218.3,-129.39844166957454,3.8534318379771983,6.800000000000001,6.800000000000001
855,230.10000000000002,-129.39844166957454,3.8769812682355163,6.800000000000001,6.800000000000001
856,241.9,-129.39844166957454,3.9053299841431195,6.800000000000001,6.800000000000001
857,253.70000000000002,-129.39844166957454,4.047212337155235,6.800000000000001,6.800000000000001
858,265.5,-129.39844166957454,4.093167963857876,6.800000000000001,6.800000000000001
859,277.3,-129.39844166957454,4.121080791175029,6.800000000000001,6.800000000000001
860,289.1,-129.39844166957454,4.142567419247133,6.800000000000001,6.800000000000001
861,300.90000000000003,-129.39844166957454,4.320252580381868,6.800000000000001,6.800000000000001
862,312.70000000000005,-129.39844166957454,4.384487675347353,6.800000000000001,6.800000000000001
863,324.5,-129.39844166957454,4.411142795373958,6.800000000000001,6.800000000000001
864,-170.30637987528772,-128.97184465574014,3.4189678491709867,6.745267577606051,6.718221267771819
865,-158.5611122976817,-128.97184465574014,3.481224868381368,6.745267577606051,6.718221267771819
866,-146.81584472007563,-128.97184465574014,3.4816056300096654,6.745267577606051,6.718221267771819
867,-135.07057714246957,-128.97184465574014,3.4091106338859096,6.745267577606051,6.718221267771819
868,-123.32530956486353,-128.97184465574014,3.4091106338859096,6.745267577606051,6.718221267771819
869,-111.58004198725747,-128.97184465574014,3.4091106338859096,6.745267577606051,6.718221267771819
870,-99.83477440965143,-128.97184465574014,3.4091106338859096,6.745267577606051,6.718221267771819
871,-88.08950683204537,-128.97184465574014,3.4091106338859096,6.745267577606051,6.718221267771819
872,-76.34423925443933,-128.97184465574014,3.4091106338859096,6.745267577606051,6.718221267771819
873,-64.59897167683327,-128.97184465574014,3.4091106338859096,6.745267577606051,6.718221267771819
874,-52.85370409922723,-128.97184465574014,3.4091106338859096,6.745267577606051,6.718221267771819
875,-41.10843652162117,-128.97184465574014,3.4091106338859096,6.745267577606051,6.718221267771819
876,41.10843652162117,-128.97184465574014,3.4091106338859096,6.745267577606051,6.718221267771819
877,52.85370409922723,-128.97184465574014,3.4091106338859096,6.745267577606051,6.718221267771819
878,64.59897167683327,-128.97184465574014,3.4091106338859096,6.745267577606051,6.718221267771819
879,76.34423925443933,-128.97184465574014,3.4103038617579506,6.745267577606051,6.718221267771819
880,88.08950683204537,-128.97184465574014,3.4091106338859096,6.745267577606051,6.718221267771819
881,99.83477440965143,-128.97184465574014,3.4091106338859096,6.745267577606051,6.718221267771819
882,111.58004198725747,-128.97184465574014,3.4091106338859096,6.745267577606051,6.718221267771819
883,123.32530956486353,-128.97184465574014,3.4542847252394737,6.745267577606051,6.718221267771819
884,135.07057714246957,-128.97184465574014,3.4356506448206954,6.745267577606051,6.718221267771819
885,146.81584472007563,-128.97184465574014,3.4091106338859096,6.745267577606051,6.718221267771819
886,158.5611122976817,-128.97184465574014,3.4382249651606895,6.745267577606051,6.718221267771819
887,170.30637987528772,-128.97184465574014,3.486755931895351,6.745267577606051,6.718221267771819
888,-318.6,-119.17934190491818,4.455288739496924,6.694315962258369,6.6887392367640714
889,-306.8,-119.17934190491818,4.375011462004372,6.800000000000001,6.800000000000001
890,-295.0,-119.17934190491818,4.250056175502367,6.800000000000001,6.800000000000001
891,-283.20000000000005,-119.17934190491818,4.258756725748365,6.800000000000001,6.800000000000001
892,-271.40000000000003,-119.17934190491818,4.098102667247481,6.800000000000001,6.800000000000001
893,-259.6,-119.17934190491818,4.095413567315102,6.800000000000001,6.800000000000001
894,-247.8,-119.17934190491818,4.085283126680236,6.800000000000001,6.800000000000001
895,-236.0,-119.17934190491818,3.9903313338998196,6.800000000000001,6.800000000000001
896,-224.20000000000002,-119.17934190491818,3.8796343999606853,6.800000000000001,6.800000000000001
897,-212.4,-119.17934190491818,3.683408581766674,6.800000000000001,6.800000000000001
898,-200.60000000000002,-119.17934190491818,3.586333882078501,6.800000000000001,6.800000000000001
899,-188.8,-119.17934190491818,3.5755505389671733,6.800000000000001,6.800000000000001
900,188.8,-119.17934190491818,3.680773831554246,6.800000000000001,6.800000000000001
901,200.60000000000002,-119.17934190491818,3.770221703498698,6.800000000000001,6.800000000000001
902,212.4,-119.17934190491818,3.8875316517613085,6.800000000000001,6.800000000000001
903,224.20000000000002,-119.17934190491818,3.836128615525645,6.800000000000001,6.800000000000001
904,236.0,-119.17934190491818,3.8722080703465434,6.800000000000001,6.800000000000001
905,247.8,-119.17934190491818,4.023059737313842,6.800000000000001,6.800000000000001
906,259.6,-119.17934190491818,4.015737276053256,6.800000000000001,6.800000000000001
907,271.40000000000003,-119.17934190491818,4.148437848076394,6.800000000000001,6.800000000000001
908,283.20000000000005,-119.17934190491818,4.288856658002841,6.800000000000001,6.800000000000001
909,295.0,-119.17934190491818,4.264979671326015,6.800000000000001,6.800000000000001
910,306.8,-119.17934190491818,4.353005629179672,6.800000000000001,6.800000000000001
911,318.6,-119.17934190491818,4.334130188657482,6.800000000000001,6.800000000000001
912,-176.17901366409075,-118.8001445592876,3.5475508792315296,6.745267577606051,6.718221267771819
913,-164.4337460864847,-118.8001445592876,3.532605980434174,6.745267577606051,6.718221267771819
914,-152.68847850887866,-118.8001445592876,3.4091106338859096,6.745267577606051,6.718221267771819
915,-140.9432109312726,-118.8001445592876,3.4091106338859096,6.745267577606051,6.718221267771819
916,-129.19794335366655,-118.8001445592876,3.4091106338859096,6.745267577606051,6.718221267771819
917,-117.4526757760605,-118.8001445592876,3.4091106338859096,6.745267577606051,6.718221267771819
918,-105.70740819845446,-118.8001445592876,3.4091106338859096,6.745267577606051,6.718221267771819
919,-93.9621406208484,-118.8001445592876,3.4091106338859096,6.745267577606051,6.718221267771819
920,-82.21687304324234,-118.8001445592876,3.4189419965791616,6.745267577606051,6.718221267771819
921,-70.4716054656363,-118.8001445592876,3.4091106338859096,6.745267577606051,6.718221267771819
922,-58.72633788803025,-118.8001445592876,3.4091106338859096,6.745267577606051,6.718221267771819
923,58.72633788803025,-118.8001445592876,3.4091106338859096,6.745267577606051,6.718221267771819
924,70.4716054656363,-118.8001445592876,3.4091106338859096,6.745267577606051,6.718221267771819
925,82.21687304324234,-118.8001445592876,3.4091106338859096,6.745267577606051,6.718221267771819
926,93.9621406208484,-118.8001445592876,3.4091106338859096,6.745267577606051,6.718221267771819
927,105.70740819845446,-118.8001445592876,3.4091106338859096,6.745267577606051,6.718221267771819
928,117.4526757760605,-118.8001445592876,3.4091106338859096,6.745267577606051,6.718221267771819
929,129.19794335366655,-118.8001445592876,3.4091106338859096,6.745267577606051,6.718221267771819
930,140.9432109312726,-118.8001445592876,3.4091106338859096,6.745267577606051,6.718221267771819
931,152.68847850887866,-118.8001445592876,3.4151855978020706,6.745267577606051,6.718221267771819
932,164.4337460864847,-118.8001445592876,3.457988501315938,6.745267577606051,6.718221267771819
933,176.17901366409075,-118.8001445592876,3.6196389522779615,6.745267577606051,6.718221267771819
934,-324.5,-108.9602421402618,4.420090142072607,6.800000000000001,6.800000000000001
935,-312.70000000000005,-108.9602421402618,4.301057405996014,6.800000000000001,6.800000000000001
936,-300.90000000000003,-108.9602421402618,4.283016631412054,6.800000000000001,6.800000000000001
937,-289.1,-108.9602421402618,4.282758306470961,6.800000000000001,6.800000000000001
938,-277.3,-108.9602421402618,4.188744826281308,6.800000000000001,6.800000000000001
939,-265.5,-108.9602421402618,4.172986514632817,6.800000000000001,6.800000000000001
940,-253.70000000000002,-108.9602421402618,4.15455491167003,6.800000000000001,6.800000000000001
941,-241.9,-108.9602421402618,3.907841749960879,6.800000000000001,6.800000000000001
942,-230.10000000000002,-108.9602421402618,3.8899281818938785,6.800000000000001,6.800000000000001
943,-218.3,-108.9602421402618,3.8790061305815327,6.800000000000001,6.800000000000001
944,-206.5,-108.9602421402618,3.6125482639365996,6.800000000000001,6.800000000000001
945,-194.70000000000002,-108.9602421402618,3.54613088247824,6.800000000000001,6.800000000000001
946,194.70000000000002,-108.9602421402618,3.5223544654032763,6.800000000000001,6.800000000000001
947,206.5,-108.9602421402618,3.60167181782784,6.800000000000001,6.800000000000001
948,218.3,-108.9602421402618,3.884823764546683,6.800000000000001,6.800000000000001
949,230.10000000000002,-108.9602421402618,3.9933808902306875,6.800000000000001,6.800000000000001
950,241.9,-108.9602421402618,4.05024731180348,6.800000000000001,6.800000000000001
951,253.70000000000002,-108.9602421402618,4.089802116231831,6.800000000000001,6.800000000000001
952,265.5,-108.9602421402618,4.189933535313908,6.800000000000001,6.800000000000001
953,277.3,-108.9602421402618,4.1814095486730745,6.800000000000001,6.800000000000001
954,289.1,-108.9602421402618,4.183099707241858,6.800000000000001,6.800000000000001
955,300.90000000000003,-108.9602421402618,4.242293193656,6.800000000000001,6.800000000000001
956,312.70000000000005,-108.9602421402618,4.3172456048555645,6.800000000000001,6.800000000000001
957,324.5,-108.9602421402618,4.346231484775912,6.800000000000001,6.800000000000001
958,-182.05164745289377,-108.62844446283505,3.6556068488631115,6.745267577606051,6.718221267771819
959,-170.30637987528772,-108.62844446283505,3.449016767139667,6.745267577606051,6.718221267771819
960,-158.5611122976817,-108.62844446283505,3.4775099595869623,6.745267577606051,6.718221267771819
961,-146.81584472007563,-108.62844446283505,3.4091106338859096,6.745267577606051,6.718221267771819
962,-135.07057714246957,-108.62844446283505,3.4091106338859096,6.745267577606051,6.718221267771819
963,-123.32530956486353,-108.62844446283505,3.4091106338859096,6.745267577606051,6.718221267771819
964,-111.58004198725747,-108.62844446283505,3.4091106338859096,6.745267577606051,6.718221267771819
965,-99.83477440965143,-108.62844446283505,3.4091106338859096,6.745267577606051,6.718221267771819
966,-88.08950683204537,-108.62844446283505,3.4091106338859096,6.745267577606051,6.718221267771819
967,-76.34423925443933,-108.62844446283505,3.4091106338859096,6.745267577606051,6.718221267771819
968,76.34423925443933,-108.62844446283505,3.4091106338859096,6.745267577606051,6.718221267771819
969,88.08950683204537,-108.62844446283505,3.4091106338859096,6.745267577606051,6.718221267771819
970,99.83477440965143,-108.62844446283505,3.4091106338859096,6.745267577606051,6.718221267771819
971,111.58004198725747,-108.62844446283505,3.4091106338859096,6.745267577606051,6.718221267771819
972,123.32530956486353,-108.62844446283505,3.4091106338859096,6.745267577606051,6.718221267771819
973,135.07057714246957,-108.62844446283505,3.4091106338859096,6.745267577606051,6.718221267771819
974,146.81584472007563,-108.62844446283505,3.4091106338859096,6.745267577606051,6.718221267771819
975,158.5611122976817,-108.62844446283505,3.539480408346176,6.745267577606051,6.718221267771819
976,170.30637987528772,-108.62844446283505,3.5377989202600095,6.745267577606051,6.718221267771819
977,182.05164745289377,-108.62844446283505,3.7841006773107866,6.745267577606051,6.718221267771819
978,-330.40000000000003,-98.74114237560542,4.46046572577671,6.800000000000001,6.800000000000001
979,-318.6,-98.74114237560542,4.481809084350001,5.219621969276892,5.21314241541087
980,-306.8,-98.74114237560542,4.302113411601981,6.800000000000001,6.800000000000001
981,-295.0,-98.74114237560542,4.340506914333291,6.800000000000001,6.800000000000001
982,-283.20000000000005,-98.74114237560542,4.158650029125804,6.800000000000001,6.800000000000001
983,-271.40000000000003,-98.74114237560542,4.111931886270968,6.800000000000001,6.800000000000001
984,-259.6,-98.74114237560542,4.128273283639158,6.800000000000001,6.800000000000001
985,-247.8,-98.74114237560542,4.01342628345666,6.800000000000001,6.800000000000001
986,-236.0,-98.74114237560542,3.994290997226076,6.800000000000001,6.800000000000001
987,-224.20000000000002,-98.74114237560542,3.850570943589669,6.800000000000001,6.800000000000001
988,-212.4,-98.74114237560542,3.866842091888118,6.800000000000001,6.800000000000001
989,-200.60000000000002,-98.74114237560542,3.7616031129142415,6.800000000000001,6.800000000000001
990,200.60000000000002,-98.74114237560542,3.623244600786528,6.800000000000001,6.800000000000001
991,212.4,-98.74114237560542,3.883536171962028,6.800000000000001,6.800000000000001
992,224.20000000000002,-98.74114237560542,3.8106063276551563,6.800000000000001,6.800000000000001
993,236.0,-98.74114237560542,3.9859439571891206,6.800000000000001,6.800000000000001
994,247.8,-98.74114237560542,4.129273081545312,6.800000000000001,6.800000000000001
995,259.6,-98.74114237560542,4.131561511532505,6.800000000000001,6.800000000000001
996,271.40000000000003,-98.74114237560542,4.23814924925402,6.800000000000001,6.800000000000001
997,283.20000000000005,-98.74114237560542,4.222896943349641,6.800000000000001,6.800000000000001
998,295.0,-98.74114237560542,4.250712998784227,6.800000000000001,6.800000000000001
999,306.8,-98.74114237560542,4.407589644796235,6.7485420307487685,6.745826701403484
1000,318.6,-98.74114237560542,4.398085743373268,6.800000000000001,6.800000000000001
1001,330.40000000000003,-98.74114237560542,4.51510089692769,5.313275262844147,5.3064885072563515
1002,-187.9242812416968,-98.4567443663825,3.6320467077881453,6.745267577606051,6.718221267771819
1003,-176.17901366409075,-98.4567443663825,3.5228135774971268,6.745267577606051,6.718221267771819
1004,-164.4337460864847,-98.4567443663825,3.4859212143661606,6.745267577606051,6.718221267771819
1005,-152.68847850887866,-98.4567443663825,3.4091106338859096,6.745267577606051,6.718221267771819
1006,-140.9432109312726,-98.4567443663825,3.4091106338859096,6.745267577606051,6.718221267771819
1007,-129.19794335366655,-98.4567443663825,3.4091106338859096,6.745267577606051,6.718221267771819
1008,-117.4526757760605,-98.4567443663825,3.4091106338859096,6.745267577606051,6.718221267771819
1009,-105.70740819845446,-98.4567443663825,3.4091106338859096,6.745267577606051,6.718221267771819
1010,-93.9621406208484,-98.4567443663825,3.4091106338859096,6.745267577606051,6.718221267771819
1011,-82.21687304324234,-98.4567443663825,3.4091106338859096,6.745267577606051,6.718221267771819
1012,82.21687304324234,-98.4567443663825,3.4091106338859096,6.745267577606051,6.718221267771819
1013,93.9621406208484,-98.4567443663825,3.4091106338859096,6.745267577606051,6.718221267771819
1014,105.70740819845446,-98.4567443663825,3.4091106338859096,6.745267577606051,6.718221267771819
1015,117.4526757760605,-98.4567443663825,3.4091106338859096,6.745267577606051,6.718221267771819
1016,129.19794335366655,-98.4567443663825,3.4091106338859096,6.745267577606051,6.718221267771819
1017,140.9432109312726,-98.4567443663825,3.4091106338859096,6.745267577606051,6.718221267771819
1018,152.68847850887866,-98.4567443663825,3.4091106338859096,6.745267577606051,6.718221267771819
1019,164.4337460864847,-98.4567443663825,3.4618918566840162,6.745267577606051,6.718221267771819
1020,176.17901366409075,-98.4567443663825,3.4995430416365236,6.745267577606051,6.718221267771819
1021,187.9242812416968,-98.4567443663825,3.5258116527723504,6.745267577606051,6.718221267771819
1022,-336.3,-88.52204261094906,4.521234431616191,5.817930338144157,5.811590356588942
1023,-324.5,-88.52204261094906,4.4639547406489175,6.800000000000001,6.800000000000001
1024,-312.70000000000005,-88.52204261094906,4.464378125511484,5.122571131473131,5.115763324584843
1025,-300.90000000000003,-88.52204261094906,4.333055806867805,6.800000000000001,6.800000000000001
1026,-289.1,-88.52204261094906,4.240727018430235,6.800000000000001,6.800000000000001
1027,-277.3,-88.52204261094906,4.177785048991912,6.800000000000001,6.800000000000001
1028,-265.5,-88.52204261094906,4.168012205173948,6.800000000000001,6.800000000000001
1029,-253.70000000000002,-88.52204261094906,4.1365450033871225,6.800000000000001,6.800000000000001
1030,-241.9,-88.52204261094906,4.051268209777749,6.800000000000001,6.800000000000001
1031,-230.10000000000002,-88.52204261094906,3.934450417322865,6.800000000000001,6.800000000000001
1032,-218.3,-88.52204261094906,4.02892642617264,6.800000000000001,6.800000000000001
1033,-206.5,-88.52204261094906,3.7554765877654805,6.800000000000001,6.800000000000001
1034,-194.70000000000002,-88.52204261094906,3.6559172489411567,6.800000000000001,6.800000000000001
1035,194.70000000000002,-88.52204261094906,3.620505563935892,6.800000000000001,6.800000000000001
1036,206.5,-88.52204261094906,3.738023685870029,6.800000000000001,6.800000000000001
1037,218.3,-88.52204261094906,3.7939446021019894,6.800000000000001,6.800000000000001
1038,230.10000000000002,-88.52204261094906,4.050550156018698,6.800000000000001,6.800000000000001
1039,241.9,-88.52204261094906,3.909115588542329,6.800000000000001,6.800000000000001
1040,253.70000000000002,-88.52204261094906,4.091521575309,6.800000000000001,6.800000000000001
1041,265.5,-88.52204261094906,4.194065087713536,6.800000000000001,6.800000000000001
1042,277.3,-88.52204261094906,4.186637970243228,6.800000000000001,6.800000000000001
1043,289.1,-88.52204261094906,4.346456192231669,6.800000000000001,6.800000000000001
1044,300.90000000000003,-88.52204261094906,4.388196859233146,6.711752657742403,6.70709603017699
1045,312.70000000000005,-88.52204261094906,4.455272263652987,5.4811039216484785,5.474111440363682
1046,324.5,-88.52204261094906,4.47053119643561,6.800000000000001,6.800000000000001
1047,336.3,-88.52204261094906,4.420058188744006,6.800000000000001,6.800000000000001
1048,-182.05164745289377,-88.28504426992994,3.6631218918092623,6.745267577606051,6.718221267771819
1049,-170.30637987528772,-88.28504426992994,3.538746780435415,6.745267577606051,6.718221267771819
1050,-158.5611122976817,-88.28504426992994,3.4370860537358268,6.745267577606051,6.718221267771819
1051,-146.81584472007563,-88.28504426992994,3.4091106338859096,6.745267577606051,6.718221267771819
1052,-135.07057714246957,-88.28504426992994,3.4091106338859096,6.745267577606051,6.718221267771819
1053,-123.32530956486353,-88.28504426992994,3.4091106338859096,6.745267577606051,6.718221267771819
1054,-111.58004198725747,-88.28504426992994,3.4091106338859096,6.745267577606051,6.718221267771819
1055,-99.83477440965143,-88.28504426992994,3.4091106338859096,6.745267577606051,6.718221267771819
1056,-88.08950683204537,-88.28504426992994,3.4091106338859096,6.745267577606051,6.718221267771819
1057,88.08950683204537,-88.28504426992994,3.4091106338859096,6.745267577606051,6.718221267771819
1058,99.83477440965143,-88.28504426992994,3.4091106338859096,6.745267577606051,6.718221267771819
1059,111.58004198725747,-88.28504426992994,3.4091106338859096,6.745267577606051,6.718221267771819
1060,123.32530956486353,-88.28504426992994,3.4091106338859096,6.745267577606051,6.718221267771819
1061,135.07057714246957,-88.28504426992994,3.4091106338859096,6.745267577606051,6.718221267771819
1062,146.81584472007563,-88.28504426992994,3.4091106338859096,6.745267577606051,6.718221267771819
1063,158.5611122976817,-88.28504426992994,3.4413860440578947,6.745267577606051,6.718221267771819
1064,170.30637987528772,-88.28504426992994,3.4760175098546604,6.745267577606051,6.718221267771819
1065,182.05164745289377,-88.28504426992994,3.4911222789265475,6.745267577606051,6.718221267771819
1066,-330.40000000000003,-78.30294284629267,4.513796399159573,5.284243714706326,5.277017215014233
1067,-318.6,-78.30294284629267,4.451817286695534,6.700175717125169,6.6949081986318
1068,-306.8,-78.30294284629267,4.342307669905432,6.800000000000001,6.800000000000001
1069,-295.0,-78.30294284629267,4.325146336384483,6.800000000000001,6.800000000000001
1070,-283.20000000000005,-78.30294284629267,4.3161071240322535,6.800000000000001,6.800000000000001
1071,-271.40000000000003,-78.30294284629267,4.196058585511137,6.800000000000001,6.800000000000001
1072,-259.6,-78.30294284629267,4.1132281278097516,6.800000000000001,6.800000000000001
1073,-247.8,-78.30294284629267,4.067114858641762,6.800000000000001,6.800000000000001
1074,-236.0,-78.30294284629267,4.086307020108727,6.800000000000001,6.800000000000001
1075,-224.20000000000002,-78.30294284629267,3.9520181479466743,6.800000000000001,6.800000000000001
1076,-212.4,-78.30294284629267,3.809697779134134,6.800000000000001,6.800000000000001
1077,-200.60000000000002,-78.30294284629267,3.7036211600538724,6.800000000000001,6.800000000000001
1078,200.60000000000002,-78.30294284629267,3.617621353612515,6.800000000000001,6.800000000000001
1079,212.4,-78.30294284629267,3.791486055417141,6.800000000000001,6.800000000000001
1080,224.20000000000002,-78.30294284629267,4.001088625739684,6.800000000000001,6.800000000000001
1081,236.0,-78.30294284629267,3.9975248669883845,6.800000000000001,6.800000000000001
1082,247.8,-78.30294284629267,4.131361772865601,6.800000000000001,6.800000000000001
1083,259.6,-78.30294284629267,4.109434018702045,6.800000000000001,6.800000000000001
1084,271.40000000000003,-78.30294284629267,4.179364505437227,6.800000000000001,6.800000000000001
1085,283.20000000000005,-78.30294284629267,4.218472049660596,6.800000000000001,6.800000000000001
1086,295.0,-78.30294284629267,4.2576111942673,6.800000000000001,6.800000000000001
1087,306.8,-78.30294284629267,4.328648877117687,6.800000000000001,6.800000000000001
1088,318.6,-78.30294284629267,4.477617228627942,5.35406923649926,5.34717831164877
1089,330.40000000000003,-78.30294284629267,4.503931715479535,5.9187001085483715,5.9187001085483715
1090,-187.9242812416968,-78.11334417347739,3.739080551741556,6.745267577606051,6.718221267771819
1091,-176.17901366409075,-78.11334417347739,3.5577336672510818,6.745267577606051,6.718221267771819
1092,-164.4337460864847,-78.11334417347739,3.4270981056746583,6.745267577606051,6.718221267771819
1093,-152.68847850887866,-78.11334417347739,3.5487942513599995,6.745267577606051,6.718221267771819
1094,-140.9432109312726,-78.11334417347739,3.4091106338859096,6.745267577606051,6.718221267771819
1095,-129.19794335366655,-78.11334417347739,3.4091106338859096,6.745267577606051,6.718221267771819
1096,-117.4526757760605,-78.11334417347739,3.4091106338859096,6.745267577606051,6.718221267771819
1097,-105.70740819845446,-78.11334417347739,3.4091106338859096,6.745267577606051,6.718221267771819
1098,-93.9621406208484,-78.11334417347739,3.4143366028390276,6.745267577606051,6.718221267771819
1099,93.9621406208484,-78.11334417347739,3.49780700320858,6.745267577606051,6.718221267771819
1100,105.70740819845446,-78.11334417347739,3.4091106338859096,6.745267577606051,6.718221267771819
1101,117.4526757760605,-78.11334417347739,3.4091106338859096,6.745267577606051,6.718221267771819
1102,129.19794335366655,-78.11334417347739,3.4091106338859096,6.745267577606051,6.718221267771819
1103,140.9432109312726,-78.11334417347739,3.4091106338859096,6.745267577606051,6.718221267771819
1104,152.68847850887866,-78.11334417347739,3.4091106338859096,6.745267577606051,6.718221267771819
1105,164.4337460864847,-78.11334417347739,3.6656210982458353,6.745267577606051,6.718221267771819
1106,176.17901366409075,-78.11334417347739,3.5746806879321724,6.745267577606051,6.718221267771819
1107,187.9242812416968,-78.11334417347739,3.69734535155678,6.745267577606051,6.718221267771819
1108,-336.3,-68.0838430816363,4.541494091736659,5.2257396575363675,5.2257396575363675
1109,-324.5,-68.0838430816363,4.49784602378579,5.400917776284148,5.400917776284148
1110,-312.70000000000005,-68.0838430816363,4.473180522273648,5.069492928178914,5.06258148848144
1111,-300.90000000000003,-68.0838430816363,4.385799171551003,6.7267392759124585,6.722873460823633
1112,-289.1,-68.0838430816363,4.383167971773733,6.67764064403574,6.671183996897221
1113,-277.3,-68.0838430816363,4.299612724338423,6.800000000000001,6.800000000000001
1114,-265.5,-68.0838430816363,4.22315899214083,6.800000000000001,6.800000000000001
1115,-253.70000000000002,-68.0838430816363,4.091586025727968,6.800000000000001,6.800000000000001
1116,-241.9,-68.0838430816363,4.182372816875545,6.800000000000001,6.800000000000001
1117,-230.10000000000002,-68.0838430816363,3.8431893178055847,6.800000000000001,6.800000000000001
1118,-218.3,-68.0838430816363,3.962620458647068,6.800000000000001,6.800000000000001
1119,-206.5,-68.0838430816363,3.683456119481699,6.800000000000001,6.800000000000001
1120,206.5,-68.0838430816363,3.6619561678713595,6.800000000000001,6.800000000000001
1121,218.3,-68.0838430816363,3.8644795030610486,6.800000000000001,6.800000000000001
1122,230.10000000000002,-68.0838430816363,3.970924324431719,6.800000000000001,6.800000000000001
1123,241.9,-68.0838430816363,4.054131929035051,6.800000000000001,6.800000000000001
1124,253.70000000000002,-68.0838430816363,4.2597915295029765,6.71998482928126,6.715762596179525
1125,265.5,-68.0838430816363,4.283105916042599,6.706001820063898,6.70104173282964
1126,277.3,-68.0838430816363,4.242195206508457,6.800000000000001,6.800000000000001
1127,289.1,-68.0838430816363,4.280727025865645,6.800000000000001,6.800000000000001
1128,300.90000000000003,-68.0838430816363,4.397434439481305,6.716525378856369,6.7121205977957095
1129,312.70000000000005,-68.0838430816363,4.416268885658043,6.7633054219947315,6.761369125908422
1130,324.5,-68.0838430816363,4.512010697787897,4.893414522521386,4.886207033661001
1131,336.3,-68.0838430816363,4.546299963273088,5.074185005362832,5.074185005362832
1132,-193.79691503049983,-67.94164407702483,3.771069522334802,6.745267577606051,6.718221267771819
1133,-182.05164745289377,-67.94164407702483,3.767123559681798,6.745267577606051,6.718221267771819
1134,-170.30637987528772,-67.94164407702483,3.6049019093773937,6.745267577606051,6.718221267771819
1135,-158.5611122976817,-67.94164407702483,3.4091106338859096,6.745267577606051,6.718221267771819
1136,-146.81584472007563,-67.94164407702483,3.4091106338859096,6.745267577606051,6.718221267771819
1137,-135.07057714246957,-67.94164407702483,3.4091106338859096,6.745267577606051,6.718221267771819
1138,-123.32530956486353,-67.94164407702483,3.4378623943617943,6.745267577606051,6.718221267771819
1139,-111.58004198725747,-67.94164407702483,3.4091106338859096,6.745267577606051,6.718221267771819
1140,-99.83477440965143,-67.94164407702483,3.4091106338859096,6.745267577606051,6.718221267771819
1141,99.83477440965143,-67.94164407702483,3.4091106338859096,6.745267577606051,6.718221267771819
1142,111.58004198725747,-67.94164407702483,3.4091106338859096,6.745267577606051,6.718221267771819
1143,123.32530956486353,-67.94164407702483,3.4091106338859096,6.745267577606051,6.718221267771819
1144,135.07057714246957,-67.94164407702483,3.4091106338859096,6.745267577606051,6.718221267771819
1145,146.81584472007563,-67.94164407702483,3.4091106338859096,6.745267577606051,6.718221267771819
1146,158.5611122976817,-67.94164407702483,3.4091106338859096,6.745267577606051,6.718221267771819
1147,170.30637987528772,-67.94164407702483,3.470337506357387,6.745267577606051,6.718221267771819
1148,182.05164745289377,-67.94164407702483,3.554147568435848,6.745267577606051,6.718221267771819
1149,193.79691503049983,-67.94164407702483,3.6870932407508876,6.745267577606051,6.718221267771819
1150,-342.20000000000005,-57.864743316979926,4.562177174818638,5.212457532002067,5.209465751231076
1151,-330.40000000000003,-57.864743316979926,4.514390728638084,5.665685319241075,5.665685319241075
1152,-318.6,-57.864743316979926,4.469897610295669,6.022480851707975,6.022480851707975
1153,-306.8,-57.864743316979926,4.456268931966463,5.248910831260325,5.241938460307973
1154,-295.0,-57.864743316979926,4.367270317865904,6.746697568883802,6.743884911146023
1155,-283.20000000000005,-57.864743316979926,4.353149280416624,6.681671480120354,6.6754275317662195
1156,-271.40000000000003,-57.864743316979926,4.314754030162153,6.6965922357015675,6.691135624393045
1157,-259.6,-57.864743316979926,4.234379820790628,6.800000000000001,6.800000000000001
1158,-247.8,-57.864743316979926,4.134792610320362,6.800000000000001,6.800000000000001
1159,-236.0,-57.864743316979926,4.085552627557128,6.800000000000001,6.800000000000001
1160,-224.20000000000002,-57.864743316979926,3.9880149232577407,6.800000000000001,6.800000000000001
1161,-212.4,-57.864743316979926,3.7979171938261134,6.800000000000001,6.800000000000001
1162,-200.60000000000002,-57.864743316979926,3.693585405522293,6.800000000000001,6.800000000000001
1163,200.60000000000002,-57.864743316979926,3.606826777259395,6.800000000000001,6.800000000000001
1164,212.4,-57.864743316979926,3.783246638609647,6.800000000000001,6.800000000000001
1165,224.20000000000002,-57.864743316979926,3.9687914371120248,6.800000000000001,6.800000000000001
1166,236.0,-57.864743316979926,4.160675987889725,6.800000000000001,6.800000000000001
1167,247.8,-57.864743316979926,4.129733798176753,6.800000000000001,6.800000000000001
1168,259.6,-57.864743316979926,4.243991563863486,6.800000000000001,6.800000000000001
1169,271.40000000000003,-57.864743316979926,4.285159979122039,6.800000000000001,6.800000000000001
1170,283.20000000000005,-57.864743316979926,4.325831694841134,6.800000000000001,6.800000000000001
1171,295.0,-57.864743316979926,4.337170385611428,6.800000000000001,6.800000000000001
1172,306.8,-57.864743316979926,4.4193396033181145,6.714082620979516,6.709548940697939
1173,318.6,-57.864743316979926,4.468127026045406,6.113600864929189,6.108366004533799
1174,330.40000000000003,-57.864743316979926,4.500226054635979,6.800000000000001,6.800000000000001
1175,342.20000000000005,-57.864743316979926,4.575330086392022,4.807232895456386,4.799912593301165
1176,-187.9242812416968,-57.76994398057228,3.74310822551371,6.745267577606051,6.718221267771819
1177,-176.17901366409075,-57.76994398057228,3.481416926313898,6.745267577606051,6.718221267771819
1178,-164.4337460864847,-57.76994398057228,3.462328323226176,6.745267577606051,6.718221267771819
1179,-152.68847850887866,-57.76994398057228,3.4091106338859096,6.745267577606051,6.718221267771819
1180,-140.9432109312726,-57.76994398057228,3.4091106338859096,6.745267577606051,6.718221267771819
1181,-129.19794335366655,-57.76994398057228,3.4091106338859096,6.745267577606051,6.718221267771819
1182,-117.4526757760605,-57.76994398057228,3.4091106338859096,6.745267577606051,6.718221267771819
1183,-105.70740819845446,-57.76994398057228,3.4091106338859096,6.745267577606051,6.718221267771819
1184,105.70740819845446,-57.76994398057228,3.4091106338859096,6.745267577606051,6.718221267771819
1185,117.4526757760605,-57.76994398057228,3.4091106338859096,6.745267577606051,6.718221267771819
1186,129.19794335366655,-57.76994398057228,3.4091106338859096,6.745267577606051,6.718221267771819
1187,140.9432109312726,-57.76994398057228,3.4091106338859096,6.745267577606051,6.718221267771819
1188,152.68847850887866,-57.76994398057228,3.4091106338859096,6.745267577606051,6.718221267771819
1189,164.4337460864847,-57.76994398057228,3.5463046048100892,6.745267577606051,6.718221267771819
1190,176.17901366409075,-57.76994398057228,3.56488732668345,6.745267577606051,6.718221267771819
1191,187.9242812416968,-57.76994398057228,3.6055085352075382,6.745267577606051,6.718221267771819
1192,-336.3,-47.64564355232355,4.547688655866508,5.27804519680787,5.27804519680787
1193,-324.5,-47.64564355232355,4.5099687022752715,5.296046663009922,5.296046663009922
1194,-312.70000000000005,-47.64564355232355,4.476044209389876,5.192170433779565,5.192170433779565
1195,-300.90000000000003,-47.64564355232355,4.437821236618768,5.157597693305694,5.150768945305243
1196,-289.1,-47.64564355232355,4.3950470280882525,6.703992618572354,6.698926509980277
1197,-277.3,-47.64564355232355,4.252869072233854,6.800000000000001,6.800000000000001
1198,-265.5,-47.64564355232355,4.236151823324522,6.800000000000001,6.800000000000001
1199,-253.70000000000002,-47.64564355232355,4.218931160728008,6.800000000000001,6.800000000000001
1200,-241.9,-47.64564355232355,4.197160395229911,6.800000000000001,6.800000000000001
1201,-230.10000000000002,-47.64564355232355,4.075734292813901,6.800000000000001,6.800000000000001
1202,-218.3,-47.64564355232355,3.79318881388504,6.800000000000001,6.800000000000001
1203,-206.5,-47.64564355232355,3.8561646429174474,6.800000000000001,6.800000000000001
1204,206.5,-47.64564355232355,3.60069462966518,6.800000000000001,6.800000000000001
1205,218.3,-47.64564355232355,3.977835457126778,6.800000000000001,6.800000000000001
1206,230.10000000000002,-47.64564355232355,3.9328228497569393,6.800000000000001,6.800000000000001
1207,241.9,-47.64564355232355,4.110654707574193,6.800000000000001,6.800000000000001
1208,253.70000000000002,-47.64564355232355,4.241189934159889,6.800000000000001,6.800000000000001
1209,265.5,-47.64564355232355,4.236404763931702,6.800000000000001,6.800000000000001
1210,277.3,-47.64564355232355,4.342662987782918,6.684976170009545,6.6789066032247515
1211,289.1,-47.64564355232355,4.31714132107667,6.800000000000001,6.800000000000001
1212,300.90000000000003,-47.64564355232355,4.437062414797226,5.32622984402354,5.319571797346048
1213,312.70000000000005,-47.64564355232355,4.428744315847128,6.800000000000001,6.800000000000001
1214,324.5,-47.64564355232355,4.5175569204906845,5.002015744207572,4.994963514678197
1215,336.3,-47.64564355232355,4.556035695903463,5.066712341907653,5.066712341907653
1216,-193.79691503049983,-47.598243884119725,3.753156203413776,6.745267577606051,6.718221267771819
1217,-182.05164745289377,-47.598243884119725,3.523411921887409,6.745267577606051,6.718221267771819
1218,-170.30637987528772,-47.598243884119725,3.608333266249968,6.745267577606051,6.718221267771819
1219,-158.5611122976817,-47.598243884119725,3.4091106338859096,6.745267577606051,6.718221267771819
1220,-146.81584472007563,-47.598243884119725,3.4091106338859096,6.745267577606051,6.718221267771819
1221,-135.07057714246957,-47.598243884119725,3.4091106338859096,6.745267577606051,6.718221267771819
1222,-123.32530956486353,-47.598243884119725,3.4091106338859096,6.745267577606051,6.718221267771819
1223,-111.58004198725747,-47.598243884119725,3.4091106338859096,6.745267577606051,6.718221267771819
1224,-99.83477440965143,-47.598243884119725,3.4091106338859096,6.745267577606051,6.718221267771819
1225,99.83477440965143,-47.598243884119725,3.4091106338859096,6.745267577606051,6.718221267771819
1226,111.58004198725747,-47.598243884119725,3.4091106338859096,6.745267577606051,6.718221267771819
1227,123.32530956486353,-47.598243884119725,3.4091106338859096,6.745267577606051,6.718221267771819
1228,135.07057714246957,-47.598243884119725,3.4091106338859096,6.745267577606051,6.718221267771819
1229,146.81584472007563,-47.598243884119725,3.4091106338859096,6.745267577606051,6.718221267771819
1230,158.5611122976817,-47.598243884119725,3.479023089706642,6.745267577606051,6.718221267771819
1231,170.30637987528772,-47.598243884119725,3.547880461133837,6.745267577606051,6.718221267771819
1232,182.05164745289377,-47.598243884119725,3.619023471401624,6.745267577606051,6.718221267771819
1233,193.79691503049983,-47.598243884119725,3.823220751602765,6.745267577606051,6.718221267771819
1234,-342.20000000000005,-37.42654378766717,4.579224222527676,5.12780481606398,5.12780481606398
1235,-330.40000000000003,-37.42654378766717,4.544774574321435,5.059284211970233,5.059284211970233
1236,-318.6,-37.42654378766717,4.500460242435157,5.179590479604719,5.172479350998579
1237,-306.8,-37.42654378766717,4.439704771082148,6.6894781541436945,6.683646147639833
1238,-295.0,-37.42654378766717,4.395137498588689,6.698357103250908,6.692993620309419
1239,-283.20000000000005,-37.42654378766717,4.345005532737261,6.744955764921689,6.742051195834105
1240,-271.40000000000003,-37.42654378766717,4.231385474483535,6.800000000000001,6.800000000000001
1241,-259.6,-37.42654378766717,4.263206265358575,6.800000000000001,6.800000000000001
1242,-247.8,-37.42654378766717,4.103298075990825,6.800000000000001,6.800000000000001
1243,-236.0,-37.42654378766717,4.039507317351651,6.800000000000001,6.800000000000001
1244,-224.20000000000002,-37.42654378766717,4.018969402540336,6.800000000000001,6.800000000000001
1245,-212.4,-37.42654378766717,3.8937140763563094,6.800000000000001,6.800000000000001
1246,-200.60000000000002,-37.42654378766717,3.643253149617953,6.800000000000001,6.800000000000001
1247,-187.9242812416968,-37.42654378766717,3.6993566989219406,6.745267577606051,6.718221267771819
1248,-176.17901366409075,-37.42654378766717,3.497887177278124,6.745267577606051,6.718221267771819
1249,-164.4337460864847,-37.42654378766717,3.465129040623676,6.745267577606051,6.718221267771819
1250,-152.68847850887866,-37.42654378766717,3.4091106338859096,6.745267577606051,6.718221267771819
1251,-140.9432109312726,-37.42654378766717,3.4091106338859096,6.745267577606051,6.718221267771819
1252,-129.19794335366655,-37.42654378766717,3.4091106338859096,6.745267577606051,6.718221267771819
1253,-117.4526757760605,-37.42654378766717,3.4091106338859096,6.745267577606051,6.718221267771819
1254,-105.70740819845446,-37.42654378766717,3.4091106338859096,6.745267577606051,6.718221267771819
1255,105.70740819845446,-37.42654378766717,3.4091106338859096,6.745267577606051,6.718221267771819
1256,117.4526757760605,-37.42654378766717,3.4091106338859096,6.745267577606051,6.718221267771819
1257,129.19794335366655,-37.42654378766717,3.4091106338859096,6.745267577606051,6.718221267771819
1258,140.9432109312726,-37.42654378766717,3.4091106338859096,6.745267577606051,6.718221267771819
1259,152.68847850887866,-37.42654378766717,3.4091106338859096,6.745267577606051,6.718221267771819
1260,164.4337460864847,-37.42654378766717,3.4091106338859096,6.745267577606051,6.718221267771819
1261,176.17901366409075,-37.42654378766717,3.560363507251698,6.745267577606051,6.718221267771819
1262,187.9242812416968,-37.42654378766717,3.6424450623063365,6.745267577606051,6.718221267771819
1263,200.60000000000002,-37.42654378766717,3.5466298376750167,6.800000000000001,6.800000000000001
1264,212.4,-37.42654378766717,3.736132078082881,6.800000000000001,6.800000000000001
1265,224.20000000000002,-37.42654378766717,3.881369712234164,6.800000000000001,6.800000000000001
1266,236.0,-37.42654378766717,3.954266332731835,6.800000000000001,6.800000000000001
1267,247.8,-37.42654378766717,4.153380316212557,6.800000000000001,6.800000000000001
1268,259.6,-37.42654378766717,4.1643064879510145,6.800000000000001,6.800000000000001
1269,271.40000000000003,-37.42654378766717,4.306002953601771,6.800000000000001,6.800000000000001
1270,283.20000000000005,-37.42654378766717,4.379152514706623,5.632307546682232,5.627611141276192
1271,295.0,-37.42654378766717,4.365543447548575,6.800000000000001,6.800000000000001
1272,306.8,-37.42654378766717,4.408593076398951,6.800000000000001,6.800000000000001
1273,318.6,-37.42654378766717,4.439754496711846,6.800000000000001,6.800000000000001
1274,330.40000000000003,-37.42654378766717,4.533898128212676,5.231743409637604,5.22489382923315
1275,342.20000000000005,-37.42654378766717,4.562277201846586,5.781237749508382,5.781237749508382
1276,-193.79691503049983,-27.254843691214617,3.6170279111052412,6.745267577606051,6.718221267771819
1277,-182.05164745289377,-27.254843691214617,3.5759773225354996,6.745267577606051,6.718221267771819
1278,-170.30637987528772,-27.254843691214617,3.4600638247967708,6.745267577606051,6.718221267771819
1279,-158.5611122976817,-27.254843691214617,3.516917935138266,6.745267577606051,6.718221267771819
1280,-146.81584472007563,-27.254843691214617,3.4091106338859096,6.745267577606051,6.718221267771819
1281,-135.07057714246957,-27.254843691214617,3.4091106338859096,6.745267577606051,6.718221267771819
1282,-123.32530956486353,-27.254843691214617,3.4091106338859096,6.745267577606051,6.718221267771819
1283,-111.58004198725747,-27.254843691214617,3.4538549342824707,6.745267577606051,6.718221267771819
1284,-99.83477440965143,-27.254843691214617,3.4111512419533483,6.745267577606051,6.718221267771819
1285,99.83477440965143,-27.254843691214617,3.4091106338859096,6.745267577606051,6.718221267771819
1286,111.58004198725747,-27.254843691214617,3.4091106338859096,6.745267577606051,6.718221267771819
1287,123.32530956486353,-27.254843691214617,3.4091106338859096,6.745267577606051,6.718221267771819
1288,135.07057714246957,-27.254843691214617,3.4091106338859096,6.745267577606051,6.718221267771819
1289,146.81584472007563,-27.254843691214617,3.4091106338859096,6.745267577606051,6.718221267771819
1290,158.5611122976817,-27.254843691214617,3.4091106338859096,6.745267577606051,6.718221267771819
1291,170.30637987528772,-27.254843691214617,3.4479226756521086,6.745267577606051,6.718221267771819
1292,182.05164745289377,-27.254843691214617,3.611894888755125,6.745267577606051,6.718221267771819
1293,193.79691503049983,-27.254843691214617,3.7192159164061485,6.745267577606051,6.718221267771819
1294,-348.1,-27.207444023010794,4.610717536588687,4.877591870961744,4.87030884324541
1295,-336.3,-27.207444023010794,4.513049444823314,6.800000000000001,6.800000000000001
1296,-324.5,-27.207444023010794,4.500623551950123,6.686939429913588,6.680973460245188
1297,-312.70000000000005,-27.207444023010794,4.459363781456494,6.800000000000001,6.800000000000001
1298,-300.90000000000003,-27.207444023010794,4.440870176045463,5.492670998254318,5.486950059610571
1299,-289.1,-27.207444023010794,4.382160709262578,6.800000000000001,6.800000000000001
1300,-277.3,-27.207444023010794,4.260218001982617,6.800000000000001,6.800000000000001
1301,-265.5,-27.207444023010794,4.266771288933889,6.800000000000001,6.800000000000001
1302,-253.70000000000002,-27.207444023010794,4.185050771506356,6.800000000000001,6.800000000000001
1303,-241.9,-27.207444023010794,4.171121164830852,6.800000000000001,6.800000000000001
1304,-230.10000000000002,-27.207444023010794,3.914877718787657,6.800000000000001,6.800000000000001
1305,-218.3,-27.207444023010794,3.9315609781532834,6.800000000000001,6.800000000000001
1306,-206.5,-27.207444023010794,3.7845961032259057,6.800000000000001,6.800000000000001
1307,206.5,-27.207444023010794,3.66647283967263,6.800000000000001,6.800000000000001
1308,218.3,-27.207444023010794,3.964949138301104,6.800000000000001,6.800000000000001
1309,230.10000000000002,-27.207444023010794,3.937389432826718,6.800000000000001,6.800000000000001
1310,241.9,-27.207444023010794,4.00013331437686,6.800000000000001,6.800000000000001
1311,253.70000000000002,-27.207444023010794,4.139521462213873,6.800000000000001,6.800000000000001
1312,265.5,-27.207444023010794,4.244259574894826,6.800000000000001,6.800000000000001
1313,277.3,-27.207444023010794,4.341917818101907,6.800000000000001,6.800000000000001
1314,289.1,-27.207444023010794,4.307543230144342,6.800000000000001,6.800000000000001
1315,300.90000000000003,-27.207444023010794,4.40596437225456,6.800000000000001,6.800000000000001
1316,312.70000000000005,-27.207444023010794,4.406246253948597,6.800000000000001,6.800000000000001
1317,324.5,-27.207444023010794,4.486711818555198,6.800000000000001,6.800000000000001
1318,336.3,-27.207444023010794,4.517855316359743,6.800000000000001,6.800000000000001
1319,348.1,-27.207444023010794,4.587447000728085,5.772491014089548,5.765768088832927
1320,-187.9242812416968,-17.083143594762063,3.6188218960972107,6.745267577606051,6.718221267771819
1321,-176.17901366409075,-17.083143594762063,3.5878124306459807,6.745267577606051,6.718221267771819
1322,-164.4337460864847,-17.083143594762063,3.4106359480704693,6.745267577606051,6.718221267771819
1323,-152.68847850887866,-17.083143594762063,3.414099129609001,6.745267577606051,6.718221267771819
1324,-140.9432109312726,-17.083143594762063,3.4091106338859096,6.745267577606051,6.718221267771819
1325,-129.19794335366655,-17.083143594762063,3.4091106338859096,6.745267577606051,6.718221267771819
1326,-117.4526757760605,-17.083143594762063,3.4091106338859096,6.745267577606051,6.718221267771819
1327,-105.70740819845446,-17.083143594762063,3.4091106338859096,6.745267577606051,6.718221267771819
1328,105.70740819845446,-17.083143594762063,3.4091106338859096,6.745267577606051,6.718221267771819
1329,117.4526757760605,-17.083143594762063,3.4091106338859096,6.745267577606051,6.718221267771819
1330,129.19794335366655,-17.083143594762063,3.4091106338859096,6.745267577606051,6.718221267771819
1331,140.9432109312726,-17.083143594762063,3.4091106338859096,6.745267577606051,6.718221267771819
1332,152.68847850887866,-17.083143594762063,3.4091106338859096,6.745267577606051,6.718221267771819
1333,164.4337460864847,-17.083143594762063,3.471847575008142,6.745267577606051,6.718221267771819
1334,176.17901366409075,-17.083143594762063,3.544559586818121,6.745267577606051,6.718221267771819
1335,187.9242812416968,-17.083143594762063,3.600863112987398,6.745267577606051,6.718221267771819
1336,-342.20000000000005,-16.98834425835442,4.562963300921239,6.6889624823534115,6.683103264928382
1337,-330.40000000000003,-16.98834425835442,4.528076825706889,6.678958942264776,6.672571858964847
1338,-318.6,-16.98834425835442,4.4813072418998505,6.699563277700601,6.694263442060521
1339,-306.8,-16.98834425835442,4.425943363385867,6.800000000000001,6.800000000000001
1340,-295.0,-16.98834425835442,4.3561682354310225,6.800000000000001,6.800000000000001
1341,-283.20000000000005,-16.98834425835442,4.2398591926808376,6.800000000000001,6.800000000000001
1342,-271.40000000000003,-16.98834425835442,4.09447006558903,6.800000000000001,6.800000000000001
1343,-259.6,-16.98834425835442,4.20228366795977,6.800000000000001,6.800000000000001
1344,-247.8,-16.98834425835442,4.170484540213868,6.800000000000001,6.800000000000001
1345,-236.0,-16.98834425835442,3.9983154223609274,6.800000000000001,6.800000000000001
1346,-224.20000000000002,-16.98834425835442,3.8775071822009375,6.800000000000001,6.800000000000001
1347,-212.4,-16.98834425835442,3.8285503115760093,6.800000000000001,6.800000000000001
1348,-200.60000000000002,-16.98834425835442,3.549183623103309,6.800000000000001,6.800000000000001
1349,200.60000000000002,-16.98834425835442,3.5289483745288717,6.800000000000001,6.800000000000001
1350,212.4,-16.98834425835442,3.931750079305638,6.800000000000001,6.800000000000001
1351,224.20000000000002,-16.98834425835442,3.9015365398830815,6.800000000000001,6.800000000000001
1352,236.0,-16.98834425835442,4.012480096363033,6.800000000000001,6.800000000000001
1353,247.8,-16.98834425835442,4.023526047442019,6.800000000000001,6.800000000000001
1354,259.6,-16.98834425835442,4.243260046323004,6.800000000000001,6.800000000000001
1355,271.40000000000003,-16.98834425835442,4.297834313762122,6.800000000000001,6.800000000000001
1356,283.20000000000005,-16.98834425835442,4.281847333472793,6.800000000000001,6.800000000000001
1357,295.0,-16.98834425835442,4.368056443968504,6.800000000000001,6.800000000000001
1358,306.8,-16.98834425835442,4.395337549917031,6.800000000000001,6.800000000000001
1359,318.6,-16.98834425835442,4.45449553753872,6.800000000000001,6.800000000000001
1360,330.40000000000003,-16.98834425835442,4.4898827940226385,6.800000000000001,6.800000000000001
1361,342.20000000000005,-16.98834425835442,4.585727955567481,5.602959401082855,5.59594690740349
1362,-193.79691503049983,-6.911443498309509,3.650278115773383,6.745267577606051,6.718221267771819
1363,-182.05164745289377,-6.911443498309509,3.461938450485822,6.745267577606051,6.718221267771819
1364,-170.30637987528772,-6.911443498309509,3.4363047280588677,6.745267577606051,6.718221267771819
1365,-158.5611122976817,-6.911443498309509,3.5000381769296354,6.745267577606051,6.718221267771819
1366,-146.81584472007563,-6.911443498309509,3.4091106338859096,6.745267577606051,6.718221267771819
1367,-135.07057714246957,-6.911443498309509,3.4091106338859096,6.745267577606051,6.718221267771819
1368,-123.32530956486353,-6.911443498309509,3.4091106338859096,6.745267577606051,6.718221267771819
1369,-111.58004198725747,-6.911443498309509,3.4091106338859096,6.745267577606051,6.718221267771819
1370,-99.83477440965143,-6.911443498309509,3.4091106338859096,6.745267577606051,6.718221267771819
1371,99.83477440965143,-6.911443498309509,3.4091106338859096,6.745267577606051,6.718221267771819
1372,111.58004198725747,-6.911443498309509,3.4091106338859096,6.745267577606051,6.718221267771819
1373,123.32530956486353,-6.911443498309509,3.4091106338859096,6.745267577606051,6.718221267771819
1374,135.07057714246957,-6.911443498309509,3.4091106338859096,6.745267577606051,6.718221267771819
1375,146.81584472007563,-6.911443498309509,3.4091106338859096,6.745267577606051,6.718221267771819
1376,158.5611122976817,-6.911443498309509,3.4330089160268122,6.745267577606051,6.718221267771819
1377,170.30637987528772,-6.911443498309509,3.4094930236977383,6.745267577606051,6.718221267771819
1378,182.05164745289377,-6.911443498309509,3.5251736022809377,6.745267577606051,6.718221267771819
1379,193.79691503049983,-6.911443498309509,3.6553369279169923,6.745267577606051,6.718221267771819
1380,-348.1,-6.7692444936980465,4.589746855398605,6.684015576749288,6.677895321468497
1381,-336.3,-6.7692444936980465,4.5703702773768216,6.702052529235729,6.69688404618961
1382,-324.5,-6.7692444936980465,4.425293025946587,6.800000000000001,6.800000000000001
1383,-312.70000000000005,-6.7692444936980465,4.3624334927501955,6.800000000000001,6.800000000000001
1384,-300.90000000000003,-6.7692444936980465,4.196893494408787,6.800000000000001,6.800000000000001
1385,-289.1,-6.7692444936980465,4.374103066336826,6.800000000000001,6.800000000000001
1386,-277.3,-6.7692444936980465,4.253112609038807,6.800000000000001,6.800000000000001
1387,-265.5,-6.7692444936980465,4.001623976672334,6.800000000000001,6.800000000000001
1388,-253.70000000000002,-6.7692444936980465,4.135891588406139,6.800000000000001,6.800000000000001
1389,-241.9,-6.7692444936980465,3.9626083856573127,6.800000000000001,6.800000000000001
1390,-230.10000000000002,-6.7692444936980465,3.8725713846601084,6.800000000000001,6.800000000000001
1391,-218.3,-6.7692444936980465,3.7893970991500403,6.800000000000001,6.800000000000001
1392,-206.5,-6.7692444936980465,3.6071090125347887,6.800000000000001,6.800000000000001
1393,206.5,-6.7692444936980465,3.7543204459138186,6.800000000000001,6.800000000000001
1394,218.3,-6.7692444936980465,3.7410854431785716,6.800000000000001,6.800000000000001
1395,230.10000000000002,-6.7692444936980465,3.951994735314774,6.800000000000001,6.800000000000001
1396,241.9,-6.7692444936980465,4.121960968181004,6.800000000000001,6.800000000000001
1397,253.70000000000002,-6.7692444936980465,4.018780087281584,6.800000000000001,6.800000000000001
1398,265.5,-6.7692444936980465,4.136694260906701,6.800000000000001,6.800000000000001
1399,277.3,-6.7692444936980465,4.1413128606650425,6.800000000000001,6.800000000000001
1400,289.1,-6.7692444936980465,4.230432801458324,6.800000000000001,6.800000000000001
1401,300.90000000000003,-6.7692444936980465,4.437187071230227,6.800000000000001,6.800000000000001
1402,312.70000000000005,-6.7692444936980465,4.35408645271324,6.800000000000001,6.800000000000001
1403,324.5,-6.7692444936980465,4.4940928710996735,6.800000000000001,6.800000000000001
1404,336.3,-6.7692444936980465,4.5253468492987,6.800000000000001,6.800000000000001
1405,348.1,-6.7692444936980465,4.595564489363755,6.6937597630420616,6.688153688079144
1406,-187.9242812416968,3.2602565981430445,3.510237260268634,6.745267577606051,6.718221267771819
1407,-176.17901366409075,3.2602565981430445,3.455613619975571,6.745267577606051,6.718221267771819
1408,-164.4337460864847,3.2602565981430445,3.4091106338859096,6.745267577606051,6.718221267771819
1409,-152.68847850887866,3.2602565981430445,3.4091106338859096,6.745267577606051,6.718221267771819
1410,-140.9432109312726,3.2602565981430445,3.4091106338859096,6.745267577606051,6.718221267771819
1411,-129.19794335366655,3.2602565981430445,3.4091106338859096,6.745267577606051,6.718221267771819
1412,-117.4526757760605,3.2602565981430445,3.4091106338859096,6.745267577606051,6.718221267771819
1413,-105.70740819845446,3.2602565981430445,3.4091106338859096,6.745267577606051,6.718221267771819
1414,-93.9621406208484,3.2602565981430445,3.4091106338859096,6.745267577606051,6.718221267771819
1415,93.9621406208484,3.2602565981430445,3.4091106338859096,6.745267577606051,6.718221267771819
1416,105.70740819845446,3.2602565981430445,3.4091106338859096,6.745267577606051,6.718221267771819
1417,117.4526757760605,3.2602565981430445,3.4091106338859096,6.745267577606051,6.718221267771819
1418,129.19794335366655,3.2602565981430445,3.4091106338859096,6.745267577606051,6.718221267771819
1419,140.9432109312726,3.2602565981430445,3.4091106338859096,6.745267577606051,6.718221267771819
1420,152.68847850887866,3.2602565981430445,3.4091106338859096,6.745267577606051,6.718221267771819
1421,164.4337460864847,3.2602565981430445,3.4091106338859096,6.745267577606051,6.718221267771819
1422,176.17901366409075,3.2602565981430445,3.50974290991219,6.745267577606051,6.718221267771819
1423,187.9242812416968,3.2602565981430445,3.613689968605444,6.745267577606051,6.718221267771819
1424,-342.20000000000005,3.4498552709583308,4.5589031536448505,6.760159536162027,6.758057238264088
1425,-330.40000000000003,3.4498552709583308,4.535350959332032,6.702691923694544,6.697557180155881
1426,-318.6,3.4498552709583308,4.495377679692693,6.800000000000001,6.800000000000001
1427,-306.8,3.4498552709583308,4.228539005236343,6.800000000000001,6.800000000000001
1428,-295.0,3.4498552709583308,4.311289211551678,6.800000000000001,6.800000000000001
1429,-283.20000000000005,3.4498552709583308,4.169456180429705,6.800000000000001,6.800000000000001
1430,-271.40000000000003,3.4498552709583308,4.249230721581155,6.800000000000001,6.800000000000001
1431,-259.6,3.4498552709583308,4.007047681356077,6.800000000000001,6.800000000000001
1432,-247.8,3.4498552709583308,3.930328598719251,6.800000000000001,6.800000000000001
1433,-236.0,3.4498552709583308,3.7709446915168088,6.800000000000001,6.800000000000001
1434,-224.20000000000002,3.4498552709583308,3.82964950263345,6.800000000000001,6.800000000000001
1435,-212.4,3.4498552709583308,3.7806642178705,6.800000000000001,6.800000000000001
1436,-200.60000000000002,3.4498552709583308,3.500817401657261,6.800000000000001,6.800000000000001
1437,200.60000000000002,3.4498552709583308,3.5928877826709495,6.800000000000001,6.800000000000001
1438,212.4,3.4498552709583308,3.7298231558272277,6.800000000000001,6.800000000000001
1439,224.20000000000002,3.4498552709583308,3.7899378273061175,6.800000000000001,6.800000000000001
1440,236.0,3.4498552709583308,3.962926612366781,6.800000000000001,6.800000000000001
1441,247.8,3.4498552709583308,3.9986225626579763,6.800000000000001,6.800000000000001
1442,259.6,3.4498552709583308,4.207882523457364,6.800000000000001,6.800000000000001
1443,271.40000000000003,3.4498552709583308,4.17056619274803,6.800000000000001,6.800000000000001
1444,283.20000000000005,3.4498552709583308,4.225608995223767,6.800000000000001,6.800000000000001
1445,295.0,3.4498552709583308,4.314830380052204,6.800000000000001,6.800000000000001
1446,306.8,3.4498552709583308,4.400285677511878,6.800000000000001,6.800000000000001
1447,318.6,3.4498552709583308,4.404824942322087,6.800000000000001,6.800000000000001
1448,330.40000000000003,3.4498552709583308,4.347163147589768,6.800000000000001,6.800000000000001
1449,342.20000000000005,3.4498552709583308,4.58596779861316,6.800000000000001,6.800000000000001
1450,-182.05164745289377,13.431956694595598,3.449914672336083,6.745267577606051,6.718221267771819
1451,-170.30637987528772,13.431956694595598,3.4173570013687438,6.745267577606051,6.718221267771819
1452,-158.5611122976817,13.431956694595598,3.4091106338859096,6.745267577606051,6.718221267771819
1453,-146.81584472007563,13.431956694595598,3.4091106338859096,6.745267577606051,6.718221267771819
1454,-135.07057714246957,13.431956694595598,3.4091106338859096,6.745267577606051,6.718221267771819
1455,-123.32530956486353,13.431956694595598,3.4091106338859096,6.745267577606051,6.718221267771819
1456,-111.58004198725747,13.431956694595598,3.4091106338859096,6.745267577606051,6.718221267771819
1457,-99.83477440965143,13.431956694595598,3.4091106338859096,6.745267577606051,6.718221267771819
1458,-88.08950683204537,13.431956694595598,3.4091106338859096,6.745267577606051,6.718221267771819
1459,88.08950683204537,13.431956694595598,3.4091106338859096,6.745267577606051,6.718221267771819
1460,99.83477440965143,13.431956694595598,3.4091106338859096,6.745267577606051,6.718221267771819
1461,111.58004198725747,13.431956694595598,3.4091106338859096,6.745267577606051,6.718221267771819
1462,123.32530956486353,13.431956694595598,3.4091106338859096,6.745267577606051,6.718221267771819
1463,135.07057714246957,13.431956694595598,3.4091106338859096,6.745267577606051,6.718221267771819
1464,146.81584472007563,13.431956694595598,3.4091106338859096,6.745267577606051,6.718221267771819
1465,158.5611122976817,13.431956694595598,3.4201607454346865,6.745267577606051,6.718221267771819
1466,170.30637987528772,13.431956694595598,3.4651627761258514,6.745267577606051,6.718221267771819
1467,182.05164745289377,13.431956694595598,3.4552264250868725,6.745267577606051,6.718221267771819
1468,-348.1,13.668955035614708,4.5095632137954675,6.800000000000001,6.800000000000001
1469,-336.3,13.668955035614708,4.4998027407085015,6.800000000000001,6.800000000000001
1470,-324.5,13.668955035614708,4.383082007053819,6.800000000000001,6.800000000000001
1471,-312.70000000000005,13.668955035614708,4.46824049532184,6.800000000000001,6.800000000000001
1472,-300.90000000000003,13.668955035614708,4.204124357908419,6.800000000000001,6.800000000000001
1473,-289.1,13.668955035614708,4.340453878361988,6.800000000000001,6.800000000000001
1474,-277.3,13.668955035614708,4.077688829251097,6.800000000000001,6.800000000000001
1475,-265.5,13.668955035614708,4.245480291673819,6.800000000000001,6.800000000000001
1476,-253.70000000000002,13.668955035614708,3.8983432121257753,6.800000000000001,6.800000000000001
1477,-241.9,13.668955035614708,3.81736640883847,6.800000000000001,6.800000000000001
1478,-230.10000000000002,13.668955035614708,3.8399188909400213,6.800000000000001,6.800000000000001
1479,-218.3,13.668955035614708,3.6680484404287683,6.800000000000001,6.800000000000001
1480,-206.5,13.668955035614708,3.7186155198197826,6.800000000000001,6.800000000000001
1481,-194.70000000000002,13.668955035614708,3.5206622848022584,6.800000000000001,6.800000000000001
1482,194.70000000000002,13.668955035614708,3.600338576064104,6.800000000000001,6.800000000000001
1483,206.5,13.668955035614708,3.6149098708757927,6.800000000000001,6.800000000000001
1484,218.3,13.668955035614708,3.715601274578695,6.800000000000001,6.800000000000001
1485,230.10000000000002,13.668955035614708,3.8816540911247976,6.800000000000001,6.800000000000001
1486,241.9,13.668955035614708,3.9633131391815972,6.800000000000001,6.800000000000001
1487,253.70000000000002,13.668955035614708,3.9337548971310405,6.800000000000001,6.800000000000001
1488,265.5,13.668955035614708,4.001139665137492,6.800000000000001,6.800000000000001
1489,277.3,13.668955035614708,4.092865265681925,6.800000000000001,6.800000000000001
1490,289.1,13.668955035614708,4.3247715607167985,6.800000000000001,6.800000000000001
1491,300.90000000000003,13.668955035614708,4.361959296789028,6.800000000000001,6.800000000000001
1492,312.70000000000005,13.668955035614708,4.45154641524793,6.800000000000001,6.800000000000001
1493,324.5,13.668955035614708,4.4473289212776566,6.800000000000001,6.800000000000001
1494,336.3,13.668955035614708,4.362708931616691,6.800000000000001,6.800000000000001
1495,348.1,13.668955035614708,4.524233769011935,6.800000000000001,6.800000000000001
1496,-187.9242812416968,23.603656791048152,3.474693116856402,6.745267577606051,6.718221267771819
1497,-176.17901366409075,23.603656791048152,3.4742244476529827,6.745267577606051,6.718221267771819
1498,-164.4337460864847,23.603656791048152,3.4745143537775447,6.745267577606051,6.718221267771819
1499,-152.68847850887866,23.603656791048152,3.4106080731435395,6.745267577606051,6.718221267771819
1500,-140.9432109312726,23.603656791048152,3.4091106338859096,6.745267577606051,6.718221267771819
1501,-129.19794335366655,23.603656791048152,3.4091106338859096,6.745267577606051,6.718221267771819
1502,-117.4526757760605,23.603656791048152,3.4091106338859096,6.745267577606051,6.718221267771819
1503,-105.70740819845446,23.603656791048152,3.4091106338859096,6.745267577606051,6.718221267771819
1504,-93.9621406208484,23.603656791048152,3.4091106338859096,6.745267577606051,6.718221267771819
1505,-82.21687304324234,23.603656791048152,3.4091106338859096,6.745267577606051,6.718221267771819
1506,82.21687304324234,23.603656791048152,3.4091106338859096,6.745267577606051,6.718221267771819
1507,93.9621406208484,23.603656791048152,3.4091106338859096,6.745267577606051,6.718221267771819
1508,105.70740819845446,23.603656791048152,3.4091106338859096,6.745267577606051,6.718221267771819
1509,117.4526757760605,23.603656791048152,3.4091106338859096,6.745267577606051,6.718221267771819
1510,129.19794335366655,23.603656791048152,3.4091106338859096,6.745267577606051,6.718221267771819
1511,140.9432109312726,23.603656791048152,3.4091106338859096,6.745267577606051,6.718221267771819
1512,152.68847850887866,23.603656791048152,3.4091106338859096,6.745267577606051,6.718221267771819
1513,164.4337460864847,23.603656791048152,3.4608555609897995,6.745267577606051,6.718221267771819
1514,176.17901366409075,23.603656791048152,3.515453766623398,6.745267577606051,6.718221267771819
1515,187.9242812416968,23.603656791048152,3.4413049567085814,6.745267577606051,6.718221267771819
1516,-342.20000000000005,23.888054800271078,4.531065594000694,6.800000000000001,6.800000000000001
1517,-330.40000000000003,23.888054800271078,4.403636002004285,6.800000000000001,6.800000000000001
1518,-318.6,23.888054800271078,4.074403679025454,6.800000000000001,6.800000000000001
1519,-306.8,23.888054800271078,4.31231294873238,6.800000000000001,6.800000000000001
1520,-295.0,23.888054800271078,4.142789272361348,6.800000000000001,6.800000000000001
1521,-283.20000000000005,23.888054800271078,4.227025905907707,6.800000000000001,6.800000000000001
1522,-271.40000000000003,23.888054800271078,4.016655190207112,6.800000000000001,6.800000000000001
1523,-259.6,23.888054800271078,4.076249431403162,6.800000000000001,6.800000000000001
1524,-247.8,23.888054800271078,3.8716085156716002,6.800000000000001,6.800000000000001
1525,-236.0,23.888054800271078,3.7669793042140185,6.800000000000001,6.800000000000001
1526,-224.20000000000002,23.888054800271078,3.7168472752343833,6.800000000000001,6.800000000000001
1527,-212.4,23.888054800271078,3.6999832039921916,6.800000000000001,6.800000000000001
1528,-200.60000000000002,23.888054800271078,3.512791468291845,6.800000000000001,6.800000000000001
1529,200.60000000000002,23.888054800271078,3.6503911585980164,6.800000000000001,6.800000000000001
1530,212.4,23.888054800271078,3.684047945739822,6.800000000000001,6.800000000000001
1531,224.20000000000002,23.888054800271078,3.817517636892208,6.800000000000001,6.800000000000001
1532,236.0,23.888054800271078,3.8094733262203366,6.800000000000001,6.800000000000001
1533,247.8,23.888054800271078,3.812673354198552,6.800000000000001,6.800000000000001
1534,259.6,23.888054800271078,4.16224923784452,6.800000000000001,6.800000000000001
1535,271.40000000000003,23.888054800271078,4.007043447134254,6.800000000000001,6.800000000000001
1536,283.20000000000005,23.888054800271078,3.987238210300629,6.800000000000001,6.800000000000001
1537,295.0,23.888054800271078,4.339071183533387,6.800000000000001,6.800000000000001
1538,306.8,23.888054800271078,4.311807067518019,6.800000000000001,6.800000000000001
1539,318.6,23.888054800271078,4.447491074616637,6.800000000000001,6.800000000000001
1540,330.40000000000003,23.888054800271078,4.360383158176426,6.800000000000001,6.800000000000001
1541,342.20000000000005,23.888054800271078,4.542447921323815,6.800000000000001,6.800000000000001
1542,-182.05164745289377,33.775356887500706,3.4999775965361857,6.745267577606051,6.718221267771819
1543,-170.30637987528772,33.775356887500706,3.4681694743744416,6.745267577606051,6.718221267771819
1544,-158.5611122976817,33.775356887500706,3.4642862691026375,6.745267577606051,6.718221267771819
1545,-146.81584472007563,33.775356887500706,3.4091106338859096,6.745267577606051,6.718221267771819
1546,-135.07057714246957,33.775356887500706,3.4091106338859096,6.745267577606051,6.718221267771819
1547,-123.32530956486353,33.775356887500706,3.4091106338859096,6.745267577606051,6.718221267771819
1548,-111.58004198725747,33.775356887500706,3.4091106338859096,6.745267577606051,6.718221267771819
1549,-99.83477440965143,33.775356887500706,3.4091106338859096,6.745267577606051,6.718221267771819
1550,-88.08950683204537,33.775356887500706,3.4091106338859096,6.745267577606051,6.718221267771819
1551,-76.34423925443933,33.775356887500706,3.4091106338859096,6.745267577606051,6.718221267771819
1552,76.34423925443933,33.775356887500706,3.4091106338859096,6.745267577606051,6.718221267771819
1553,88.08950683204537,33.775356887500706,3.4091106338859096,6.745267577606051,6.718221267771819
1554,99.83477440965143,33.775356887500706,3.4091106338859096,6.745267577606051,6.718221267771819
1555,111.58004198725747,33.775356887500706,3.4091106338859096,6.745267577606051,6.718221267771819
1556,123.32530956486353,33.775356887500706,3.4091106338859096,6.745267577606051,6.718221267771819
1557,135.07057714246957,33.775356887500706,3.4091106338859096,6.745267577606051,6.718221267771819
1558,146.81584472007563,33.775356887500706,3.4091106338859096,6.745267577606051,6.718221267771819
1559,158.5611122976817,33.775356887500706,3.4091106338859096,6.745267577606051,6.718221267771819
1560,170.30637987528772,33.775356887500706,3.529634041919294,6.745267577606051,6.718221267771819
1561,182.05164745289377,33.775356887500706,3.492642318927952,6.745267577606051,6.718221267771819
1562,-348.1,34.107154564927455,4.457218160249641,6.800000000000001,6.800000000000001
1563,-336.3,34.107154564927455,4.334651253808763,6.800000000000001,6.800000000000001
1564,-324.5,34.107154564927455,4.409562201554737,6.800000000000001,6.800000000000001
1565,-312.70000000000005,34.107154564927455,4.440270304928977,6.800000000000001,6.800000000000001
1566,-300.90000000000003,34.107154564927455,4.2588298981064385,6.800000000000001,6.800000000000001
1567,-289.1,34.107154564927455,4.165742370330116,6.800000000000001,6.800000000000001
1568,-277.3,34.107154564927455,4.049975997922943,6.800000000000001,6.800000000000001
1569,-265.5,34.107154564927455,4.183199703903744,6.800000000000001,6.800000000000001
1570,-253.70000000000002,34.107154564927455,4.053474233781554,6.800000000000001,6.800000000000001
1571,-241.9,34.107154564927455,4.039719371285609,6.800000000000001,6.800000000000001
1572,-230.10000000000002,34.107154564927455,3.77114166150277,6.800000000000001,6.800000000000001
1573,-218.3,34.107154564927455,3.706090320253805,6.800000000000001,6.800000000000001
1574,-206.5,34.107154564927455,3.8132257304144157,6.800000000000001,6.800000000000001
1575,-194.70000000000002,34.107154564927455,3.607438074399621,6.800000000000001,6.800000000000001
1576,194.70000000000002,34.107154564927455,3.5823969542887553,6.800000000000001,6.800000000000001
1577,206.5,34.107154564927455,3.597720333096661,6.800000000000001,6.800000000000001
1578,218.3,34.107154564927455,3.6243905041345146,6.800000000000001,6.800000000000001
1579,230.10000000000002,34.107154564927455,3.860682636444654,6.800000000000001,6.800000000000001
1580,241.9,34.107154564927455,3.7966434477851845,6.800000000000001,6.800000000000001
1581,253.70000000000002,34.107154564927455,3.926750989584142,6.800000000000001,6.800000000000001
1582,265.5,34.107154564927455,4.147282137684119,6.800000000000001,6.800000000000001
1583,277.3,34.107154564927455,4.039099551814183,6.800000000000001,6.800000000000001
1584,289.1,34.107154564927455,4.071395523851803,6.800000000000001,6.800000000000001
1585,300.90000000000003,34.107154564927455,4.258324016892078,6.800000000000001,6.800000000000001
1586,312.70000000000005,34.107154564927455,4.241964868899494,6.800000000000001,6.800000000000001
1587,324.5,34.107154564927455,4.393626943302368,6.800000000000001,6.800000000000001
1588,336.3,34.107154564927455,4.525115531015652,6.800000000000001,6.800000000000001
1589,348.1,34.107154564927455,4.46733578453686,6.800000000000001,6.800000000000001
1590,-176.17901366409075,43.94705698395326,3.4872339901661933,6.745267577606051,6.718221267771819
1591,-164.4337460864847,43.94705698395326,3.4346009408989486,6.745267577606051,6.718221267771819
1592,-152.68847850887866,43.94705698395326,3.4091106338859096,6.745267577606051,6.718221267771819
1593,-140.9432109312726,43.94705698395326,3.4091106338859096,6.745267577606051,6.718221267771819
1594,-129.19794335366655,43.94705698395326,3.4091106338859096,6.745267577606051,6.718221267771819
1595,-117.4526757760605,43.94705698395326,3.4091106338859096,6.745267577606051,6.718221267771819
1596,-105.70740819845446,43.94705698395326,3.4091106338859096,6.745267577606051,6.718221267771819
1597,-93.9621406208484,43.94705698395326,3.4091106338859096,6.745267577606051,6.718221267771819
1598,-82.21687304324234,43.94705698395326,3.4091106338859096,6.745267577606051,6.718221267771819
1599,-70.4716054656363,43.94705698395326,3.4091106338859096,6.745267577606051,6.718221267771819
1600,-58.72633788803025,43.94705698395326,3.4091106338859096,6.745267577606051,6.718221267771819
1601,58.72633788803025,43.94705698395326,3.4091106338859096,6.745267577606051,6.718221267771819
1602,70.4716054656363,43.94705698395326,3.4091106338859096,6.745267577606051,6.718221267771819
1603,82.21687304324234,43.94705698395326,3.4091106338859096,6.745267577606051,6.718221267771819
1604,93.9621406208484,43.94705698395326,3.4091106338859096,6.745267577606051,6.718221267771819
1605,105.70740819845446,43.94705698395326,3.4091106338859096,6.745267577606051,6.718221267771819
1606,117.4526757760605,43.94705698395326,3.4091106338859096,6.745267577606051,6.718221267771819
1607,129.19794335366655,43.94705698395326,3.423080059528949,6.745267577606051,6.718221267771819
1608,140.9432109312726,43.94705698395326,3.4091106338859096,6.745267577606051,6.718221267771819
1609,152.68847850887866,43.94705698395326,3.4466861491432423,6.745267577606051,6.718221267771819
1610,164.4337460864847,43.94705698395326,3.4158833359675937,6.745267577606051,6.718221267771819
1611,176.17901366409075,43.94705698395326,3.467757563413297,6.745267577606051,6.718221267771819
1612,-342.20000000000005,44.32625432958383,4.4006927606150725,6.800000000000001,6.800000000000001
1613,-330.40000000000003,44.32625432958383,4.577493607327547,6.754893048044416,6.752512848590307
1614,-318.6,44.32625432958383,4.280868937666643,6.800000000000001,6.800000000000001
1615,-306.8,44.32625432958383,4.305562012153984,6.800000000000001,6.800000000000001
1616,-295.0,44.32625432958383,4.095112800424982,6.800000000000001,6.800000000000001
1617,-283.20000000000005,44.32625432958383,3.9983371174767273,6.800000000000001,6.800000000000001
1618,-271.40000000000003,44.32625432958383,4.094417775264013,6.800000000000001,6.800000000000001
1619,-259.6,44.32625432958383,3.953370163203921,6.800000000000001,6.800000000000001
1620,-247.8,44.32625432958383,3.9230044739946175,6.800000000000001,6.800000000000001
1621,-236.0,44.32625432958383,3.8060468483895016,6.800000000000001,6.800000000000001
1622,-224.20000000000002,44.32625432958383,3.681944062269802,6.800000000000001,6.800000000000001
1623,-212.4,44.32625432958383,3.5960003488064727,6.800000000000001,6.800000000000001
1624,-200.60000000000002,44.32625432958383,3.5796137028088677,6.800000000000001,6.800000000000001
1625,-188.8,44.32625432958383,3.494465821186483,6.800000000000001,6.800000000000001
1626,188.8,44.32625432958383,3.4820717314346403,6.800000000000001,6.800000000000001
1627,200.60000000000002,44.32625432958383,3.5978254265258607,6.800000000000001,6.800000000000001
1628,212.4,44.32625432958383,3.609659141594218,6.800000000000001,6.800000000000001
1629,224.20000000000002,44.32625432958383,3.765920343853715,6.800000000000001,6.800000000000001
1630,236.0,44.32625432958383,3.7261176165204746,6.800000000000001,6.800000000000001
1631,247.8,44.32625432958383,3.8228399935511534,6.800000000000001,6.800000000000001
1632,259.6,44.32625432958383,3.864840950690759,6.800000000000001,6.800000000000001
1633,271.40000000000003,44.32625432958383,4.042817891399198,6.800000000000001,6.800000000000001
1634,283.20000000000005,44.32625432958383,4.106089816135604,6.800000000000001,6.800000000000001
1635,295.0,44.32625432958383,4.276218275166194,6.800000000000001,6.800000000000001
1636,306.8,44.32625432958383,4.271920911398983,6.800000000000001,6.800000000000001
1637,318.6,44.32625432958383,4.404303953970708,6.800000000000001,6.800000000000001
1638,330.40000000000003,44.32625432958383,4.162418070944407,6.800000000000001,6.800000000000001
1639,342.20000000000005,44.32625432958383,4.407522157008946,6.800000000000001,6.800000000000001
1640,-170.30637987528772,54.118757080405814,3.5101161381613015,6.745267577606051,6.718221267771819
1641,-158.5611122976817,54.118757080405814,3.431738179779345,6.745267577606051,6.718221267771819
1642,-146.81584472007563,54.118757080405814,3.412389574047566,6.745267577606051,6.718221267771819
1643,-135.07057714246957,54.118757080405814,3.4091106338859096,6.745267577606051,6.718221267771819
1644,-123.32530956486353,54.118757080405814,3.4091106338859096,6.745267577606051,6.718221267771819
1645,-111.58004198725747,54.118757080405814,3.4091106338859096,6.745267577606051,6.718221267771819
1646,-99.83477440965143,54.118757080405814,3.4091106338859096,6.745267577606051,6.718221267771819
1647,-88.08950683204537,54.118757080405814,3.4091106338859096,6.745267577606051,6.718221267771819
1648,-76.34423925443933,54.118757080405814,3.4091106338859096,6.745267577606051,6.718221267771819
1649,-64.59897167683327,54.118757080405814,3.4091106338859096,6.745267577606051,6.718221267771819
1650,-52.85370409922723,54.118757080405814,3.4091106338859096,6.745267577606051,6.718221267771819
1651,-41.10843652162117,54.118757080405814,3.4091106338859096,6.745267577606051,6.718221267771819
1652,41.10843652162117,54.118757080405814,3.4091106338859096,6.745267577606051,6.718221267771819
1653,52.85370409922723,54.118757080405814,3.4091106338859096,6.745267577606051,6.718221267771819
1654,64.59897167683327,54.118757080405814,3.4091106338859096,6.745267577606051,6.718221267771819
1655,76.34423925443933,54.118757080405814,3.4091106338859096,6.745267577606051,6.718221267771819
1656,88.08950683204537,54.118757080405814,3.4091106338859096,6.745267577606051,6.718221267771819
1657,99.83477440965143,54.118757080405814,3.4091106338859096,6.745267577606051,6.718221267771819
1658,111.58004198725747,54.118757080405814,3.4091106338859096,6.745267577606051,6.718221267771819
1659,123.32530956486353,54.118757080405814,3.4091106338859096,6.745267577606051,6.718221267771819
1660,135.07057714246957,54.118757080405814,3.4091106338859096,6.745267577606051,6.718221267771819
1661,146.81584472007563,54.118757080405814,3.413654277083469,6.745267577606051,6.718221267771819
1662,158.5611122976817,54.118757080405814,3.461332230819459,6.745267577606051,6.718221267771819
1663,170.30637987528772,54.118757080405814,3.535410198879348,6.745267577606051,6.718221267771819
1664,-336.3,54.54535409424021,4.539194650583185,6.800000000000001,6.800000000000001
1665,-324.5,54.54535409424021,4.339430532199476,6.800000000000001,6.800000000000001
1666,-312.70000000000005,54.54535409424021,4.234363823946928,6.800000000000001,6.800000000000001
1667,-300.90000000000003,54.54535409424021,4.336310707899005,6.800000000000001,6.800000000000001
1668,-289.1,54.54535409424021,4.08173160218141,6.800000000000001,6.800000000000001
1669,-277.3,54.54535409424021,4.0106686151019355,6.800000000000001,6.800000000000001
1670,-265.5,54.54535409424021,3.8813266043054173,6.800000000000001,6.800000000000001
1671,-253.70000000000002,54.54535409424021,3.835623918209956,6.800000000000001,6.800000000000001
1672,-241.9,54.54535409424021,3.8614411877584875,6.800000000000001,6.800000000000001
1673,-230.10000000000002,54.54535409424021,3.7066221682606533,6.800000000000001,6.800000000000001
1674,-218.3,54.54535409424021,3.671437470072033,6.800000000000001,6.800000000000001
1675,-206.5,54.54535409424021,3.659552413571246,6.800000000000001,6.800000000000001
1676,-194.70000000000002,54.54535409424021,3.710974164163383,6.800000000000001,6.800000000000001
1677,-182.9,54.54535409424021,3.5333544000312744,6.800000000000001,6.800000000000001
1678,182.9,54.54535409424021,3.4812486349520992,6.800000000000001,6.800000000000001
1679,194.70000000000002,54.54535409424021,3.635344922616425,6.800000000000001,6.800000000000001
1680,206.5,54.54535409424021,3.6044113612059054,6.800000000000001,6.800000000000001
1681,218.3,54.54535409424021,3.6721962918935747,6.800000000000001,6.800000000000001
1682,230.10000000000002,54.54535409424021,3.804763123846673,6.800000000000001,6.800000000000001
1683,241.9,54.54535409424021,3.7837884213540858,6.800000000000001,6.800000000000001
1684,253.70000000000002,54.54535409424021,3.853076820105408,6.800000000000001,6.800000000000001
1685,265.5,54.54535409424021,3.9809852035345195,6.800000000000001,6.800000000000001
1686,277.3,54.54535409424021,3.986639257419791,6.800000000000001,6.800000000000001
1687,289.1,54.54535409424021,4.116131524757954,6.800000000000001,6.800000000000001
1688,300.90000000000003,54.54535409424021,4.233363880776557,6.800000000000001,6.800000000000001
1689,312.70000000000005,54.54535409424021,4.374998801539265,6.800000000000001,6.800000000000001
1690,324.5,54.54535409424021,4.356883434094927,6.800000000000001,6.800000000000001
1691,336.3,54.54535409424021,4.210371861248583,6.800000000000001,6.800000000000001
1692,-164.4337460864847,64.29045717685837,3.5554958543274715,6.745267577606051,6.718221267771819
1693,-152.68847850887866,64.29045717685837,3.41684885275087,6.745267577606051,6.718221267771819
1694,-140.9432109312726,64.29045717685837,3.4317140326117794,6.745267577606051,6.718221267771819
1695,-129.19794335366655,64.29045717685837,3.4820977736847185,6.745267577606051,6.718221267771819
1696,-117.4526757760605,64.29045717685837,3.4091106338859096,6.745267577606051,6.718221267771819
1697,-105.70740819845446,64.29045717685837,3.4091106338859096,6.745267577606051,6.718221267771819
1698,-93.9621406208484,64.29045717685837,3.4091106338859096,6.745267577606051,6.718221267771819
1699,-82.21687304324234,64.29045717685837,3.4091106338859096,6.745267577606051,6.718221267771819
1700,-70.4716054656363,64.29045717685837,3.4091106338859096,6.745267577606051,6.718221267771819
1701,-58.72633788803025,64.29045717685837,3.4091106338859096,6.745267577606051,6.718221267771819
1702,-46.9810703104242,64.29045717685837,3.4091106338859096,6.745267577606051,6.718221267771819
1703,-35.23580273281815,64.29045717685837,3.4091106338859096,6.745267577606051,6.718221267771819
1704,-23.4905351552121,64.29045717685837,3.4091106338859096,6.745267577606051,6.718221267771819
1705,-11.74526757760605,64.29045717685837,3.4091106338859096,6.745267577606051,6.718221267771819
1706,0.0,64.29045717685837,3.4091106338859096,6.745267577606051,6.718221267771819
1707,11.74526757760605,64.29045717685837,3.4091106338859096,6.745267577606051,6.718221267771819
1708,23.4905351552121,64.29045717685837,3.4091106338859096,6.745267577606051,6.718221267771819
1709,35.23580273281815,64.29045717685837,3.4091106338859096,6.745267577606051,6.718221267771819
1710,46.9810703104242,64.29045717685837,3.4091106338859096,6.745267577606051,6.718221267771819
1711,58.72633788803025,64.29045717685837,3.4091106338859096,6.745267577606051,6.718221267771819
1712,70.4716054656363,64.29045717685837,3.4091106338859096,6.745267577606051,6.718221267771819
1713,82.21687304324234,64.29045717685837,3.4091106338859096,6.745267577606051,6.718221267771819
1714,93.9621406208484,64.29045717685837,3.4091106338859096,6.745267577606051,6.718221267771819
1715,105.70740819845446,64.29045717685837,3.4091106338859096,6.745267577606051,6.718221267771819
1716,117.4526757760605,64.29045717685837,3.4091106338859096,6.745267577606051,6.718221267771819
1717,129.19794335366655,64.29045717685837,3.4091106338859096,6.745267577606051,6.718221267771819
1718,140.9432109312726,64.29045717685837,3.4132493682876053,6.745267577606051,6.718221267771819
1719,152.68847850887866,64.29045717685837,3.4525134783633153,6.745267577606051,6.718221267771819
1720,164.4337460864847,64.29045717685837,3.5355135463602148,6.745267577606051,6.718221267771819
1721,-342.20000000000005,64.76445385889659,4.48695915980414,6.800000000000001,6.800000000000001
1722,-330.40000000000003,64.76445385889659,4.395088119563808,6.800000000000001,6.800000000000001
1723,-318.6,64.76445385889659,4.393481669356735,6.800000000000001,6.800000000000001
1724,-306.8,64.76445385889659,4.328257641896726,6.800000000000001,6.800000000000001
1725,-295.0,64.76445385889659,4.3428466673859,6.800000000000001,6.800000000000001
1726,-283.20000000000005,64.76445385889659,4.18558806772917,6.800000000000001,6.800000000000001
1727,-271.40000000000003,64.76445385889659,4.017875442341649,6.800000000000001,6.800000000000001
1728,-259.6,64.76445385889659,3.9409052119663803,6.800000000000001,6.800000000000001
1729,-247.8,64.76445385889659,3.809765784231031,6.800000000000001,6.800000000000001
1730,-236.0,64.76445385889659,3.8334133004267934,6.800000000000001,6.800000000000001
1731,-224.20000000000002,64.76445385889659,3.6924155676288617,6.800000000000001,6.800000000000001
1732,-212.4,64.76445385889659,3.631909371885415,6.800000000000001,6.800000000000001
1733,-200.60000000000002,64.76445385889659,3.620827074474887,6.800000000000001,6.800000000000001
1734,-188.8,64.76445385889659,3.5471682165061535,6.800000000000001,6.800000000000001
1735,-177.0,64.76445385889659,3.509388904519464,6.800000000000001,6.800000000000001
1736,177.0,64.76445385889659,3.52380651912875,6.800000000000001,6.800000000000001
1737,188.8,64.76445385889659,3.5304741364322423,6.800000000000001,6.800000000000001
1738,200.60000000000002,64.76445385889659,3.6375211545487973,6.800000000000001,6.800000000000001
1739,212.4,64.76445385889659,3.6840151369645904,6.800000000000001,6.800000000000001
1740,224.20000000000002,64.76445385889659,3.7121449349889373,6.800000000000001,6.800000000000001
1741,236.0,64.76445385889659,3.8923484618998416,6.800000000000001,6.800000000000001
1742,247.8,64.76445385889659,3.8730009360261466,6.800000000000001,6.800000000000001
1743,259.6,64.76445385889659,3.8177231362694948,6.800000000000001,6.800000000000001
1744,271.40000000000003,64.76445385889659,4.11652227914203,6.800000000000001,6.800000000000001
1745,283.20000000000005,64.76445385889659,4.249329100738647,6.800000000000001,6.800000000000001
1746,295.0,64.76445385889659,4.146564756213861,6.800000000000001,6.800000000000001
1747,306.8,64.76445385889659,4.187369723697207,6.800000000000001,6.800000000000001
1748,318.6,64.76445385889659,4.376534648675644,6.800000000000001,6.800000000000001
1749,330.40000000000003,64.76445385889659,4.289358945762375,6.800000000000001,6.800000000000001
1750,342.20000000000005,64.76445385889659,4.500365011984705,6.800000000000001,6.800000000000001
1751,-158.5611122976817,74.46215727331092,3.4708499525348846,6.745267577606051,6.718221267771819
1752,-146.81584472007563,74.46215727331092,3.4622593491183995,6.745267577606051,6.718221267771819
1753,-135.07057714246957,74.46215727331092,3.420901801245262,6.745267577606051,6.718221267771819
1754,-123.32530956486353,74.46215727331092,3.4091106338859096,6.745267577606051,6.718221267771819
1755,-111.58004198725747,74.46215727331092,3.4091106338859096,6.745267577606051,6.718221267771819
1756,-99.83477440965143,74.46215727331092,3.4091106338859096,6.745267577606051,6.718221267771819
1757,-88.08950683204537,74.46215727331092,3.4091106338859096,6.745267577606051,6.718221267771819
1758,-76.34423925443933,74.46215727331092,3.4091106338859096,6.745267577606051,6.718221267771819
1759,-64.59897167683327,74.46215727331092,3.4091106338859096,6.745267577606051,6.718221267771819
1760,-52.85370409922723,74.46215727331092,3.4091106338859096,6.745267577606051,6.718221267771819
1761,-41.10843652162117,74.46215727331092,3.4091106338859096,6.745267577606051,6.718221267771819
1762,-29.363168944015126,74.46215727331092,3.4091106338859096,6.745267577606051,6.718221267771819
1763,-17.617901366409075,74.46215727331092,3.4091106338859096,6.745267577606051,6.718221267771819
1764,-5.872633788803025,74.46215727331092,3.4091106338859096,6.745267577606051,6.718221267771819
1765,5.872633788803025,74.46215727331092,3.4091106338859096,6.745267577606051,6.718221267771819
1766,17.617901366409075,74.46215727331092,3.4091106338859096,6.745267577606051,6.718221267771819
1767,29.363168944015126,74.46215727331092,3.4091106338859096,6.745267577606051,6.718221267771819
1768,41.10843652162117,74.46215727331092,3.4091106338859096,6.745267577606051,6.718221267771819
1769,52.85370409922723,74.46215727331092,3.4091106338859096,6.745267577606051,6.718221267771819
1770,64.59897167683327,74.46215727331092,3.4091106338859096,6.745267577606051,6.718221267771819
1771,76.34423925443933,74.46215727331092,3.4091106338859096,6.745267577606051,6.718221267771819
1772,88.08950683204537,74.46215727331092,3.4091106338859096,6.745267577606051,6.718221267771819
1773,99.83477440965143,74.46215727331092,3.4091106338859096,6.745267577606051,6.718221267771819
1774,111.58004198725747,74.46215727331092,3.4091106338859096,6.745267577606051,6.718221267771819
1775,123.32530956486353,74.46215727331092,3.4091106338859096,6.745267577606051,6.718221267771819
1776,135.07057714246957,74.46215727331092,3.476548734824964,6.745267577606051,6.718221267771819
1777,146.81584472007563,74.46215727331092,3.452394665438361,6.745267577606051,6.718221267771819
1778,158.5611122976817,74.46215727331092,3.568737967513724,6.745267577606051,6.718221267771819
1779,-336.3,74.98355362355296,4.440551384456791,6.800000000000001,6.800000000000001
1780,-324.5,74.98355362355296,4.484396862383098,6.800000000000001,6.800000000000001
1781,-312.70000000000005,74.98355362355296,4.119972510614167,6.800000000000001,6.800000000000001
1782,-300.90000000000003,74.98355362355296,4.317734685640272,6.800000000000001,6.800000000000001
1783,-289.1,74.98355362355296,4.075043161914076,6.800000000000001,6.800000000000001
1784,-277.3,74.98355362355296,4.21574416264156,6.800000000000001,6.800000000000001
1785,-265.5,74.98355362355296,3.863166941162437,6.800000000000001,6.800000000000001
1786,-253.70000000000002,74.98355362355296,3.8993400162387455,6.800000000000001,6.800000000000001
1787,-241.9,74.98355362355296,3.7511284112240006,6.800000000000001,6.800000000000001
1788,-230.10000000000002,74.98355362355296,3.70767621688102,6.800000000000001,6.800000000000001
1789,-218.3,74.98355362355296,3.7078101947515147,6.800000000000001,6.800000000000001
1790,-206.5,74.98355362355296,3.688845937606259,6.800000000000001,6.800000000000001
1791,-194.70000000000002,74.98355362355296,3.622253788441716,6.800000000000001,6.800000000000001
1792,-182.9,74.98355362355296,3.5455309286297454,6.800000000000001,6.800000000000001
1793,-171.10000000000002,74.98355362355296,3.4979563671665397,6.800000000000001,6.800000000000001
1794,171.10000000000002,74.98355362355296,3.4858152180218775,6.800000000000001,6.800000000000001
1795,182.9,74.98355362355296,3.639877775108058,6.800000000000001,6.800000000000001
1796,194.70000000000002,74.98355362355296,3.604042064724722,6.800000000000001,6.800000000000001
1797,206.5,74.98355362355296,3.6144813990952023,6.800000000000001,6.800000000000001
1798,218.3,74.98355362355296,3.7110984226448607,6.800000000000001,6.800000000000001
1799,230.10000000000002,74.98355362355296,3.7936760233223774,6.800000000000001,6.800000000000001
1800,241.9,74.98355362355296,3.808798869661146,6.800000000000001,6.800000000000001
1801,253.70000000000002,74.98355362355296,3.9681398613918315,6.800000000000001,6.800000000000001
1802,265.5,74.98355362355296,3.8748022090927385,6.800000000000001,6.800000000000001
1803,277.3,74.98355362355296,3.994927012573015,6.800000000000001,6.800000000000001
1804,289.1,74.98355362355296,3.9713375129700856,6.800000000000001,6.800000000000001
1805,300.90000000000003,74.98355362355296,4.428522671585315,6.800000000000001,6.800000000000001
1806,312.70000000000005,74.98355362355296,4.233036962023833,6.800000000000001,6.800000000000001
1807,324.5,74.98355362355296,4.491732139991331,6.800000000000001,6.800000000000001
1808,336.3,74.98355362355296,4.342157488263591,6.800000000000001,6.800000000000001
1809,-152.68847850887866,84.63385736976348,3.6522586982488003,6.745267577606051,6.718221267771819
1810,-140.9432109312726,84.63385736976348,3.4690268985730355,6.745267577606051,6.718221267771819
1811,-129.19794335366655,84.63385736976348,3.5642801046851225,6.745267577606051,6.718221267771819
1812,-117.4526757760605,84.63385736976348,3.5537043253156835,6.745267577606051,6.718221267771819
1813,-105.70740819845446,84.63385736976348,3.481491877504545,6.745267577606051,6.718221267771819
1814,-93.9621406208484,84.63385736976348,3.4091106338859096,6.745267577606051,6.718221267771819
1815,-82.21687304324234,84.63385736976348,3.4091106338859096,6.745267577606051,6.718221267771819
1816,-70.4716054656363,84.63385736976348,3.4091106338859096,6.745267577606051,6.718221267771819
1817,-58.72633788803025,84.63385736976348,3.4091106338859096,6.745267577606051,6.718221267771819
1818,-46.9810703104242,84.63385736976348,3.4091106338859096,6.745267577606051,6.718221267771819
1819,-35.23580273281815,84.63385736976348,3.4091106338859096,6.745267577606051,6.718221267771819
1820,-23.4905351552121,84.63385736976348,3.4091106338859096,6.745267577606051,6.718221267771819
1821,-11.74526757760605,84.63385736976348,3.4091106338859096,6.745267577606051,6.718221267771819
1822,0.0,84.63385736976348,3.4091106338859096,6.745267577606051,6.718221267771819
1823,11.74526757760605,84.63385736976348,3.4091106338859096,6.745267577606051,6.718221267771819
1824,23.4905351552121,84.63385736976348,3.4091106338859096,6.745267577606051,6.718221267771819
1825,35.23580273281815,84.63385736976348,3.4091106338859096,6.745267577606051,6.718221267771819
1826,46.9810703104242,84.63385736976348,3.4091106338859096,6.745267577606051,6.718221267771819
1827,58.72633788803025,84.63385736976348,3.4091106338859096,6.745267577606051,6.718221267771819
1828,70.4716054656363,84.63385736976348,3.4091106338859096,6.745267577606051,6.718221267771819
1829,82.21687304324234,84.63385736976348,3.4091106338859096,6.745267577606051,6.718221267771819
1830,93.9621406208484,84.63385736976348,3.4091106338859096,6.745267577606051,6.718221267771819
1831,105.70740819845446,84.63385736976348,3.4177508444950684,6.745267577606051,6.718221267771819
1832,117.4526757760605,84.63385736976348,3.488698589270305,6.745267577606051,6.718221267771819
1833,129.19794335366655,84.63385736976348,3.6204329194791853,6.745267577606051,6.718221267771819
1834,140.9432109312726,84.63385736976348,3.435891679032395,6.745267577606051,6.718221267771819
1835,152.68847850887866,84.63385736976348,3.5624647826997355,6.745267577606051,6.718221267771819
1836,-330.40000000000003,85.20265338820933,4.6179960464641505,6.800000000000001,6.800000000000001
1837,-318.6,85.20265338820933,4.332377259616092,6.800000000000001,6.800000000000001
1838,-306.8,85.20265338820933,4.230451312439299,6.800000000000001,6.800000000000001
1839,-295.0,85.20265338820933,4.415038746810497,6.800000000000001,6.800000000000001
1840,-283.20000000000005,85.20265338820933,4.180201938489699,6.800000000000001,6.800000000000001
1841,-271.40000000000003,85.20265338820933,4.123408948978713,6.800000000000001,6.800000000000001
1842,-259.6,85.20265338820933,4.040056376006626,6.800000000000001,6.800000000000001
1843,-247.8,85.20265338820933,3.892991255577204,6.800000000000001,6.800000000000001
1844,-236.0,85.20265338820933,3.8175705374038404,6.800000000000001,6.800000000000001
1845,-224.20000000000002,85.20265338820933,3.7953684954700293,6.800000000000001,6.800000000000001
1846,-212.4,85.20265338820933,3.858553688668034,6.800000000000001,6.800000000000001
1847,-200.60000000000002,85.20265338820933,3.6778498472641736,6.800000000000001,6.800000000000001
1848,-188.8,85.20265338820933,3.635764222439064,6.800000000000001,6.800000000000001
1849,-177.0,85.20265338820933,3.6218330783430646,6.800000000000001,6.800000000000001
1850,-165.20000000000002,85.20265338820933,3.5385047911169436,6.800000000000001,6.800000000000001
1851,165.20000000000002,85.20265338820933,3.5640517924421706,6.800000000000001,6.800000000000001
1852,177.0,85.20265338820933,3.552527351975618,6.800000000000001,6.800000000000001
1853,188.8,85.20265338820933,3.576829060966016,6.800000000000001,6.800000000000001
1854,200.60000000000002,85.20265338820933,3.6062676554321027,6.800000000000001,6.800000000000001
1855,212.4,85.20265338820933,3.7298069196131785,6.800000000000001,6.800000000000001
1856,224.20000000000002,85.20265338820933,3.85582130058616,6.800000000000001,6.800000000000001
1857,236.0,85.20265338820933,3.85525868787373,6.800000000000001,6.800000000000001
1858,247.8,85.20265338820933,3.8891971464694968,6.800000000000001,6.800000000000001
1859,259.6,85.20265338820933,3.900686101450191,6.800000000000001,6.800000000000001
1860,271.40000000000003,85.20265338820933,4.032097389786566,6.800000000000001,6.800000000000001
1861,283.20000000000005,85.20265338820933,4.07725511136725,6.800000000000001,6.800000000000001
1862,295.0,85.20265338820933,4.066486590115818,6.800000000000001,6.800000000000001
1863,306.8,85.20265338820933,4.386515667069644,6.800000000000001,6.800000000000001
1864,318.6,85.20265338820933,4.277236207250751,6.800000000000001,6.800000000000001
1865,330.40000000000003,85.20265338820933,4.570190271707043,6.800000000000001,6.800000000000001
1866,-146.81584472007563,94.80555746621603,3.5937927533829295,6.745267577606051,6.718221267771819
1867,-135.07057714246957,94.80555746621603,3.5840411521671256,6.745267577606051,6.718221267771819
1868,-123.32530956486353,94.80555746621603,3.521802423955936,6.745267577606051,6.718221267771819
1869,-111.58004198725747,94.80555746621603,3.4871675024820914,6.745267577606051,6.718221267771819
1870,-99.83477440965143,94.80555746621603,3.4823431997633585,6.745267577606051,6.718221267771819
1871,-88.08950683204537,94.80555746621603,3.4091106338859096,6.745267577606051,6.718221267771819
1872,-76.34423925443933,94.80555746621603,3.4091106338859096,6.745267577606051,6.718221267771819
1873,-64.59897167683327,94.80555746621603,3.4091106338859096,6.745267577606051,6.718221267771819
1874,-52.85370409922723,94.80555746621603,3.4091106338859096,6.745267577606051,6.718221267771819
1875,-41.10843652162117,94.80555746621603,3.4091106338859096,6.745267577606051,6.718221267771819
1876,-29.363168944015126,94.80555746621603,3.4091106338859096,6.745267577606051,6.718221267771819
1877,-17.617901366409075,94.80555746621603,3.4091106338859096,6.745267577606051,6.718221267771819
1878,-5.872633788803025,94.80555746621603,3.4091106338859096,6.745267577606051,6.718221267771819
1879,5.872633788803025,94.80555746621603,3.4091106338859096,6.745267577606051,6.718221267771819
1880,17.617901366409075,94.80555746621603,3.4091106338859096,6.745267577606051,6.718221267771819
1881,29.363168944015126,94.80555746621603,3.4091106338859096,6.745267577606051,6.718221267771819
1882,41.10843652162117,94.80555746621603,3.4091106338859096,6.745267577606051,6.718221267771819
1883,52.85370409922723,94.80555746621603,3.4091106338859096,6.745267577606051,6.718221267771819
1884,64.59897167683327,94.80555746621603,3.4091106338859096,6.745267577606051,6.718221267771819
1885,76.34423925443933,94.80555746621603,3.4091106338859096,6.745267577606051,6.718221267771819
1886,88.08950683204537,94.80555746621603,3.470352330151565,6.745267577606051,6.718221267771819
1887,99.83477440965143,94.80555746621603,3.4091106338859096,6.745267577606051,6.718221267771819
1888,111.58004198725747,94.80555746621603,3.4477087677619394,6.745267577606051,6.718221267771819
1889,123.32530956486353,94.80555746621603,3.4795613425567984,6.745267577606051,6.718221267771819
1890,135.07057714246957,94.80555746621603,3.501835454833475,6.745267577606051,6.718221267771819
1891,146.81584472007563,94.80555746621603,3.5864574757746963,6.745267577606051,6.718221267771819
1892,-336.3,95.42175315286572,4.644182225377593,6.800000000000001,6.800000000000001
1893,-324.5,95.42175315286572,4.509870762964767,6.800000000000001,6.800000000000001
1894,-312.70000000000005,95.42175315286572,4.557238448794905,6.800000000000001,6.800000000000001
1895,-300.90000000000003,95.42175315286572,4.415846881948744,6.800000000000001,6.800000000000001
1896,-289.1,95.42175315286572,4.277963135900674,6.800000000000001,6.800000000000001
1897,-277.3,95.42175315286572,4.128686766418146,6.800000000000001,6.800000000000001
1898,-265.5,95.42175315286572,3.976643947598251,6.800000000000001,6.800000000000001
1899,-253.70000000000002,95.42175315286572,3.978181821905281,6.800000000000001,6.800000000000001
1900,-241.9,95.42175315286572,3.8444763212646205,6.800000000000001,6.800000000000001
1901,-230.10000000000002,95.42175315286572,3.9162775202249445,6.800000000000001,6.800000000000001
1902,-218.3,95.42175315286572,3.796766494879787,6.800000000000001,6.800000000000001
1903,-206.5,95.42175315286572,3.793064831511861,6.800000000000001,6.800000000000001
1904,-194.70000000000002,95.42175315286572,3.7855912689583415,6.800000000000001,6.800000000000001
1905,-182.9,95.42175315286572,3.802997042123628,6.800000000000001,6.800000000000001
1906,-171.10000000000002,95.42175315286572,3.633903593400402,6.800000000000001,6.800000000000001
1907,-159.3,95.42175315286572,3.5558791469563955,6.800000000000001,6.800000000000001
1908,159.3,95.42175315286572,3.5763673361380133,6.800000000000001,6.800000000000001
1909,171.10000000000002,95.42175315286572,3.7039681415893897,6.800000000000001,6.800000000000001
1910,182.9,95.42175315286572,3.647944449922005,6.800000000000001,6.800000000000001
1911,194.70000000000002,95.42175315286572,3.8908145615454135,6.800000000000001,6.800000000000001
1912,206.5,95.42175315286572,3.6665945279216294,6.800000000000001,6.800000000000001
1913,218.3,95.42175315286572,3.8777074891775354,6.800000000000001,6.800000000000001
1914,230.10000000000002,95.42175315286572,3.9033775492587415,6.800000000000001,6.800000000000001
1915,241.9,95.42175315286572,3.8260116569404468,6.800000000000001,6.800000000000001
1916,253.70000000000002,95.42175315286572,3.8904114312136606,6.800000000000001,6.800000000000001
1917,265.5,95.42175315286572,4.038361455750284,6.800000000000001,6.800000000000001
1918,277.3,95.42175315286572,4.1797807690686,6.800000000000001,6.800000000000001
1919,289.1,95.42175315286572,4.349039446518383,6.800000000000001,6.800000000000001
1920,300.90000000000003,95.42175315286572,4.176818008163207,6.800000000000001,6.800000000000001
1921,312.70000000000005,95.42175315286572,4.38473295469783,6.800000000000001,6.800000000000001
1922,324.5,95.42175315286572,4.356588755013407,6.800000000000001,6.800000000000001
1923,336.3,95.42175315286572,4.2880418504675015,6.800000000000001,6.800000000000001
1924,-129.19794335366655,104.97725756266858,3.5532588758692634,6.745267577606051,6.718221267771819
1925,-117.4526757760605,104.97725756266858,3.593845566687661,6.745267577606051,6.718221267771819
1926,-105.70740819845446,104.97725756266858,3.642676009138646,6.745267577606051,6.718221267771819
1927,-93.9621406208484,104.97725756266858,3.444460321366954,6.745267577606051,6.718221267771819
1928,-82.21687304324234,104.97725756266858,3.4114348529904777,6.745267577606051,6.718221267771819
1929,-70.4716054656363,104.97725756266858,3.5051085408161557,6.745267577606051,6.718221267771819
1930,-58.72633788803025,104.97725756266858,3.4102804872357995,6.745267577606051,6.718221267771819
1931,-46.9810703104242,104.97725756266858,3.4091106338859096,6.745267577606051,6.718221267771819
1932,-35.23580273281815,104.97725756266858,3.4091106338859096,6.745267577606051,6.718221267771819
1933,-23.4905351552121,104.97725756266858,3.4091106338859096,6.745267577606051,6.718221267771819
1934,-11.74526757760605,104.97725756266858,3.4091106338859096,6.745267577606051,6.718221267771819
1935,0.0,104.97725756266858,3.4091106338859096,6.745267577606051,6.718221267771819
1936,11.74526757760605,104.97725756266858,3.4091106338859096,6.745267577606051,6.718221267771819
1937,23.4905351552121,104.97725756266858,3.4091106338859096,6.745267577606051,6.718221267771819
1938,35.23580273281815,104.97725756266858,3.4091106338859096,6.745267577606051,6.718221267771819
1939,46.9810703104242,104.97725756266858,3.4091106338859096,6.745267577606051,6.718221267771819
1940,58.72633788803025,104.97725756266858,3.4091106338859096,6.745267577606051,6.718221267771819
1941,70.4716054656363,104.97725756266858,3.4803203613124705,6.745267577606051,6.718221267771819
1942,82.21687304324234,104.97725756266858,3.5702815542998083,6.745267577606051,6.718221267771819
1943,93.9621406208484,104.97725756266858,3.4123368642550354,6.745267577606051,6.718221267771819
1944,105.70740819845446,104.97725756266858,3.542005647480822,6.745267577606051,6.718221267771819
1945,117.4526757760605,104.97725756266858,3.7418158218882325,6.745267577606051,6.718221267771819
1946,129.19794335366655,104.97725756266858,3.6610115745281413,6.745267577606051,6.718221267771819
1947,-330.40000000000003,105.64085291752208,4.536562823092572,6.800000000000001,6.800000000000001
1948,-318.6,105.64085291752208,4.37279818404641,6.800000000000001,6.800000000000001
1949,-306.8,105.64085291752208,4.471506178845635,6.800000000000001,6.800000000000001
1950,-295.0,105.64085291752208,4.44675982291431,6.800000000000001,6.800000000000001
1951,-283.20000000000005,105.64085291752208,4.181724093860053,6.800000000000001,6.800000000000001
1952,-271.40000000000003,105.64085291752208,4.069242346546479,6.800000000000001,6.800000000000001
1953,-259.6,105.64085291752208,3.9558097460786867,6.800000000000001,6.800000000000001
1954,-247.8,105.64085291752208,4.065565851581184,6.800000000000001,6.800000000000001
1955,-236.0,105.64085291752208,4.037097419702809,6.800000000000001,6.800000000000001
1956,-224.20000000000002,105.64085291752208,3.9488603646710314,6.800000000000001,6.800000000000001
1957,-212.4,105.64085291752208,3.809758230089132,6.800000000000001,6.800000000000001
1958,-200.60000000000002,105.64085291752208,3.885689495795795,6.800000000000001,6.800000000000001
1959,-188.8,105.64085291752208,3.7178862018409733,6.800000000000001,6.800000000000001
1960,-177.0,105.64085291752208,3.6324647526620497,6.800000000000001,6.800000000000001
1961,-165.20000000000002,105.64085291752208,3.6148416065731976,6.800000000000001,6.800000000000001
1962,-153.4,105.64085291752208,3.644881073802166,6.800000000000001,6.800000000000001
1963,-141.60000000000002,105.64085291752208,3.6503557806146296,6.800000000000001,6.800000000000001
1964,141.60000000000002,105.64085291752208,3.695379208692753,6.800000000000001,6.800000000000001
1965,153.4,105.64085291752208,3.59834000208096,6.800000000000001,6.800000000000001
1966,165.20000000000002,105.64085291752208,3.69274731358478,6.800000000000001,6.800000000000001
1967,177.0,105.64085291752208,3.641317673913366,6.800000000000001,6.800000000000001
1968,188.8,105.64085291752208,3.7302802915928157,6.800000000000001,6.800000000000001
1969,200.60000000000002,105.64085291752208,3.836871958609965,6.800000000000001,6.800000000000001
1970,212.4,105.64085291752208,3.7487995437586403,6.800000000000001,6.800000000000001
1971,224.20000000000002,105.64085291752208,3.9010545899139237,6.800000000000001,6.800000000000001
1972,236.0,105.64085291752208,4.06542676770702,6.800000000000001,6.800000000000001
1973,247.8,105.64085291752208,3.9732425299603142,6.800000000000001,6.800000000000001
1974,259.6,105.64085291752208,4.061033038665759,6.800000000000001,6.800000000000001
1975,271.40000000000003,105.64085291752208,4.263500732861075,6.800000000000001,6.800000000000001
1976,283.20000000000005,105.64085291752208,4.230035749831521,6.800000000000001,6.800000000000001
1977,295.0,105.64085291752208,4.276277853674678,6.800000000000001,6.800000000000001
1978,306.8,105.64085291752208,4.477323812810785,6.800000000000001,6.800000000000001
1979,318.6,105.64085291752208,4.609044711152962,6.800000000000001,6.800000000000001
1980,330.40000000000003,105.64085291752208,4.50873935630272,6.800000000000001,6.800000000000001
1981,-123.32530956486353,115.14895765912114,3.707671100337853,6.745267577606051,6.718221267771819
1982,-111.58004198725747,115.14895765912114,3.632559503100328,6.745267577606051,6.718221267771819
1983,-99.83477440965143,115.14895765912114,3.5329066404038794,6.745267577606051,6.718221267771819
1984,-88.08950683204537,115.14895765912114,3.4506198523053033,6.745267577606051,6.718221267771819
1985,-76.34423925443933,115.14895765912114,3.4759283041381988,6.745267577606051,6.718221267771819
1986,-64.59897167683327,115.14895765912114,3.4091106338859096,6.745267577606051,6.718221267771819
1987,-52.85370409922723,115.14895765912114,3.456760799836281,6.745267577606051,6.718221267771819
1988,-41.10843652162117,115.14895765912114,3.4091106338859096,6.745267577606051,6.718221267771819
1989,-29.363168944015126,115.14895765912114,3.4091106338859096,6.745267577606051,6.718221267771819
1990,-17.617901366409075,115.14895765912114,3.4091106338859096,6.745267577606051,6.718221267771819
1991,-5.872633788803025,115.14895765912114,3.4091106338859096,6.745267577606051,6.718221267771819
1992,5.872633788803025,115.14895765912114,3.4091106338859096,6.745267577606051,6.718221267771819
1993,17.617901366409075,115.14895765912114,3.4091106338859096,6.745267577606051,6.718221267771819
1994,29.363168944015126,115.14895765912114,3.4091106338859096,6.745267577606051,6.718221267771819
1995,41.10843652162117,115.14895765912114,3.4227699062631634,6.745267577606051,6.718221267771819
1996,52.85370409922723,115.14895765912114,3.4091106338859096,6.745267577606051,6.718221267771819
1997,64.59897167683327,115.14895765912114,3.4091106338859096,6.745267577606051,6.718221267771819
1998,76.34423925443933,115.14895765912114,3.572045734866775,6.745267577606051,6.718221267771819
1999,88.08950683204537,115.14895765912114,3.5401608272471874,6.745267577606051,6.718221267771819
2000,99.83477440965143,115.14895765912114,3.6477416760638097,6.745267577606051,6.718221267771819
2001,111.58004198725747,115.14895765912114,3.687447614858489,6.745267577606051,6.718221267771819
2002,123.32530956486353,115.14895765912114,3.581706677961982,6.745267577606051,6.718221267771819
2003,-324.5,115.85995268217847,4.431472826879354,6.800000000000001,6.800000000000001
2004,-312.70000000000005,115.85995268217847,4.280978549809074,6.800000000000001,6.800000000000001
2005,-300.90000000000003,115.85995268217847,4.336229187970892,6.800000000000001,6.800000000000001
2006,-289.1,115.85995268217847,4.223544449653055,6.800000000000001,6.800000000000001
2007,-277.3,115.85995268217847,4.258368052064705,6.800000000000001,6.800000000000001
2008,-265.5,115.85995268217847,4.180960141575239,6.800000000000001,6.800000000000001
2009,-253.70000000000002,115.85995268217847,3.9746606473838964,6.800000000000001,6.800000000000001
2010,-241.9,115.85995268217847,4.02170125848085,6.800000000000001,6.800000000000001
2011,-230.10000000000002,115.85995268217847,3.9366439885266287,6.800000000000001,6.800000000000001
2012,-218.3,115.85995268217847,4.031666848868194,6.800000000000001,6.800000000000001
2013,-206.5,115.85995268217847,3.8216856925442273,6.800000000000001,6.800000000000001
2014,-194.70000000000002,115.85995268217847,3.728668957506943,6.800000000000001,6.800000000000001
2015,-182.9,115.85995268217847,3.7739357554717543,6.800000000000001,6.800000000000001
2016,-171.10000000000002,115.85995268217847,3.766091852717694,6.800000000000001,6.800000000000001
2017,-159.3,115.85995268217847,3.808935570015765,6.800000000000001,6.800000000000001
2018,-147.5,115.85995268217847,3.833265875575181,6.800000000000001,6.800000000000001
2019,-135.70000000000002,115.85995268217847,3.703118503870955,6.800000000000001,6.800000000000001
2020,135.70000000000002,115.85995268217847,3.688700889261669,6.800000000000001,6.800000000000001
2021,147.5,115.85995268217847,3.700472056805438,6.800000000000001,6.800000000000001
2022,159.3,115.85995268217847,3.8246178876609536,6.800000000000001,6.800000000000001
2023,171.10000000000002,115.85995268217847,3.7448448417145346,6.800000000000001,6.800000000000001
2024,182.9,115.85995268217847,3.6849006617442317,6.800000000000001,6.800000000000001
2025,194.70000000000002,115.85995268217847,3.7676218110127344,6.800000000000001,6.800000000000001
2026,206.5,115.85995268217847,3.888209072232689,6.800000000000001,6.800000000000001
2027,218.3,115.85995268217847,3.8293143631238236,6.800000000000001,6.800000000000001
2028,230.10000000000002,115.85995268217847,4.03604964714855,6.800000000000001,6.800000000000001
2029,241.9,115.85995268217847,3.9506249478631403,6.800000000000001,6.800000000000001
2030,253.70000000000002,115.85995268217847,4.0636957411114185,6.800000000000001,6.800000000000001
2031,265.5,115.85995268217847,4.2578540861581,6.800000000000001,6.800000000000001
2032,277.3,115.85995268217847,4.126838936330864,6.800000000000001,6.800000000000001
2033,289.1,115.85995268217847,4.212162122329934,6.800000000000001,6.800000000000001
2034,300.90000000000003,115.85995268217847,4.462699491561123,6.800000000000001,6.800000000000001
2035,312.70000000000005,115.85995268217847,4.565789673494274,6.800000000000001,6.800000000000001
2036,324.5,115.85995268217847,4.588548943938421,6.800000000000001,6.800000000000001
2037,-105.70740819845446,125.32065775557369,3.6603133235030265,6.745267577606051,6.718221267771819
2038,-93.9621406208484,125.32065775557369,3.745527805479578,6.745267577606051,6.718221267771819
2039,-82.21687304324234,125.32065775557369,3.5782863565700502,6.745267577606051,6.718221267771819
2040,-70.4716054656363,125.32065775557369,3.5255182623686454,6.745267577606051,6.718221267771819
2041,-58.72633788803025,125.32065775557369,3.5949773029763903,6.745267577606051,6.718221267771819
2042,-46.9810703104242,125.32065775557369,3.479247295513736,6.745267577606051,6.718221267771819
2043,-35.23580273281815,125.32065775557369,3.4091106338859096,6.745267577606051,6.718221267771819
2044,-23.4905351552121,125.32065775557369,3.416447419488641,6.745267577606051,6.718221267771819
2045,-11.74526757760605,125.32065775557369,3.4091106338859096,6.745267577606051,6.718221267771819
2046,0.0,125.32065775557369,3.4091106338859096,6.745267577606051,6.718221267771819
2047,11.74526757760605,125.32065775557369,3.419769667518203,6.745267577606051,6.718221267771819
2048,23.4905351552121,125.32065775557369,3.4091106338859096,6.745267577606051,6.718221267771819
2049,35.23580273281815,125.32065775557369,3.4091106338859096,6.745267577606051,6.718221267771819
2050,46.9810703104242,125.32065775557369,3.4337179862212523,6.745267577606051,6.718221267771819
2051,58.72633788803025,125.32065775557369,3.4553540878127746,6.745267577606051,6.718221267771819
2052,70.4716054656363,125.32065775557369,3.535130005441503,6.745267577606051,6.718221267771819
2053,82.21687304324234,125.32065775557369,3.8496916280746873,6.745267577606051,6.718221267771819
2054,93.9621406208484,125.32065775557369,3.5459576664141927,6.745267577606051,6.718221267771819
2055,105.70740819845446,125.32065775557369,3.6276839851767466,6.745267577606051,6.718221267771819
2056,-318.6,126.07905244683484,4.415670865000839,6.800000000000001,6.800000000000001
2057,-306.8,126.07905244683484,4.400363560791043,6.800000000000001,6.800000000000001
2058,-295.0,126.07905244683484,4.458992751584098,6.800000000000001,6.800000000000001
2059,-283.20000000000005,126.07905244683484,4.305207352820613,6.800000000000001,6.800000000000001
2060,-271.40000000000003,126.07905244683484,4.2094308706455505,6.800000000000001,6.800000000000001
2061,-259.6,126.07905244683484,4.21747919449476,6.800000000000001,6.800000000000001
2062,-247.8,126.07905244683484,4.022826086619481,6.800000000000001,6.800000000000001
2063,-236.0,126.07905244683484,4.15163048805427,6.800000000000001,6.800000000000001
2064,-224.20000000000002,126.07905244683484,3.979935729977048,6.800000000000001,6.800000000000001
2065,-212.4,126.07905244683484,3.880124229448789,6.800000000000001,6.800000000000001
2066,-200.60000000000002,126.07905244683484,3.8239272900840433,6.800000000000001,6.800000000000001
2067,-188.8,126.07905244683484,3.8197602497393657,6.800000000000001,6.800000000000001
2068,-177.0,126.07905244683484,3.909435137959277,6.800000000000001,6.800000000000001
2069,-165.20000000000002,126.07905244683484,3.745750765155606,6.800000000000001,6.800000000000001
2070,-153.4,126.07905244683484,3.7178263565126435,6.800000000000001,6.800000000000001
2071,-141.60000000000002,126.07905244683484,3.679316947234314,6.800000000000001,6.800000000000001
2072,-129.8,126.07905244683484,3.6495653031509607,6.800000000000001,6.800000000000001
2073,-118.0,126.07905244683484,3.685867115964468,6.800000000000001,6.800000000000001
2074,118.0,126.07905244683484,3.7205199791481913,6.800000000000001,6.800000000000001
2075,129.8,126.07905244683484,3.82409432210548,6.800000000000001,6.800000000000001
2076,141.60000000000002,126.07905244683484,3.9623574866692524,6.800000000000001,6.800000000000001
2077,153.4,126.07905244683484,3.8488495910321237,6.800000000000001,6.800000000000001
2078,165.20000000000002,126.07905244683484,3.9458267854353517,6.800000000000001,6.800000000000001
2079,177.0,126.07905244683484,3.8985586918505177,6.800000000000001,6.800000000000001
2080,188.8,126.07905244683484,3.8311425770624865,6.800000000000001,6.800000000000001
2081,200.60000000000002,126.07905244683484,4.01312686425503,6.800000000000001,6.800000000000001
2082,212.4,126.07905244683484,4.047317970795075,6.800000000000001,6.800000000000001
2083,224.20000000000002,126.07905244683484,4.087435488028745,6.800000000000001,6.800000000000001
2084,236.0,126.07905244683484,4.0484307203246415,6.800000000000001,6.800000000000001
2085,247.8,126.07905244683484,4.165737529676442,6.800000000000001,6.800000000000001
2086,259.6,126.07905244683484,4.332820111369051,6.800000000000001,6.800000000000001
2087,271.40000000000003,126.07905244683484,4.186160334784947,6.800000000000001,6.800000000000001
2088,283.20000000000005,126.07905244683484,4.281430935745649,6.800000000000001,6.800000000000001
2089,295.0,126.07905244683484,4.46506332615643,6.800000000000001,6.800000000000001
2090,306.8,126.07905244683484,4.411492947506984,6.800000000000001,6.800000000000001
2091,318.6,126.07905244683484,4.507488305407348,6.800000000000001,6.800000000000001
2092,-88.08950683204537,135.49235785202626,3.69633423720352,6.745267577606051,6.718221267771819
2093,-76.34423925443933,135.49235785202626,3.5520781443714955,6.745267577606051,6.718221267771819
2094,-64.59897167683327,135.49235785202626,3.579990935128157,6.745267577606051,6.718221267771819
2095,-52.85370409922723,135.49235785202626,3.5222158138794057,6.745267577606051,6.718221267771819
2096,-41.10843652162117,135.49235785202626,3.450214747036709,6.745267577606051,6.718221267771819
2097,-29.363168944015126,135.49235785202626,3.4382159662043765,6.745267577606051,6.718221267771819
2098,-17.617901366409075,135.49235785202626,3.4334492274065727,6.745267577606051,6.718221267771819
2099,-5.872633788803025,135.49235785202626,3.449639801328491,6.745267577606051,6.718221267771819
2100,5.872633788803025,135.49235785202626,3.445086870399243,6.745267577606051,6.718221267771819
2101,17.617901366409075,135.49235785202626,3.4223198406906317,6.745267577606051,6.718221267771819
2102,29.363168944015126,135.49235785202626,3.4599688584218957,6.745267577606051,6.718221267771819
2103,41.10843652162117,135.49235785202626,3.5013087496871624,6.745267577606051,6.718221267771819
2104,52.85370409922723,135.49235785202626,3.485033544623877,6.745267577606051,6.718221267771819
2105,64.59897167683327,135.49235785202626,3.5898556188081954,6.745267577606051,6.718221267771819
2106,76.34423925443933,135.49235785202626,3.6674190612457864,6.745267577606051,6.718221267771819
2107,88.08950683204537,135.49235785202626,3.7939693115751782,6.745267577606051,6.718221267771819
2108,-312.70000000000005,136.29815221149119,4.357374881116008,6.800000000000001,6.800000000000001
2109,-300.90000000000003,136.29815221149119,4.366472352878049,6.800000000000001,6.800000000000001
2110,-289.1,136.29815221149119,4.388302677947424,6.800000000000001,6.800000000000001
2111,-277.3,136.29815221149119,4.1924464071103875,6.800000000000001,6.800000000000001
2112,-265.5,136.29815221149119,4.207418043699665,6.800000000000001,6.800000000000001
2113,-253.70000000000002,136.29815221149119,4.375078222092977,6.800000000000001,6.800000000000001
2114,-241.9,136.29815221149119,4.179975305034871,6.800000000000001,6.800000000000001
2115,-230.10000000000002,136.29815221149119,4.0852897506884736,6.800000000000001,6.800000000000001
2116,-218.3,136.29815221149119,4.044532173098634,6.800000000000001,6.800000000000001
2117,-206.5,136.29815221149119,4.178918930715964,6.800000000000001,6.800000000000001
2118,-194.70000000000002,136.29815221149119,3.933562943824991,6.800000000000001,6.800000000000001
2119,-182.9,136.29815221149119,3.841229255351595,6.800000000000001,6.800000000000001
2120,-171.10000000000002,136.29815221149119,4.074250758407605,6.800000000000001,6.800000000000001
2121,-159.3,136.29815221149119,4.015541585166441,6.800000000000001,6.800000000000001
2122,-147.5,136.29815221149119,3.826070602742777,6.800000000000001,6.800000000000001
2123,-135.70000000000002,136.29815221149119,4.043697974350114,6.800000000000001,6.800000000000001
2124,-123.9,136.29815221149119,3.6856147892694313,6.800000000000001,6.800000000000001
2125,-112.10000000000001,136.29815221149119,3.704523147873938,6.800000000000001,6.800000000000001
2126,-100.30000000000001,136.29815221149119,3.6495662376883784,6.800000000000001,6.800000000000001
2127,100.30000000000001,136.29815221149119,3.7122955082691336,6.800000000000001,6.800000000000001
2128,112.10000000000001,136.29815221149119,3.715905475197059,6.800000000000001,6.800000000000001
2129,123.9,136.29815221149119,3.945890674058128,6.800000000000001,6.800000000000001
2130,135.70000000000002,136.29815221149119,3.979956941340638,6.800000000000001,6.800000000000001
2131,147.5,136.29815221149119,3.89284692303842,6.800000000000001,6.800000000000001
2132,159.3,136.29815221149119,3.9353594126902354,6.800000000000001,6.800000000000001
2133,171.10000000000002,136.29815221149119,3.8294042506569177,6.800000000000001,6.800000000000001
2134,182.9,136.29815221149119,3.9069938132185156,6.800000000000001,6.800000000000001
2135,194.70000000000002,136.29815221149119,3.974539322188226,6.800000000000001,6.800000000000001
2136,206.5,136.29815221149119,3.9396371163232464,6.800000000000001,6.800000000000001
2137,218.3,136.29815221149119,4.084749729640328,6.800000000000001,6.800000000000001
2138,230.10000000000002,136.29815221149119,4.101225008940842,6.800000000000001,6.800000000000001
2139,241.9,136.29815221149119,4.092204914343251,6.800000000000001,6.800000000000001
2140,253.70000000000002,136.29815221149119,4.250631443360189,6.800000000000001,6.800000000000001
2141,265.5,136.29815221149119,4.283806107068164,6.800000000000001,6.800000000000001
2142,277.3,136.29815221149119,4.434763508789271,6.800000000000001,6.800000000000001
2143,289.1,136.29815221149119,4.288391138111141,6.800000000000001,6.800000000000001
2144,300.90000000000003,136.29815221149119,4.400872275454593,6.800000000000001,6.800000000000001
2145,312.70000000000005,136.29815221149119,4.406951240123378,6.800000000000001,6.800000000000001
2146,-70.4716054656363,145.66405794847878,3.717845826460493,6.745267577606051,6.718221267771819
2147,-58.72633788803025,145.66405794847878,3.5627781276512294,6.745267577606051,6.718221267771819
2148,-46.9810703104242,145.66405794847878,3.493752211593675,6.745267577606051,6.718221267771819
2149,-35.23580273281815,145.66405794847878,3.509105718178392,6.745267577606051,6.718221267771819
2150,-23.4905351552121,145.66405794847878,3.4672827718065378,6.745267577606051,6.718221267771819
2151,-11.74526757760605,145.66405794847878,3.5074695481468727,6.745267577606051,6.718221267771819
2152,0.0,145.66405794847878,3.4675741108980547,6.745267577606051,6.718221267771819
2153,11.74526757760605,145.66405794847878,3.4685166946410817,6.745267577606051,6.718221267771819
2154,23.4905351552121,145.66405794847878,3.4872650797737945,6.745267577606051,6.718221267771819
2155,35.23580273281815,145.66405794847878,3.4812822513885404,6.745267577606051,6.718221267771819
2156,46.9810703104242,145.66405794847878,3.58379906774992,6.745267577606051,6.718221267771819
2157,58.72633788803025,145.66405794847878,3.6277838636966084,6.745267577606051,6.718221267771819
2158,70.4716054656363,145.66405794847878,3.6444930503781587,6.745267577606051,6.718221267771819
2159,-306.8,146.51725197614758,4.348908196845727,6.800000000000001,6.800000000000001
2160,-295.0,146.51725197614758,4.2731480875198,6.800000000000001,6.800000000000001
2161,-283.20000000000005,146.51725197614758,4.351299632308924,6.800000000000001,6.800000000000001
2162,-271.40000000000003,146.51725197614758,4.391646074830029,6.800000000000001,6.800000000000001
2163,-259.6,146.51725197614758,4.2814119644489335,6.800000000000001,6.800000000000001
2164,-247.8,146.51725197614758,4.226531026025313,6.800000000000001,6.800000000000001
2165,-236.0,146.51725197614758,4.267518299301818,6.800000000000001,6.800000000000001
2166,-224.20000000000002,146.51725197614758,4.150976810280692,6.800000000000001,6.800000000000001
2167,-212.4,146.51725197614758,4.07197878644828,6.800000000000001,6.800000000000001
2168,-200.60000000000002,146.51725197614758,4.1466850477924435,6.800000000000001,6.800000000000001
2169,-188.8,146.51725197614758,4.023828799210763,6.800000000000001,6.800000000000001
2170,-177.0,146.51725197614758,4.047231209898021,6.800000000000001,6.800000000000001
2171,-165.20000000000002,146.51725197614758,4.074063393736494,6.800000000000001,6.800000000000001
2172,-153.4,146.51725197614758,3.9417751663473304,6.800000000000001,6.800000000000001
2173,-141.60000000000002,146.51725197614758,3.976758835568843,6.800000000000001,6.800000000000001
2174,-129.8,146.51725197614758,3.9074633909724716,6.800000000000001,6.800000000000001
2175,-118.0,146.51725197614758,3.8397331106376886,6.800000000000001,6.800000000000001
2176,-106.2,146.51725197614758,3.990713198171196,6.800000000000001,6.800000000000001
2177,-94.4,146.51725197614758,3.6118272414125636,6.800000000000001,6.800000000000001
2178,-82.60000000000001,146.51725197614758,3.6178397447734527,6.800000000000001,6.800000000000001
2179,82.60000000000001,146.51725197614758,3.6261867848104083,6.800000000000001,6.800000000000001
2180,94.4,146.51725197614758,3.6037331419827883,6.800000000000001,6.800000000000001
2181,106.2,146.51725197614758,3.941136839163825,6.800000000000001,6.800000000000001
2182,118.0,146.51725197614758,4.001868039840366,6.800000000000001,6.800000000000001
2183,129.8,146.51725197614758,3.8930457763631847,6.800000000000001,6.800000000000001
2184,141.60000000000002,146.51725197614758,3.9208589613819607,6.800000000000001,6.800000000000001
2185,153.4,146.51725197614758,4.156015860629183,6.800000000000001,6.800000000000001
2186,165.20000000000002,146.51725197614758,4.0391575899455905,6.800000000000001,6.800000000000001
2187,177.0,146.51725197614758,3.9731196119941448,6.800000000000001,6.800000000000001
2188,188.8,146.51725197614758,4.157634380409228,6.800000000000001,6.800000000000001
2189,200.60000000000002,146.51725197614758,4.007314773236009,6.800000000000001,6.800000000000001
2190,212.4,146.51725197614758,4.199460852467234,6.800000000000001,6.800000000000001
2191,224.20000000000002,146.51725197614758,4.03487707158486,6.800000000000001,6.800000000000001
2192,236.0,146.51725197614758,4.114995113172,6.800000000000001,6.800000000000001
2193,247.8,146.51725197614758,4.321383753717987,6.800000000000001,6.800000000000001
2194,259.6,146.51725197614758,4.318594233704463,6.800000000000001,6.800000000000001
2195,271.40000000000003,146.51725197614758,4.313993308425628,6.800000000000001,6.800000000000001
2196,283.20000000000005,146.51725197614758,4.290593886585613,6.800000000000001,6.800000000000001
2197,295.0,146.51725197614758,4.40923013418289,6.800000000000001,6.800000000000001
2198,306.8,146.51725197614758,4.447807974253289,6.800000000000001,6.800000000000001
2199,-41.10843652162117,155.83575804493137,3.551412935047455,6.745267577606051,6.718221267771819
2200,-29.363168944015126,155.83575804493137,3.648176259078442,6.745267577606051,6.718221267771819
2201,-17.617901366409075,155.83575804493137,3.501270783421937,6.745267577606051,6.718221267771819
2202,-5.872633788803025,155.83575804493137,3.5030555135401995,6.745267577606051,6.718221267771819
2203,5.872633788803025,155.83575804493137,3.5619906750132473,6.745267577606051,6.718221267771819
2204,17.617901366409075,155.83575804493137,3.5000060803860347,6.745267577606051,6.718221267771819
2205,29.363168944015126,155.83575804493137,3.5257530052030983,6.745267577606051,6.718221267771819
2206,41.10843652162117,155.83575804493137,3.520554180971438,6.745267577606051,6.718221267771819
2207,-312.70000000000005,156.73635174080397,4.706952452379938,6.800000000000001,6.800000000000001
2208,-300.90000000000003,156.73635174080397,4.382682593974584,6.800000000000001,6.800000000000001
2209,-289.1,156.73635174080397,4.340193956170361,6.800000000000001,6.800000000000001
2210,-277.3,156.73635174080397,4.4891196813960015,6.800000000000001,6.800000000000001
2211,-265.5,156.73635174080397,4.403493748618491,6.800000000000001,6.800000000000001
2212,-253.70000000000002,156.73635174080397,4.39295422617406,6.800000000000001,6.800000000000001
2213,-241.9,156.73635174080397,4.31817369397662,6.800000000000001,6.800000000000001
2214,-230.10000000000002,156.73635174080397,4.122540820870029,6.800000000000001,6.800000000000001
2215,-218.3,156.73635174080397,4.2940303558467035,6.800000000000001,6.800000000000001
2216,-206.5,156.73635174080397,4.316954126052145,6.800000000000001,6.800000000000001
2217,-194.70000000000002,156.73635174080397,4.066928937443911,6.800000000000001,6.800000000000001
2218,-182.9,156.73635174080397,4.016770657325607,6.800000000000001,6.800000000000001
2219,-171.10000000000002,156.73635174080397,4.014032634590956,6.800000000000001,6.800000000000001
2220,-159.3,156.73635174080397,3.9727985414759526,6.800000000000001,6.800000000000001
2221,-147.5,156.73635174080397,4.081852628763549,6.800000000000001,6.800000000000001
2222,-135.70000000000002,156.73635174080397,4.1103576842327865,6.800000000000001,6.800000000000001
2223,-123.9,156.73635174080397,3.983547492598331,6.800000000000001,6.800000000000001
2224,-112.10000000000001,156.73635174080397,3.8758082439076373,6.800000000000001,6.800000000000001
2225,-100.30000000000001,156.73635174080397,3.9607720172438055,6.800000000000001,6.800000000000001
2226,-88.5,156.73635174080397,3.8427045584690287,6.800000000000001,6.800000000000001
2227,-76.7,156.73635174080397,3.685629817884971,6.800000000000001,6.800000000000001
2228,-64.9,156.73635174080397,3.6702635292185546,6.800000000000001,6.800000000000001
2229,-53.1,156.73635174080397,3.5918341604036774,6.800000000000001,6.800000000000001
2230,53.1,156.73635174080397,3.5880400512959705,6.800000000000001,6.800000000000001
2231,64.9,156.73635174080397,3.5751578609187007,6.800000000000001,6.800000000000001
2232,76.7,156.73635174080397,3.7076356507096713,6.800000000000001,6.800000000000001
2233,88.5,156.73635174080397,3.753669464741506,6.800000000000001,6.800000000000001
2234,100.30000000000001,156.73635174080397,3.9311779662036916,6.800000000000001,6.800000000000001
2235,112.10000000000001,156.73635174080397,4.065007818078624,6.800000000000001,6.800000000000001
2236,123.9,156.73635174080397,4.084217854256156,6.800000000000001,6.800000000000001
2237,135.70000000000002,156.73635174080397,4.252763246075387,6.800000000000001,6.800000000000001
2238,147.5,156.73635174080397,3.9445058790645584,6.800000000000001,6.800000000000001
2239,159.3,156.73635174080397,4.161239293825398,6.800000000000001,6.800000000000001
2240,171.10000000000002,156.73635174080397,3.97229743440618,6.800000000000001,6.800000000000001
2241,182.9,156.73635174080397,4.142229198487116,6.800000000000001,6.800000000000001
2242,194.70000000000002,156.73635174080397,4.328216584661329,6.800000000000001,6.800000000000001
2243,206.5,156.73635174080397,4.236519012968757,6.800000000000001,6.800000000000001
2244,218.3,156.73635174080397,4.139989526073801,6.800000000000001,6.800000000000001
2245,230.10000000000002,156.73635174080397,4.202722993346236,6.800000000000001,6.800000000000001
2246,241.9,156.73635174080397,4.426179333242678,6.800000000000001,6.800000000000001
2247,253.70000000000002,156.73635174080397,4.286719171158266,6.800000000000001,6.800000000000001
2248,265.5,156.73635174080397,4.428028987514996,6.800000000000001,6.800000000000001
2249,277.3,156.73635174080397,4.301690691475279,6.800000000000001,6.800000000000001
2250,289.1,156.73635174080397,4.532428817627513,6.800000000000001,6.800000000000001
2251,300.90000000000003,156.73635174080397,4.60451150647185,6.800000000000001,6.800000000000001
2252,312.70000000000005,156.73635174080397,4.583770376683052,6.800000000000001,6.800000000000001
2253,-306.8,166.95545150546036,4.4291040214624635,6.800000000000001,6.800000000000001
2254,-295.0,166.95545150546036,4.424804031140396,6.800000000000001,6.800000000000001
2255,-283.20000000000005,166.95545150546036,4.53699759452812,6.800000000000001,6.800000000000001
2256,-271.40000000000003,166.95545150546036,4.44839529989557,6.800000000000001,6.800000000000001
2257,-259.6,166.95545150546036,4.396182018704621,6.800000000000001,6.800000000000001
2258,-247.8,166.95545150546036,4.18335818755624,6.800000000000001,6.800000000000001
2259,-236.0,166.95545150546036,4.148150660559593,6.800000000000001,6.800000000000001
2260,-224.20000000000002,166.95545150546036,4.144156548624308,6.800000000000001,6.800000000000001
2261,-212.4,166.95545150546036,4.271847826681987,6.800000000000001,6.800000000000001
2262,-200.60000000000002,166.95545150546036,4.140996885117763,6.800000000000001,6.800000000000001
2263,-188.8,166.95545150546036,4.062785945697666,6.800000000000001,6.800000000000001
2264,-177.0,166.95545150546036,4.113421215476001,6.800000000000001,6.800000000000001
2265,-165.20000000000002,166.95545150546036,4.048639158057911,6.800000000000001,6.800000000000001
2266,-153.4,166.95545150546036,4.289669050462774,6.800000000000001,6.800000000000001
2267,-141.60000000000002,166.95545150546036,4.196407351411043,6.800000000000001,6.800000000000001
2268,-129.8,166.95545150546036,4.14051857639346,6.800000000000001,6.800000000000001
2269,-118.0,166.95545150546036,4.0823908013704475,6.800000000000001,6.800000000000001
2270,-106.2,166.95545150546036,3.974069045899329,6.800000000000001,6.800000000000001
2271,-94.4,166.95545150546036,3.9489593026905974,6.800000000000001,6.800000000000001
2272,-82.60000000000001,166.95545150546036,3.6535575659850448,6.800000000000001,6.800000000000001
2273,-70.80000000000001,166.95545150546036,3.7056500746621417,6.800000000000001,6.800000000000001
2274,-59.0,166.95545150546036,3.683432696172082,6.800000000000001,6.800000000000001
2275,-47.2,166.95545150546036,3.568533966855256,6.800000000000001,6.800000000000001
2276,-35.400000000000006,166.95545150546036,3.607906224223836,6.800000000000001,6.800000000000001
2277,-23.6,166.95545150546036,3.5443770336442135,6.800000000000001,6.800000000000001
2278,-11.8,166.95545150546036,3.547467690502705,6.800000000000001,6.800000000000001
2279,0.0,166.95545150546036,3.5565041181576795,6.800000000000001,6.800000000000001
2280,11.8,166.95545150546036,3.553538265075036,6.800000000000001,6.800000000000001
2281,23.6,166.95545150546036,3.6263297903706837,6.800000000000001,6.800000000000001
2282,35.400000000000006,166.95545150546036,3.561871033716991,6.800000000000001,6.800000000000001
2283,47.2,166.95545150546036,3.6815984182649224,6.800000000000001,6.800000000000001
2284,59.0,166.95545150546036,3.6467563081309144,6.800000000000001,6.800000000000001
2285,70.80000000000001,166.95545150546036,3.684403063658983,6.800000000000001,6.800000000000001
2286,82.60000000000001,166.95545150546036,3.7423397191053875,6.800000000000001,6.800000000000001
2287,94.4,166.95545150546036,3.77063617462837,6.800000000000001,6.800000000000001
2288,106.2,166.95545150546036,3.9118456565329347,6.800000000000001,6.800000000000001
2289,118.0,166.95545150546036,4.278419771935307,6.800000000000001,6.800000000000001
2290,129.8,166.95545150546036,4.1273656648200765,6.800000000000001,6.800000000000001
2291,141.60000000000002,166.95545150546036,4.101048742504009,6.800000000000001,6.800000000000001
2292,153.4,166.95545150546036,4.3091454772156705,6.800000000000001,6.800000000000001
2293,165.20000000000002,166.95545150546036,4.044845048950204,6.800000000000001,6.800000000000001
2294,177.0,166.95545150546036,4.045886073358817,6.800000000000001,6.800000000000001
2295,188.8,166.95545150546036,4.119191701098909,6.800000000000001,6.800000000000001
2296,200.60000000000002,166.95545150546036,4.075738208465205,6.800000000000001,6.800000000000001
2297,212.4,166.95545150546036,4.236942022891084,6.800000000000001,6.800000000000001
2298,224.20000000000002,166.95545150546036,4.256462178212434,6.800000000000001,6.800000000000001
2299,236.0,166.95545150546036,4.495438114218369,6.800000000000001,6.800000000000001
2300,247.8,166.95545150546036,4.410245912197116,6.800000000000001,6.800000000000001
2301,259.6,166.95545150546036,4.389099681703569,6.800000000000001,6.800000000000001
2302,271.40000000000003,166.95545150546036,4.404636574853351,6.800000000000001,6.800000000000001
2303,283.20000000000005,166.95545150546036,4.65208557079523,6.800000000000001,6.800000000000001
2304,295.0,166.95545150546036,4.35600418598731,6.800000000000001,6.800000000000001
2305,306.8,166.95545150546036,4.484498014434985,6.800000000000001,6.800000000000001
2306,-300.90000000000003,177.1745512701167,4.664977963728511,6.800000000000001,6.800000000000001
2307,-289.1,177.1745512701167,4.52257240188591,6.800000000000001,6.800000000000001
2308,-277.3,177.1745512701167,4.597695762218508,6.800000000000001,6.800000000000001
2309,-265.5,177.1745512701167,4.638623299240427,6.800000000000001,6.800000000000001
2310,-253.70000000000002,177.1745512701167,4.352999070530022,6.800000000000001,6.800000000000001
2311,-241.9,177.1745512701167,4.449617749812671,6.800000000000001,6.800000000000001
2312,-230.10000000000002,177.1745512701167,4.38849838582136,6.800000000000001,6.800000000000001
2313,-218.3,177.1745512701167,4.3358745270706365,6.800000000000001,6.800000000000001
2314,-206.5,177.1745512701167,4.41422561156504,6.800000000000001,6.800000000000001
2315,-194.70000000000002,177.1745512701167,4.052725748310752,6.800000000000001,6.800000000000001
2316,-182.9,177.1745512701167,4.347685674236891,6.800000000000001,6.800000000000001
2317,-171.10000000000002,177.1745512701167,4.175867518389733,6.800000000000001,6.800000000000001
2318,-159.3,177.1745512701167,4.3298108134501625,6.800000000000001,6.800000000000001
2319,-147.5,177.1745512701167,4.354557138513852,6.800000000000001,6.800000000000001
2320,-135.70000000000002,177.1745512701167,4.0875522185399955,6.800000000000001,6.800000000000001
2321,-123.9,177.1745512701167,4.334755608732922,6.800000000000001,6.800000000000001
2322,-112.10000000000001,177.1745512701167,4.1138401684061865,6.800000000000001,6.800000000000001
2323,-100.30000000000001,177.1745512701167,3.9383717234906013,6.800000000000001,6.800000000000001
2324,-88.5,177.1745512701167,4.058858540809698,6.800000000000001,6.800000000000001
2325,-76.7,177.1745512701167,3.873650741173764,6.800000000000001,6.800000000000001
2326,-64.9,177.1745512701167,3.858874875367076,6.800000000000001,6.800000000000001
2327,-53.1,177.1745512701167,3.664041558522949,6.800000000000001,6.800000000000001
2328,-41.300000000000004,177.1745512701167,3.611221750260935,6.800000000000001,6.800000000000001
2329,-29.5,177.1745512701167,3.65520521296568,6.800000000000001,6.800000000000001
2330,-17.700000000000003,177.1745512701167,3.599762209847159,6.800000000000001,6.800000000000001
2331,-5.9,177.1745512701167,3.5822755773735615,6.800000000000001,6.800000000000001
2332,5.9,177.1745512701167,3.624010777558338,6.800000000000001,6.800000000000001
2333,17.700000000000003,177.1745512701167,3.5845857734163307,6.800000000000001,6.800000000000001
2334,29.5,177.1745512701167,3.675946342754478,6.800000000000001,6.800000000000001
2335,41.300000000000004,177.1745512701167,3.643345207372854,6.800000000000001,6.800000000000001
2336,53.1,177.1745512701167,3.6976826592779504,6.800000000000001,6.800000000000001
2337,64.9,177.1745512701167,3.8034808823945547,6.800000000000001,6.800000000000001
2338,76.7,177.1745512701167,3.8243273227735735,6.800000000000001,6.800000000000001
2339,88.5,177.1745512701167,4.025723321269057,6.800000000000001,6.800000000000001
2340,100.30000000000001,177.1745512701167,4.121500723089256,6.800000000000001,6.800000000000001
2341,112.10000000000001,177.1745512701167,4.084499057973252,6.800000000000001,6.800000000000001
2342,123.9,177.1745512701167,4.174138323173329,6.800000000000001,6.800000000000001
2343,135.70000000000002,177.1745512701167,4.364775124009784,6.800000000000001,6.800000000000001
2344,147.5,177.1745512701167,4.145881137589969,6.800000000000001,6.800000000000001
2345,159.3,177.1745512701167,4.092046642700527,6.800000000000001,6.800000000000001
2346,171.10000000000002,177.1745512701167,4.173085171710749,6.800000000000001,6.800000000000001
2347,182.9,177.1745512701167,4.2687682047965865,6.800000000000001,6.800000000000001
2348,194.70000000000002,177.1745512701167,4.268989967450048,6.800000000000001,6.800000000000001
2349,206.5,177.1745512701167,4.353772806448909,6.800000000000001,6.800000000000001
2350,218.3,177.1745512701167,4.186133687619803,6.800000000000001,6.800000000000001
2351,230.10000000000002,177.1745512701167,4.228639922083307,6.800000000000001,6.800000000000001
2352,241.9,177.1745512701167,4.403329618698647,6.800000000000001,6.800000000000001
2353,253.70000000000002,177.1745512701167,4.5214575149122105,6.800000000000001,6.800000000000001
2354,265.5,177.1745512701167,4.433741407424252,6.800000000000001,6.800000000000001
2355,277.3,177.1745512701167,4.486401895059105,6.800000000000001,6.800000000000001
2356,289.1,177.1745512701167,4.442390229409703,6.800000000000001,6.800000000000001
2357,300.90000000000003,177.1745512701167,4.412543237762408,6.800000000000001,6.800000000000001
2358,-295.0,187.3936510347731,4.614776079273454,6.800000000000001,6.800000000000001
2359,-283.20000000000005,187.3936510347731,4.406353018956752,6.800000000000001,6.800000000000001
2360,-271.40000000000003,187.3936510347731,4.381058958238706,6.800000000000001,6.800000000000001
2361,-259.6,187.3936510347731,4.410992702770088,6.800000000000001,6.800000000000001
2362,-247.8,187.3936510347731,4.411522365309727,6.800000000000001,6.800000000000001
2363,-236.0,187.3936510347731,4.291237729172385,6.800000000000001,6.800000000000001
2364,-224.20000000000002,187.3936510347731,4.238628316234871,6.800000000000001,6.800000000000001
2365,-212.4,187.3936510347731,4.295229266290809,6.800000000000001,6.800000000000001
2366,-200.60000000000002,187.3936510347731,4.293904031972325,6.800000000000001,6.800000000000001
2367,-188.8,187.3936510347731,4.310849400212787,6.800000000000001,6.800000000000001
2368,-177.0,187.3936510347731,4.378002110011175,6.800000000000001,6.800000000000001
2369,-165.20000000000002,187.3936510347731,4.437256596097628,6.800000000000001,6.800000000000001
2370,-153.4,187.3936510347731,4.391305919217013,6.800000000000001,6.800000000000001
2371,-141.60000000000002,187.3936510347731,4.3704938150498505,6.800000000000001,6.800000000000001
2372,-129.8,187.3936510347731,4.252985874010005,6.800000000000001,6.800000000000001
2373,-118.0,187.3936510347731,4.28927917883668,6.800000000000001,6.800000000000001
2374,-106.2,187.3936510347731,4.272050245098532,6.800000000000001,6.800000000000001
2375,-94.4,187.3936510347731,3.973993938011877,6.800000000000001,6.800000000000001
2376,-82.60000000000001,187.3936510347731,3.762467580137442,6.800000000000001,6.800000000000001
2377,-70.80000000000001,187.3936510347731,3.792861510895369,6.800000000000001,6.800000000000001
2378,-59.0,187.3936510347731,3.6876153819256885,6.800000000000001,6.800000000000001
2379,-47.2,187.3936510347731,3.681025120893322,6.800000000000001,6.800000000000001
2380,-35.400000000000006,187.3936510347731,3.7473543968840994,6.800000000000001,6.800000000000001
2381,-23.6,187.3936510347731,3.631691215391249,6.800000000000001,6.800000000000001
2382,-11.8,187.3936510347731,3.665173593574647,6.800000000000001,6.800000000000001
2383,0.0,187.3936510347731,3.674308169990215,6.800000000000001,6.800000000000001
2384,11.8,187.3936510347731,3.70488526890198,6.800000000000001,6.800000000000001
2385,23.6,187.3936510347731,3.683796980470424,6.800000000000001,6.800000000000001
2386,35.400000000000006,187.3936510347731,3.7154838803793613,6.800000000000001,6.800000000000001
2387,47.2,187.3936510347731,3.8436659313103605,6.800000000000001,6.800000000000001
2388,59.0,187.3936510347731,3.777409297474753,6.800000000000001,6.800000000000001
2389,70.80000000000001,187.3936510347731,3.7761674308214577,6.800000000000001,6.800000000000001
2390,82.60000000000001,187.3936510347731,3.944837757914556,6.800000000000001,6.800000000000001
2391,94.4,187.3936510347731,3.979558631369847,6.800000000000001,6.800000000000001
2392,106.2,187.3936510347731,4.163538724618113,6.800000000000001,6.800000000000001
2393,118.0,187.3936510347731,4.309261486803937,6.800000000000001,6.800000000000001
2394,129.8,187.3936510347731,4.422961962035277,6.800000000000001,6.800000000000001
2395,141.60000000000002,187.3936510347731,4.340140942188196,6.800000000000001,6.800000000000001
2396,153.4,187.3936510347731,4.40673529625502,6.800000000000001,6.800000000000001
2397,165.20000000000002,187.3936510347731,4.443580111277139,6.800000000000001,6.800000000000001
2398,177.0,187.3936510347731,4.453125470343772,6.800000000000001,6.800000000000001
2399,188.8,187.3936510347731,4.184126156015374,6.800000000000001,6.800000000000001
2400,200.60000000000002,187.3936510347731,4.467927169712482,6.800000000000001,6.800000000000001
2401,212.4,187.3936510347731,4.291435157183102,6.800000000000001,6.800000000000001
2402,224.20000000000002,187.3936510347731,4.407592641831419,6.800000000000001,6.800000000000001
2403,236.0,187.3936510347731,4.49586668038138,6.800000000000001,6.800000000000001
2404,247.8,187.3936510347731,4.540522074971763,6.800000000000001,6.800000000000001
2405,259.6,187.3936510347731,4.353575184940122,6.800000000000001,6.800000000000001
2406,271.40000000000003,187.3936510347731,4.57379970091022,6.800000000000001,6.800000000000001
2407,283.20000000000005,187.3936510347731,4.730622877362106,6.7227568623235525,6.718680903604102
2408,295.0,187.3936510347731,4.447582337927168,6.800000000000001,6.800000000000001
2409,-277.3,197.61275079942948,4.646779892152047,6.800000000000001,6.800000000000001
2410,-265.5,197.61275079942948,4.507662558202792,6.800000000000001,6.800000000000001
2411,-253.70000000000002,197.61275079942948,4.603726389097544,6.800000000000001,6.800000000000001
2412,-241.9,197.61275079942948,4.275026242352167,6.800000000000001,6.800000000000001
2413,-230.10000000000002,197.61275079942948,4.467767967123389,6.800000000000001,6.800000000000001
2414,-218.3,197.61275079942948,4.6123791349359315,6.800000000000001,6.800000000000001
2415,-206.5,197.61275079942948,4.449396330715104,6.800000000000001,6.800000000000001
2416,-194.70000000000002,197.61275079942948,4.2869588057211985,6.800000000000001,6.800000000000001
2417,-182.9,197.61275079942948,4.43649803713745,6.800000000000001,6.800000000000001
2418,-171.10000000000002,197.61275079942948,4.5416862696955915,6.691050280449603,6.685301231760731
2419,-159.3,197.61275079942948,4.517098975322598,6.740223110352514,6.737068808987894
2420,-147.5,197.61275079942948,4.444003056341462,6.800000000000001,6.800000000000001
2421,-135.70000000000002,197.61275079942948,4.199039606076939,6.800000000000001,6.800000000000001
2422,-123.9,197.61275079942948,4.206721597970765,6.800000000000001,6.800000000000001
2423,-112.10000000000001,197.61275079942948,4.069000845147639,6.800000000000001,6.800000000000001
2424,-100.30000000000001,197.61275079942948,4.021446014758688,6.800000000000001,6.800000000000001
2425,-88.5,197.61275079942948,3.926790655250168,6.800000000000001,6.800000000000001
2426,-76.7,197.61275079942948,3.9958124061654656,6.800000000000001,6.800000000000001
2427,-64.9,197.61275079942948,3.792262937822979,6.800000000000001,6.800000000000001
2428,-53.1,197.61275079942948,3.8461212983524256,6.800000000000001,6.800000000000001
2429,-41.300000000000004,197.61275079942948,3.809402049039139,6.800000000000001,6.800000000000001
2430,-29.5,197.61275079942948,3.7213623346702933,6.800000000000001,6.800000000000001
2431,-17.700000000000003,197.61275079942948,3.711294991149934,6.800000000000001,6.800000000000001
2432,-5.9,197.61275079942948,3.7164983766321087,6.800000000000001,6.800000000000001
2433,5.9,197.61275079942948,3.654527927872895,6.800000000000001,6.800000000000001
2434,17.700000000000003,197.61275079942948,3.761377231371666,6.800000000000001,6.800000000000001
2435,29.5,197.61275079942948,3.7206035128487525,6.800000000000001,6.800000000000001
2436,41.300000000000004,197.61275079942948,3.764125680353836,6.800000000000001,6.800000000000001
2437,53.1,197.61275079942948,3.8815329833576904,6.800000000000001,6.800000000000001
2438,64.9,197.61275079942948,3.9167097165557667,6.800000000000001,6.800000000000001
2439,76.7,197.61275079942948,4.092435718108403,6.800000000000001,6.800000000000001
2440,88.5,197.61275079942948,3.935137695287123,6.800000000000001,6.800000000000001
2441,100.30000000000001,197.61275079942948,4.271098394045804,6.800000000000001,6.800000000000001
2442,112.10000000000001,197.61275079942948,4.397064812660699,6.800000000000001,6.800000000000001
2443,123.9,197.61275079942948,4.262115590943287,6.800000000000001,6.800000000000001
2444,135.70000000000002,197.61275079942948,4.254939480263821,6.800000000000001,6.800000000000001
2445,147.5,197.61275079942948,4.5188734760668785,5.415586414311697,5.4107739863379445
2446,159.3,197.61275079942948,4.364069907978417,6.800000000000001,6.800000000000001
2447,171.10000000000002,197.61275079942948,4.491351088866679,6.800000000000001,6.800000000000001
2448,182.9,197.61275079942948,4.471403840928354,6.800000000000001,6.800000000000001
2449,194.70000000000002,197.61275079942948,4.4619937058900785,6.800000000000001,6.800000000000001
2450,206.5,197.61275079942948,4.554619623302177,6.800000000000001,6.800000000000001
2451,218.3,197.61275079942948,4.433297185052163,6.800000000000001,6.800000000000001
2452,230.10000000000002,197.61275079942948,4.464226798622862,6.800000000000001,6.800000000000001
2453,241.9,197.61275079942948,4.3799965943320585,6.800000000000001,6.800000000000001
2454,253.70000000000002,197.61275079942948,4.433750301072273,6.800000000000001,6.800000000000001
2455,265.5,197.61275079942948,4.692562142051711,6.800000000000001,6.800000000000001
2456,277.3,197.61275079942948,4.602515285895466,6.800000000000001,6.800000000000001
2457,-271.40000000000003,207.8318505640858,4.582666274302065,6.800000000000001,6.800000000000001
2458,-259.6,207.8318505640858,4.565466313013793,6.800000000000001,6.800000000000001
2459,-247.8,207.8318505640858,4.567752859944961,6.800000000000001,6.800000000000001
2460,-236.0,207.8318505640858,4.69471432557634,6.800000000000001,6.800000000000001
2461,-224.20000000000002,207.8318505640858,4.505163323959866,6.800000000000001,6.800000000000001
2462,-212.4,207.8318505640858,4.318108353005009,6.800000000000001,6.800000000000001
2463,-200.60000000000002,207.8318505640858,4.478108404033321,6.800000000000001,6.800000000000001
2464,-188.8,207.8318505640858,4.53903365165207,6.800000000000001,6.800000000000001
2465,-177.0,207.8318505640858,4.517639061485587,6.800000000000001,6.800000000000001
2466,-165.20000000000002,207.8318505640858,4.280436226822712,6.800000000000001,6.800000000000001
2467,-153.4,207.8318505640858,4.461108708015386,6.800000000000001,6.800000000000001
2468,-141.60000000000002,207.8318505640858,4.380075162214522,6.800000000000001,6.800000000000001
2469,-129.8,207.8318505640858,4.433765787820918,6.800000000000001,6.800000000000001
2470,-118.0,207.8318505640858,4.292925675164341,6.800000000000001,6.800000000000001
2471,-106.2,207.8318505640858,4.1488522872233355,6.800000000000001,6.800000000000001
2472,-94.4,207.8318505640858,3.9775901517212615,6.800000000000001,6.800000000000001
2473,-82.60000000000001,207.8318505640858,4.245886831423176,6.800000000000001,6.800000000000001
2474,-70.80000000000001,207.8318505640858,3.9966840448835175,6.800000000000001,6.800000000000001
2475,-59.0,207.8318505640858,3.9962031597414835,6.800000000000001,6.800000000000001
2476,-47.2,207.8318505640858,3.773779667794641,6.800000000000001,6.800000000000001
2477,-35.400000000000006,207.8318505640858,3.8361036798874344,6.800000000000001,6.800000000000001
2478,-23.6,207.8318505640858,3.8118990992017485,6.800000000000001,6.800000000000001
2479,-11.8,207.8318505640858,3.8463839160962623,6.800000000000001,6.800000000000001
2480,0.0,207.8318505640858,3.7384888131004934,6.800000000000001,6.800000000000001
2481,11.8,207.8318505640858,3.779354655193439,6.800000000000001,6.800000000000001
2482,23.6,207.8318505640858,3.9732752065828847,6.800000000000001,6.800000000000001
2483,35.400000000000006,207.8318505640858,3.735939199443971,6.800000000000001,6.800000000000001
2484,47.2,207.8318505640858,3.8129854619076125,6.800000000000001,6.800000000000001
2485,59.0,207.8318505640858,3.779180118780646,6.800000000000001,6.800000000000001
2486,70.80000000000001,207.8318505640858,3.8942430989754295,6.800000000000001,6.800000000000001
2487,82.60000000000001,207.8318505640858,3.8679935642955634,6.800000000000001,6.800000000000001
2488,94.4,207.8318505640858,4.1958778957180005,6.800000000000001,6.800000000000001
2489,106.2,207.8318505640858,4.18401103162142,6.800000000000001,6.800000000000001
2490,118.0,207.8318505640858,4.195037660185502,6.800000000000001,6.800000000000001
2491,129.8,207.8318505640858,4.509900910582237,6.800000000000001,6.800000000000001
2492,141.60000000000002,207.8318505640858,4.49870430698216,6.800000000000001,6.800000000000001
2493,153.4,207.8318505640858,4.5605143666373085,5.260335047741492,5.260335047741492
2494,165.20000000000002,207.8318505640858,4.524270972144678,6.800000000000001,6.800000000000001
2495,177.0,207.8318505640858,4.566203658064236,6.728876421134923,6.725123378726833
2496,188.8,207.8318505640858,4.494010223573948,6.800000000000001,6.800000000000001
2497,200.60000000000002,207.8318505640858,4.462173145780953,6.800000000000001,6.800000000000001
2498,212.4,207.8318505640858,4.571048960185472,6.800000000000001,6.800000000000001
2499,224.20000000000002,207.8318505640858,4.621516003262879,6.800000000000001,6.800000000000001
2500,236.0,207.8318505640858,4.421032588607079,6.800000000000001,6.800000000000001
2501,247.8,207.8318505640858,4.529811768867892,6.800000000000001,6.800000000000001
2502,259.6,207.8318505640858,4.522466409793115,6.800000000000001,6.800000000000001
2503,271.40000000000003,207.8318505640858,4.522719350400295,6.800000000000001,6.800000000000001
2504,-265.5,218.0509503287422,4.658428812222878,6.800000000000001,6.800000000000001
2505,-253.70000000000002,218.0509503287422,4.4221822851163255,6.800000000000001,6.800000000000001
2506,-241.9,218.0509503287422,4.654634703115171,6.800000000000001,6.800000000000001
2507,-230.10000000000002,218.0509503287422,4.306950656283681,6.800000000000001,6.800000000000001
2508,-218.3,218.0509503287422,4.325986460631326,6.800000000000001,6.800000000000001
2509,-206.5,218.0509503287422,4.502100613833935,6.800000000000001,6.800000000000001
2510,-194.70000000000002,218.0509503287422,4.663347120032494,5.44481024426318,5.437858082831132
2511,-182.9,218.0509503287422,4.53028328885667,6.800000000000001,6.800000000000001
2512,-171.10000000000002,218.0509503287422,4.5463736217162705,6.800000000000001,6.800000000000001
2513,-159.3,218.0509503287422,4.597098356362167,6.221742051650946,6.216078049377281
2514,-147.5,218.0509503287422,4.5413813509920296,6.800000000000001,6.800000000000001
2515,-135.70000000000002,218.0509503287422,4.548759454473681,6.72181421763539,6.717688517528528
2516,-123.9,218.0509503287422,4.517112627463127,6.800000000000001,6.800000000000001
2517,-112.10000000000001,218.0509503287422,4.360762540636332,6.800000000000001,6.800000000000001
2518,-100.30000000000001,218.0509503287422,4.224459419249442,6.800000000000001,6.800000000000001
2519,-88.5,218.0509503287422,4.177828730354753,6.800000000000001,6.800000000000001
2520,-76.7,218.0509503287422,4.1915935733088965,6.800000000000001,6.800000000000001
2521,-64.9,218.0509503287422,3.9772090396778226,6.800000000000001,6.800000000000001
2522,-53.1,218.0509503287422,4.046682003796777,6.800000000000001,6.800000000000001
2523,-41.300000000000004,218.0509503287422,4.003955966725327,6.800000000000001,6.800000000000001
2524,-29.5,218.0509503287422,3.8488185982151855,6.800000000000001,6.800000000000001
2525,-17.700000000000003,218.0509503287422,3.852453809171954,6.800000000000001,6.800000000000001
2526,-5.9,218.0509503287422,3.813289547189696,6.800000000000001,6.800000000000001
2527,5.9,218.0509503287422,3.8213836466194713,6.800000000000001,6.800000000000001
2528,17.700000000000003,218.0509503287422,3.775053983374732,6.800000000000001,6.800000000000001
2529,29.5,218.0509503287422,3.8344009836058994,6.800000000000001,6.800000000000001
2530,41.300000000000004,218.0509503287422,3.894432683816187,6.800000000000001,6.800000000000001
2531,53.1,218.0509503287422,3.8648177072340237,6.800000000000001,6.800000000000001
2532,64.9,218.0509503287422,4.057391212154029,6.800000000000001,6.800000000000001
2533,76.7,218.0509503287422,3.881488388905648,6.800000000000001,6.800000000000001
2534,88.5,218.0509503287422,4.155064075708513,6.800000000000001,6.800000000000001
2535,100.30000000000001,218.0509503287422,4.325382721514447,6.800000000000001,6.800000000000001
2536,112.10000000000001,218.0509503287422,4.2203805036511755,6.800000000000001,6.800000000000001
2537,123.9,218.0509503287422,4.4533715944536505,6.800000000000001,6.800000000000001
2538,135.70000000000002,218.0509503287422,4.424059735133713,6.800000000000001,6.800000000000001
2539,147.5,218.0509503287422,4.38329347150424,6.800000000000001,6.800000000000001
2540,159.3,218.0509503287422,4.4559574975554685,6.800000000000001,6.800000000000001
2541,171.10000000000002,218.0509503287422,4.5868441188651445,6.800000000000001,6.800000000000001
2542,182.9,218.0509503287422,4.640059512372991,5.737255388117352,5.730575596016265
2543,194.70000000000002,218.0509503287422,4.583417888163467,6.800000000000001,6.800000000000001
2544,206.5,218.0509503287422,4.583294548738864,6.800000000000001,6.800000000000001
2545,218.3,218.0509503287422,4.5715917902035565,6.800000000000001,6.800000000000001
2546,230.10000000000002,218.0509503287422,4.690155676162083,6.800000000000001,6.800000000000001
2547,241.9,218.0509503287422,4.498823289092007,6.800000000000001,6.800000000000001
2548,253.70000000000002,218.0509503287422,4.597976007106748,6.800000000000001,6.800000000000001
2549,265.5,218.0509503287422,4.728240419804687,6.800000000000001,6.800000000000001
2550,-259.6,228.2700500933986,4.734191350143692,6.800000000000001,6.800000000000001
2551,-247.8,228.2700500933986,4.704597299103578,6.800000000000001,6.800000000000001
2552,-236.0,228.2700500933986,4.699538486959969,6.800000000000001,6.800000000000001
2553,-224.20000000000002,228.2700500933986,4.723689917470325,6.800000000000001,6.800000000000001
2554,-212.4,228.2700500933986,4.576207681248976,6.800000000000001,6.800000000000001
2555,-200.60000000000002,228.2700500933986,4.7123066172970045,5.234288993227842,5.234288993227842
2556,-188.8,228.2700500933986,4.690911192798577,5.7042798705193025,5.697665681044139
2557,-177.0,228.2700500933986,4.6582765520053515,5.511031402121782,5.504265809535774
2558,-165.20000000000002,228.2700500933986,4.638742853400475,5.613720620237338,5.608796743892794
2559,-153.4,228.2700500933986,4.508176212847761,6.800000000000001,6.800000000000001
2560,-141.60000000000002,228.2700500933986,4.507437737186958,6.800000000000001,6.800000000000001
2561,-129.8,228.2700500933986,4.402873132838586,6.800000000000001,6.800000000000001
2562,-118.0,228.2700500933986,4.369580664720081,6.800000000000001,6.800000000000001
2563,-106.2,228.2700500933986,4.351723591145467,6.800000000000001,6.800000000000001
2564,-94.4,228.2700500933986,4.014976435842316,6.800000000000001,6.800000000000001
2565,-82.60000000000001,228.2700500933986,4.0891327252660234,6.800000000000001,6.800000000000001
2566,-70.80000000000001,228.2700500933986,4.071403180561424,6.800000000000001,6.800000000000001
2567,-59.0,228.2700500933986,4.221610076079981,6.800000000000001,6.800000000000001
2568,-47.2,228.2700500933986,3.917060366612979,6.800000000000001,6.800000000000001
2569,-35.400000000000006,228.2700500933986,4.035498022960242,6.800000000000001,6.800000000000001
2570,-23.6,228.2700500933986,3.866445248848676,6.800000000000001,6.800000000000001
2571,-11.8,228.2700500933986,3.8487777970707473,6.800000000000001,6.800000000000001
2572,0.0,228.2700500933986,3.9291397598010027,6.800000000000001,6.800000000000001
2573,11.8,228.2700500933986,3.893548284541689,6.800000000000001,6.800000000000001
2574,23.6,228.2700500933986,3.878839338600519,6.800000000000001,6.800000000000001
2575,35.400000000000006,228.2700500933986,3.8359278838948567,6.800000000000001,6.800000000000001
2576,47.2,228.2700500933986,3.9254074066499345,6.800000000000001,6.800000000000001
2577,59.0,228.2700500933986,3.9367989523947786,6.800000000000001,6.800000000000001
2578,70.80000000000001,228.2700500933986,4.131855985677555,6.800000000000001,6.800000000000001
2579,82.60000000000001,228.2700500933986,4.179179581422268,6.800000000000001,6.800000000000001
2580,94.4,228.2700500933986,4.321793392352218,6.800000000000001,6.800000000000001
2581,106.2,228.2700500933986,4.322888361926894,6.800000000000001,6.800000000000001
2582,118.0,228.2700500933986,4.501362721061102,6.800000000000001,6.800000000000001
2583,129.8,228.2700500933986,4.582208023329535,5.720759031788808,5.714122852062214
2584,141.60000000000002,228.2700500933986,4.496814231685379,6.800000000000001,6.800000000000001
2585,153.4,228.2700500933986,4.522846768064229,6.800000000000001,6.800000000000001
2586,165.20000000000002,228.2700500933986,4.660748686225176,4.818740850642953,4.811668895281525
2587,177.0,228.2700500933986,4.415200628504926,6.800000000000001,6.800000000000001
2588,188.8,228.2700500933986,4.610981960929551,6.800000000000001,6.800000000000001
2589,200.60000000000002,228.2700500933986,4.702947814831327,5.660201124826382,5.6554268389620095
2590,212.4,228.2700500933986,4.74264260077372,4.953040292000087,4.9458518996821255
2591,224.20000000000002,228.2700500933986,4.712054649540024,6.800000000000001,6.800000000000001
2592,236.0,228.2700500933986,4.363633360624314,6.800000000000001,6.800000000000001
2593,247.8,228.2700500933986,4.718761973105684,6.800000000000001,6.800000000000001
2594,259.6,228.2700500933986,4.571550539726655,6.800000000000001,6.800000000000001
2595,-253.70000000000002,238.48914985805493,4.587366153745698,6.800000000000001,6.800000000000001
2596,-241.9,238.48914985805493,4.750765785984277,6.685461627423174,6.679417677210125
2597,-230.10000000000002,238.48914985805493,4.638207215788971,6.800000000000001,6.800000000000001
2598,-218.3,238.48914985805493,4.655154236470063,6.800000000000001,6.800000000000001
2599,-206.5,238.48914985805493,4.69375102658454,6.800000000000001,6.800000000000001
2600,-194.70000000000002,238.48914985805493,4.7002926345467575,6.800000000000001,6.800000000000001
2601,-182.9,238.48914985805493,4.720608809224254,4.957223912346594,4.952228058553814
2602,-171.10000000000002,238.48914985805493,4.695312356698787,5.080399991871998,5.0753688020123
2603,-159.3,238.48914985805493,4.652029499729817,6.516880559317746,6.5102884852099
2604,-147.5,238.48914985805493,4.624711475772225,6.6960151979572125,6.690528137574555
2605,-135.70000000000002,238.48914985805493,4.558528423001462,6.800000000000001,6.800000000000001
2606,-123.9,238.48914985805493,4.40750390526929,6.800000000000001,6.800000000000001
2607,-112.10000000000001,238.48914985805493,4.246061064211622,6.800000000000001,6.800000000000001
2608,-100.30000000000001,238.48914985805493,4.334027596121123,6.800000000000001,6.800000000000001
2609,-88.5,238.48914985805493,4.163554690677385,6.800000000000001,6.800000000000001
2610,-76.7,238.48914985805493,4.0050890912501185,6.800000000000001,6.800000000000001
2611,-64.9,238.48914985805493,4.078232801435907,6.800000000000001,6.800000000000001
2612,-53.1,238.48914985805493,4.047884393094931,6.800000000000001,6.800000000000001
2613,-41.300000000000004,238.48914985805493,3.8703243554539446,6.800000000000001,6.800000000000001
2614,-29.5,238.48914985805493,3.843296418568922,6.800000000000001,6.800000000000001
2615,-17.700000000000003,238.48914985805493,4.030060985419398,6.800000000000001,6.800000000000001
2616,-5.9,238.48914985805493,3.9758480613749896,6.800000000000001,6.800000000000001
2617,5.9,238.48914985805493,4.031242054347511,6.800000000000001,6.800000000000001
2618,17.700000000000003,238.48914985805493,3.9868081415915393,6.800000000000001,6.800000000000001
2619,29.5,238.48914985805493,4.046913607349194,6.800000000000001,6.800000000000001
2620,41.300000000000004,238.48914985805493,4.131106121457002,6.800000000000001,6.800000000000001
2621,53.1,238.48914985805493,4.05319614584572,6.800000000000001,6.800000000000001
2622,64.9,238.48914985805493,4.101756277903689,6.800000000000001,6.800000000000001
2623,76.7,238.48914985805493,4.201118061814978,6.800000000000001,6.800000000000001
2624,88.5,238.48914985805493,4.437236427646646,6.800000000000001,6.800000000000001
2625,100.30000000000001,238.48914985805493,4.314298228761047,6.800000000000001,6.800000000000001
2626,112.10000000000001,238.48914985805493,4.262502203678351,6.800000000000001,6.800000000000001
2627,123.9,238.48914985805493,4.488444899567038,6.800000000000001,6.800000000000001
2628,135.70000000000002,238.48914985805493,4.5539754920722135,6.800000000000001,6.800000000000001
2629,147.5,238.48914985805493,4.537699906902145,6.800000000000001,6.800000000000001
2630,159.3,238.48914985805493,4.673782391947337,5.109633167195385,5.102600757834572
2631,171.10000000000002,238.48914985805493,4.6695124147663805,6.286207543542592,6.286207543542592
2632,182.9,238.48914985805493,4.6728030344671465,6.800000000000001,6.800000000000001
2633,194.70000000000002,238.48914985805493,4.713445546120141,6.685950611484655,6.679932463937177
2634,206.5,238.48914985805493,4.68818633322657,6.800000000000001,6.800000000000001
2635,218.3,238.48914985805493,4.7646775193792035,5.473786347031554,5.473786347031554
2636,230.10000000000002,238.48914985805493,4.747983439305292,6.6874394047587735,6.681499817716598
2637,241.9,238.48914985805493,4.7550657763063455,6.766993200553466,6.765251500823856
2638,253.70000000000002,238.48914985805493,4.6174660860001735,6.800000000000001,6.800000000000001
2639,-236.0,248.70824962271132,4.7144756349241455,6.800000000000001,6.800000000000001
2640,-224.20000000000002,248.70824962271132,4.699299198493318,6.800000000000001,6.800000000000001
2641,-212.4,248.70824962271132,4.783528420684412,5.214273861116972,5.207009592958167
2642,-200.60000000000002,248.70824962271132,4.726884845943449,6.800000000000001,6.800000000000001
2643,-188.8,248.70824962271132,4.68480521080193,6.800000000000001,6.800000000000001
2644,-177.0,248.70824962271132,4.745306755808542,5.044558713798417,5.044558713798417
2645,-165.20000000000002,248.70824962271132,4.682059513380665,6.794985178544181,6.794720556911059
2646,-153.4,248.70824962271132,4.635245788563692,6.800000000000001,6.800000000000001
2647,-141.60000000000002,248.70824962271132,4.637296133749903,6.800000000000001,6.800000000000001
2648,-129.8,248.70824962271132,4.644759391816624,6.70738297551393,6.702495768962264
2649,-118.0,248.70824962271132,4.292696804539359,6.800000000000001,6.800000000000001
2650,-106.2,248.70824962271132,4.281301772410963,6.800000000000001,6.800000000000001
2651,-94.4,248.70824962271132,4.418897648341062,6.800000000000001,6.800000000000001
2652,-82.60000000000001,248.70824962271132,4.327894176704766,6.800000000000001,6.800000000000001
2653,-70.80000000000001,248.70824962271132,4.173002657836546,6.800000000000001,6.800000000000001
2654,-59.0,248.70824962271132,4.040518831780673,6.800000000000001,6.800000000000001
2655,-47.2,248.70824962271132,4.048351184468073,6.800000000000001,6.800000000000001
2656,-35.400000000000006,248.70824962271132,3.974703321819935,6.800000000000001,6.800000000000001
2657,-23.6,248.70824962271132,3.934942300543793,6.800000000000001,6.800000000000001
2658,-11.8,248.70824962271132,3.981698911156191,6.800000000000001,6.800000000000001
2659,0.0,248.70824962271132,3.918955864400224,6.800000000000001,6.800000000000001
2660,11.8,248.70824962271132,4.0735163515626995,6.800000000000001,6.800000000000001
2661,23.6,248.70824962271132,3.9319070132576273,6.800000000000001,6.800000000000001
2662,35.400000000000006,248.70824962271132,4.160108786883215,6.800000000000001,6.800000000000001
2663,47.2,248.70824962271132,4.153827417662327,6.800000000000001,6.800000000000001
2664,59.0,248.70824962271132,4.057971733676125,6.800000000000001,6.800000000000001
2665,70.80000000000001,248.70824962271132,4.2268790071659845,6.800000000000001,6.800000000000001
2666,82.60000000000001,248.70824962271132,4.110618195136748,6.800000000000001,6.800000000000001
2667,94.4,248.70824962271132,4.313168474539628,6.800000000000001,6.800000000000001
2668,106.2,248.70824962271132,4.1887255101829135,6.800000000000001,6.800000000000001
2669,118.0,248.70824962271132,4.613931375658547,6.800000000000001,6.800000000000001
2670,129.8,248.70824962271132,4.639700579673015,6.682599570563405,6.676404595599626
2671,141.60000000000002,248.70824962271132,4.642860827107873,6.713294103862433,6.708718815182809
2672,153.4,248.70824962271132,4.659781027460197,6.732303582906541,6.7287313846527175
2673,165.20000000000002,248.70824962271132,4.726830000851606,5.001380386290897,5.001380386290897
2674,177.0,248.70824962271132,4.680048079155982,6.800000000000001,6.800000000000001
2675,188.8,248.70824962271132,4.692140488410164,6.800000000000001,6.800000000000001
2676,200.60000000000002,248.70824962271132,4.696026091867433,6.800000000000001,6.800000000000001
2677,212.4,248.70824962271132,4.786563707970578,5.024417639549634,5.017287061291605
2678,224.20000000000002,248.70824962271132,4.689687455420461,6.800000000000001,6.800000000000001
2679,236.0,248.70824962271132,4.738504992606289,6.723719499484198,6.719694337113092
2680,-230.10000000000002,258.9273493873677,4.799344034703457,4.766084091995225,4.758708476345824
2681,-218.3,258.9273493873677,4.751285319339168,6.247809456523596,6.247809456523596
2682,-206.5,258.9273493873677,4.798585212881915,4.854896279847626,4.847539023449906
2683,-194.70000000000002,258.9273493873677,4.794032281952667,4.901762120237883,4.894612182184824
2684,-182.9,258.9273493873677,4.771273011508519,5.495657181547181,5.495657181547181
2685,-171.10000000000002,258.9273493873677,4.772036450933282,4.828095498953933,4.820793793544823
2686,-159.3,258.9273493873677,4.711293070213035,6.7033385483272685,6.6982379258172084
2687,-147.5,258.9273493873677,4.622481505778764,6.800000000000001,6.800000000000001
2688,-135.70000000000002,258.9273493873677,4.503376210785058,6.800000000000001,6.800000000000001
2689,-123.9,258.9273493873677,4.517174753363245,6.800000000000001,6.800000000000001
2690,-112.10000000000001,258.9273493873677,4.4964807284052295,6.800000000000001,6.800000000000001
2691,-100.30000000000001,258.9273493873677,4.220020156424013,6.800000000000001,6.800000000000001
2692,-88.5,258.9273493873677,4.501550113938332,6.800000000000001,6.800000000000001
2693,-76.7,258.9273493873677,4.3379526604902,6.800000000000001,6.800000000000001
2694,-64.9,258.9273493873677,4.192656109531752,6.800000000000001,6.800000000000001
2695,-53.1,258.9273493873677,4.160297232042567,6.800000000000001,6.800000000000001
2696,-41.300000000000004,258.9273493873677,4.065873251848313,6.800000000000001,6.800000000000001
2697,-29.5,258.9273493873677,4.029304615998494,6.800000000000001,6.800000000000001
2698,-17.700000000000003,258.9273493873677,3.98206491747328,6.800000000000001,6.800000000000001
2699,-5.9,258.9273493873677,4.018009056195464,6.800000000000001,6.800000000000001
2700,5.9,258.9273493873677,4.275502594305175,6.800000000000001,6.800000000000001
2701,17.700000000000003,258.9273493873677,4.155329233391897,6.800000000000001,6.800000000000001
2702,29.5,258.9273493873677,4.1041750357239115,6.800000000000001,6.800000000000001
2703,41.300000000000004,258.9273493873677,4.170337722613844,6.800000000000001,6.800000000000001
2704,53.1,258.9273493873677,4.012326976841996,6.800000000000001,6.800000000000001
2705,64.9,258.9273493873677,4.36642630666473,6.800000000000001,6.800000000000001
2706,76.7,258.9273493873677,4.542075730484834,6.800000000000001,6.800000000000001
2707,88.5,258.9273493873677,4.412515020210808,6.800000000000001,6.800000000000001
2708,100.30000000000001,258.9273493873677,4.369002174053306,6.800000000000001,6.800000000000001
2709,112.10000000000001,258.9273493873677,4.416045615321843,6.800000000000001,6.800000000000001
2710,123.9,258.9273493873677,4.405375004989481,6.800000000000001,6.800000000000001
2711,135.70000000000002,258.9273493873677,4.575717224438671,6.800000000000001,6.800000000000001
2712,147.5,258.9273493873677,4.628046199136735,6.800000000000001,6.800000000000001
2713,159.3,258.9273493873677,4.671581394885703,6.800000000000001,6.800000000000001
2714,171.10000000000002,258.9273493873677,4.771783510326102,4.959597420312788,4.959597420312788
2715,182.9,258.9273493873677,4.785437685510625,4.977850648348773,4.970759060338622
2716,194.70000000000002,258.9273493873677,4.799849915917818,4.758823159111546,4.751411056425153
2717,206.5,258.9273493873677,4.756597072089958,6.688450853778549,6.68256463878437
2718,218.3,258.9273493873677,4.758620596947401,5.693011134274487,5.693011134274487
2719,230.10000000000002,258.9273493873677,4.799091094096276,4.772338943348943,4.764945045883161
2720,-212.4,269.1464491520241,4.801753796541936,5.008476488536696,5.008476488536696
2721,-200.60000000000002,269.1464491520241,4.767859755179754,6.122057972536091,6.122057972536091
2722,-188.8,269.1464491520241,4.805294965042462,4.919093618176833,4.919093618176833
2723,-177.0,269.1464491520241,4.7703891612515585,5.529453530964096,5.529453530964096
2724,-165.20000000000002,269.1464491520241,4.735235801055569,6.800000000000001,6.800000000000001
2725,-153.4,269.1464491520241,4.753871648702726,5.8732127713887685,5.86651135365895
2726,-141.60000000000002,269.1464491520241,4.740910080210017,6.708086889255689,6.7032368267590146
2727,-129.8,269.1464491520241,4.4725462259709845,6.800000000000001,6.800000000000001
2728,-118.0,269.1464491520241,4.493408293237533,6.800000000000001,6.800000000000001
2729,-106.2,269.1464491520241,4.601442789468717,6.800000000000001,6.800000000000001
2730,-94.4,269.1464491520241,4.348230453227792,6.800000000000001,6.800000000000001
2731,-82.60000000000001,269.1464491520241,4.246018202405223,6.800000000000001,6.800000000000001
2732,-70.80000000000001,269.1464491520241,4.346698149965378,6.800000000000001,6.800000000000001
2733,-59.0,269.1464491520241,4.351836110042515,6.800000000000001,6.800000000000001
2734,-47.2,269.1464491520241,4.066699346908564,6.800000000000001,6.800000000000001
2735,-35.400000000000006,269.1464491520241,4.160848381001571,6.800000000000001,6.800000000000001
2736,-23.6,269.1464491520241,4.024211868543529,6.800000000000001,6.800000000000001
2737,-11.8,269.1464491520241,4.104257367461622,6.800000000000001,6.800000000000001
2738,0.0,269.1464491520241,4.332953367241082,6.800000000000001,6.800000000000001
2739,11.8,269.1464491520241,4.41992724522284,6.800000000000001,6.800000000000001
2740,23.6,269.1464491520241,4.118305774414662,6.800000000000001,6.800000000000001
2741,35.400000000000006,269.1464491520241,4.051830979306792,6.800000000000001,6.800000000000001
2742,47.2,269.1464491520241,4.1736932237459,6.800000000000001,6.800000000000001
2743,59.0,269.1464491520241,4.267859828458601,6.800000000000001,6.800000000000001
2744,70.80000000000001,269.1464491520241,4.319127623782707,6.800000000000001,6.800000000000001
2745,82.60000000000001,269.1464491520241,4.187335981539356,6.800000000000001,6.800000000000001
2746,94.4,269.1464491520241,4.530094749790545,6.800000000000001,6.800000000000001
2747,106.2,269.1464491520241,4.6070074828266865,6.800000000000001,6.800000000000001
2748,118.0,269.1464491520241,4.604449219789757,6.800000000000001,6.800000000000001
2749,129.8,269.1464491520241,4.651122294640392,6.800000000000001,6.800000000000001
2750,141.60000000000002,269.1464491520241,4.747233595389528,5.527517355305216,5.5242868863737415
2751,153.4,269.1464491520241,4.64106013790024,6.800000000000001,6.800000000000001
2752,165.20000000000002,269.1464491520241,4.764323970881322,6.678516802462738,6.672106388370773
2753,177.0,269.1464491520241,4.77696561703825,5.679232415599662,5.679232415599662
2754,188.8,269.1464491520241,4.788347944361371,5.305160791497671,5.305160791497671
2755,200.60000000000002,269.1464491520241,4.803777321399379,4.925759881615155,4.925759881615155
2756,212.4,269.1464491520241,4.804283202613741,4.791649600382273,4.784219368246096
2757,-206.5,279.36554891668044,4.81251059841737,4.755443792084134,4.748198366282622
2758,-194.70000000000002,279.36554891668044,4.809222370524024,4.973377544960344,4.973377544960344
2759,-182.9,279.36554891668044,4.80138121170143,5.039808232942044,5.033063916605885
2760,-171.10000000000002,279.36554891668044,4.797840043200903,5.087055842088251,5.080185536539608
2761,-159.3,279.36554891668044,4.810487073559926,4.807827355518829,4.800895504070867
2762,-147.5,279.36554891668044,4.803672798433514,4.945839881228208,4.938670672170554
2763,-135.70000000000002,279.36554891668044,4.737031174693459,6.800000000000001,6.800000000000001
2764,-123.9,279.36554891668044,4.669703365953481,6.800000000000001,6.800000000000001
2765,-112.10000000000001,279.36554891668044,4.69405600050049,6.800000000000001,6.800000000000001
2766,-100.30000000000001,279.36554891668044,4.366473183413237,6.800000000000001,6.800000000000001
2767,-88.5,279.36554891668044,4.303411181018207,6.800000000000001,6.800000000000001
2768,-76.7,279.36554891668044,4.517554536927694,6.800000000000001,6.800000000000001
2769,-64.9,279.36554891668044,4.247586465378131,6.800000000000001,6.800000000000001
2770,-53.1,279.36554891668044,4.223271419960078,6.800000000000001,6.800000000000001
2771,-41.300000000000004,279.36554891668044,4.331065690258027,6.800000000000001,6.800000000000001
2772,-29.5,279.36554891668044,4.113927551105321,6.800000000000001,6.800000000000001
2773,-17.700000000000003,279.36554891668044,4.407083747748759,6.800000000000001,6.800000000000001
2774,-5.9,279.36554891668044,4.333094748307181,6.800000000000001,6.800000000000001
2775,5.9,279.36554891668044,4.387982860065341,6.800000000000001,6.800000000000001
2776,17.700000000000003,279.36554891668044,4.132137307743596,6.800000000000001,6.800000000000001
2777,29.5,279.36554891668044,4.340309394531835,6.800000000000001,6.800000000000001
2778,41.300000000000004,279.36554891668044,4.186636603557981,6.800000000000001,6.800000000000001
2779,53.1,279.36554891668044,4.317112385224029,6.800000000000001,6.800000000000001
2780,64.9,279.36554891668044,4.341933311856444,6.800000000000001,6.800000000000001
2781,76.7,279.36554891668044,4.364019588369153,6.800000000000001,6.800000000000001
2782,88.5,279.36554891668044,4.4152109293919715,6.800000000000001,6.800000000000001
2783,100.30000000000001,279.36554891668044,4.535690449616966,6.800000000000001,6.800000000000001
2784,112.10000000000001,279.36554891668044,4.6328443735628175,6.800000000000001,6.800000000000001
2785,123.9,279.36554891668044,4.613803491766598,6.800000000000001,6.800000000000001
2786,135.70000000000002,279.36554891668044,4.58450798856364,6.800000000000001,6.800000000000001
2787,147.5,279.36554891668044,4.784196371680618,5.81312839916651,5.81312839916651
2788,159.3,279.36554891668044,4.7932871122716545,5.292215730465812,5.2859475386794985
2789,171.10000000000002,279.36554891668044,4.805175320809137,4.957800317582628,4.950461498726369
2790,182.9,279.36554891668044,4.813016479631731,4.79876179990519,4.794145536936802
2791,194.70000000000002,279.36554891668044,4.808969429916844,4.980322131610283,4.980322131610283
2792,206.5,279.36554891668044,4.785698894056241,5.6523595544122625,5.6523595544122625
2793,-188.8,289.58464868133683,4.7865910122516375,6.095311216392005,6.095311216392005
2794,-177.0,289.58464868133683,4.80986154811224,5.119998707285319,5.119998707285319
2795,-165.20000000000002,289.58464868133683,4.813908597827128,5.022787197499379,5.022787197499379
2796,-153.4,289.58464868133683,4.808849785683519,5.143570965718744,5.143570965718744
2797,-141.60000000000002,289.58464868133683,4.789120418323442,6.680755613742885,6.674463337036752
2798,-129.8,289.58464868133683,4.706914720989792,6.800000000000001,6.800000000000001
2799,-118.0,289.58464868133683,4.549201854937395,6.800000000000001,6.800000000000001
2800,-106.2,289.58464868133683,4.410324676808755,6.800000000000001,6.800000000000001
2801,-94.4,289.58464868133683,4.459028288246268,6.800000000000001,6.800000000000001
2802,-82.60000000000001,289.58464868133683,4.671319138132747,6.800000000000001,6.800000000000001
2803,-70.80000000000001,289.58464868133683,4.300043818245792,6.800000000000001,6.800000000000001
2804,-59.0,289.58464868133683,4.202953906941332,6.800000000000001,6.800000000000001
2805,-47.2,289.58464868133683,4.225781962308169,6.800000000000001,6.800000000000001
2806,-35.400000000000006,289.58464868133683,4.500332269778462,6.800000000000001,6.800000000000001
2807,-23.6,289.58464868133683,4.297141852728245,6.800000000000001,6.800000000000001
2808,-11.8,289.58464868133683,4.436510013789919,6.800000000000001,6.800000000000001
2809,0.0,289.58464868133683,4.381451692706171,6.800000000000001,6.800000000000001
2810,11.8,289.58464868133683,4.410457131250331,6.800000000000001,6.800000000000001
2811,23.6,289.58464868133683,4.489882595399758,6.800000000000001,6.800000000000001
2812,35.400000000000006,289.58464868133683,4.3882795807975175,6.800000000000001,6.800000000000001
2813,47.2,289.58464868133683,4.490357837418933,6.800000000000001,6.800000000000001
2814,59.0,289.58464868133683,4.422000472759613,6.800000000000001,6.800000000000001
2815,70.80000000000001,289.58464868133683,4.312184967390454,6.800000000000001,6.800000000000001
2816,82.60000000000001,289.58464868133683,4.552184112150748,6.800000000000001,6.800000000000001
2817,94.4,289.58464868133683,4.648986684238796,6.800000000000001,6.800000000000001
2818,106.2,289.58464868133683,4.2982719878278095,6.800000000000001,6.800000000000001
2819,118.0,289.58464868133683,4.725754398749358,6.800000000000001,6.800000000000001
2820,129.8,289.58464868133683,4.75547931756844,6.800000000000001,6.800000000000001
2821,141.60000000000002,289.58464868133683,4.722849979242161,6.800000000000001,6.800000000000001
2822,153.4,289.58464868133683,4.794432171074233,5.626334416783281,5.626334416783281
2823,165.20000000000002,289.58464868133683,4.8091027262907,5.043653060875625,5.037960469289787
2824,177.0,289.58464868133683,4.80404391414709,5.208831938544459,5.208831938544459
2825,188.8,289.58464868133683,4.7987321613963,5.431487062039654,5.431487062039654
2826,-171.10000000000002,299.8037484459932,4.816571300272788,5.104535968847225,5.104535968847225
2827,-159.3,299.8037484459932,4.787483130447034,6.37821316024673,6.37821316024673
2828,-147.5,299.8037484459932,4.71994798832985,6.800000000000001,6.800000000000001
2829,-135.70000000000002,299.8037484459932,4.7239950380447375,6.800000000000001,6.800000000000001
2830,-123.9,299.8037484459932,4.5912012192749945,6.800000000000001,6.800000000000001
2831,-112.10000000000001,299.8037484459932,4.502419066154653,6.800000000000001,6.800000000000001
2832,-100.30000000000001,299.8037484459932,4.7174185822580466,6.800000000000001,6.800000000000001
2833,-88.5,299.8037484459932,4.544417288413152,6.800000000000001,6.800000000000001
2834,-76.7,299.8037484459932,4.541318319826619,6.800000000000001,6.800000000000001
2835,-64.9,299.8037484459932,4.625687894735624,6.800000000000001,6.800000000000001
2836,-53.1,299.8037484459932,4.256259014026746,6.800000000000001,6.800000000000001
2837,-41.300000000000004,299.8037484459932,4.485286897153772,6.800000000000001,6.800000000000001
2838,-29.5,299.8037484459932,4.329862663856019,6.800000000000001,6.800000000000001
2839,-17.700000000000003,299.8037484459932,4.170675959532457,6.800000000000001,6.800000000000001
2840,-5.9,299.8037484459932,4.551558586703061,6.800000000000001,6.800000000000001
2841,5.9,299.8037484459932,4.340606120314555,6.800000000000001,6.800000000000001
2842,17.700000000000003,299.8037484459932,4.623692586992667,6.800000000000001,6.800000000000001
2843,29.5,299.8037484459932,4.482385849985838,6.800000000000001,6.800000000000001
2844,41.300000000000004,299.8037484459932,4.312022581235155,6.800000000000001,6.800000000000001
2845,53.1,299.8037484459932,4.547140712284279,6.800000000000001,6.800000000000001
2846,64.9,299.8037484459932,4.478223520749415,6.800000000000001,6.800000000000001
2847,76.7,299.8037484459932,4.633641641447489,6.800000000000001,6.800000000000001
2848,88.5,299.8037484459932,4.674428760503911,6.800000000000001,6.800000000000001
2849,100.30000000000001,299.8037484459932,4.602583546598115,6.800000000000001,6.800000000000001
2850,112.10000000000001,299.8037484459932,4.678465728752254,6.800000000000001,6.800000000000001
2851,123.9,299.8037484459932,4.44651919196777,6.800000000000001,6.800000000000001
2852,135.70000000000002,299.8037484459932,4.745747930262258,6.800000000000001,6.800000000000001
2853,147.5,299.8037484459932,4.727536206545264,6.800000000000001,6.800000000000001
2854,159.3,299.8037484459932,4.802153685663502,5.5645486712028305,5.5645486712028305
2855,171.10000000000002,299.8037484459932,4.821630112416397,4.987303770192142,4.987303770192142
2856,-153.4,310.02284821064956,4.7663694158177305,6.800000000000001,6.800000000000001
2857,-141.60000000000002,310.02284821064956,4.799251694751191,5.964783751944655,5.959236641134484
2858,-129.8,310.02284821064956,4.822522230611794,5.435417504397138,5.431057147093572
2859,-118.0,310.02284821064956,4.529364066889636,6.800000000000001,6.800000000000001
2860,-106.2,310.02284821064956,4.587793347148324,6.800000000000001,6.800000000000001
2861,-94.4,310.02284821064956,4.66746963841017,6.800000000000001,6.800000000000001
2862,-82.60000000000001,310.02284821064956,4.78255761467728,6.7417284393865,6.738653571084626
2863,-70.80000000000001,310.02284821064956,4.6576049547301315,6.800000000000001,6.800000000000001
2864,-59.0,310.02284821064956,4.485099460633055,6.800000000000001,6.800000000000001
2865,-47.2,310.02284821064956,4.709963660416488,6.800000000000001,6.800000000000001
2866,-35.400000000000006,310.02284821064956,4.4690521361802835,6.800000000000001,6.800000000000001
2867,-23.6,310.02284821064956,4.443369644650374,6.800000000000001,6.800000000000001
2868,-11.8,310.02284821064956,4.681250504026126,6.800000000000001,6.800000000000001
2869,0.0,310.02284821064956,4.444367632780546,6.800000000000001,6.800000000000001
2870,11.8,310.02284821064956,4.568944874438001,6.800000000000001,6.800000000000001
2871,23.6,310.02284821064956,4.68720438997234,6.800000000000001,6.800000000000001
2872,35.400000000000006,310.02284821064956,4.552269595942656,6.800000000000001,6.800000000000001
2873,47.2,310.02284821064956,4.549599315464073,6.800000000000001,6.800000000000001
2874,59.0,310.02284821064956,4.607269773901219,6.800000000000001,6.800000000000001
2875,70.80000000000001,310.02284821064956,4.495217084920274,6.800000000000001,6.800000000000001
2876,82.60000000000001,310.02284821064956,4.646475568014191,6.800000000000001,6.800000000000001
2877,94.4,310.02284821064956,4.627505022475656,6.800000000000001,6.800000000000001
2878,106.2,310.02284821064956,4.657352014122951,6.800000000000001,6.800000000000001
2879,118.0,310.02284821064956,4.512164105601365,6.800000000000001,6.800000000000001
2880,129.8,310.02284821064956,4.80456344750198,6.800000000000001,6.800000000000001
2881,141.60000000000002,310.02284821064956,4.712493066488292,6.800000000000001,6.800000000000001
2882,153.4,310.02284821064956,4.765104712781828,6.800000000000001,6.800000000000001
2883,-135.70000000000002,320.24194797530595,4.756598658553877,6.800000000000001,6.800000000000001
2884,-123.9,320.24194797530595,4.751286905803086,6.800000000000001,6.800000000000001
2885,-112.10000000000001,320.24194797530595,4.793022105987863,6.733514095226877,6.730005773174817
2886,-100.30000000000001,320.24194797530595,4.350123102814872,6.800000000000001,6.800000000000001
2887,-88.5,320.24194797530595,4.6015460663522525,6.800000000000001,6.800000000000001
2888,-76.7,320.24194797530595,4.617987205818983,6.800000000000001,6.800000000000001
2889,-64.9,320.24194797530595,4.61141075003229,6.800000000000001,6.800000000000001
2890,-53.1,320.24194797530595,4.7120811116901145,6.800000000000001,6.800000000000001
2891,-41.300000000000004,320.24194797530595,4.779363313200118,6.800000000000001,6.800000000000001
2892,-29.5,320.24194797530595,4.4330876219700635,6.800000000000001,6.800000000000001
2893,-17.700000000000003,320.24194797530595,4.413358254609988,6.800000000000001,6.800000000000001
2894,-5.9,320.24194797530595,4.37111717321085,6.800000000000001,6.800000000000001
2895,5.9,320.24194797530595,4.650616544145263,6.800000000000001,6.800000000000001
2896,17.700000000000003,320.24194797530595,4.302823209272125,6.800000000000001,6.800000000000001
2897,29.5,320.24194797530595,4.470016950618412,6.800000000000001,6.800000000000001
2898,41.300000000000004,320.24194797530595,4.629875414356464,6.800000000000001,6.800000000000001
2899,53.1,320.24194797530595,4.712586992904475,6.800000000000001,6.800000000000001
2900,64.9,320.24194797530595,4.739904578479965,6.800000000000001,6.800000000000001
2901,76.7,320.24194797530595,4.623551899176952,6.800000000000001,6.800000000000001
2902,88.5,320.24194797530595,4.778098610164216,6.736054637445774,6.732680374489716
2903,100.30000000000001,320.24194797530595,4.55702851948849,6.800000000000001,6.800000000000001
2904,112.10000000000001,320.24194797530595,4.683751763685903,6.800000000000001,6.800000000000001
2905,123.9,320.24194797530595,4.776328025913952,6.719096249807479,6.714827128226547
2906,135.70000000000002,320.24194797530595,4.7631751143405685,6.800000000000001,6.800000000000001
2907,-106.2,330.46104773996234,4.747492796695379,6.800000000000001,6.800000000000001
2908,-94.4,330.46104773996234,4.750275143374365,6.800000000000001,6.800000000000001
2909,-82.60000000000001,330.46104773996234,4.764945698590831,6.800000000000001,6.800000000000001
2910,-70.80000000000001,330.46104773996234,4.528699171484279,6.800000000000001,6.800000000000001
2911,-59.0,330.46104773996234,4.467234603939426,6.800000000000001,6.800000000000001
2912,-47.2,330.46104773996234,4.694881150401844,6.800000000000001,6.800000000000001
2913,-35.400000000000006,330.46104773996234,4.474064000333299,6.800000000000001,6.800000000000001
2914,-23.6,330.46104773996234,4.699434081331091,6.800000000000001,6.800000000000001
2915,-11.8,330.46104773996234,4.449275820829613,6.800000000000001,6.800000000000001
2916,0.0,330.46104773996234,4.695892912830565,6.800000000000001,6.800000000000001
2917,11.8,330.46104773996234,4.7823986004862835,6.800000000000001,6.800000000000001
2918,23.6,330.46104773996234,4.490758080407209,6.800000000000001,6.800000000000001
2919,35.400000000000006,330.46104773996234,4.693363506758761,6.800000000000001,6.800000000000001
2920,47.2,330.46104773996234,4.509475685338565,6.800000000000001,6.800000000000001
2921,59.0,330.46104773996234,4.5833343426352595,6.800000000000001,6.800000000000001
2922,70.80000000000001,330.46104773996234,4.626587186463118,6.800000000000001,6.800000000000001
2923,82.60000000000001,330.46104773996234,4.459646385724012,6.800000000000001,6.800000000000001
2924,94.4,330.46104773996234,4.7588751240185,6.800000000000001,6.800000000000001
2925,106.2,330.46104773996234,4.579540233527552,6.800000000000001,6.800000000000001
2926,-76.7,340.68014750461873,4.724981082656318,6.800000000000001,6.800000000000001
2927,-64.9,340.68014750461873,4.4052641551802125,6.800000000000001,6.800000000000001
2928,-53.1,340.68014750461873,4.53502268666379,6.800000000000001,6.800000000000001
2929,-41.300000000000004,340.68014750461873,4.773292738627787,6.800000000000001,6.800000000000001
2930,-29.5,340.68014750461873,4.512005091410368,6.800000000000001,6.800000000000001
2931,-17.700000000000003,340.68014750461873,4.4851933870492395,6.800000000000001,6.800000000000001
2932,-5.9,340.68014750461873,4.55652263827413,6.800000000000001,6.800000000000001
2933,5.9,340.68014750461873,4.7072752401536855,6.800000000000001,6.800000000000001
2934,17.700000000000003,340.68014750461873,4.66579298057609,6.800000000000001,6.800000000000001
2935,29.5,340.68014750461873,4.756851599161057,6.800000000000001,6.800000000000001
2936,41.300000000000004,340.68014750461873,4.616469562175899,6.800000000000001,6.800000000000001
2937,53.1,340.68014750461873,4.708034061975227,6.800000000000001,6.800000000000001
2938,64.9,340.68014750461873,4.6447989101801115,6.800000000000001,6.800000000000001
2939,76.7,340.68014750461873,4.697916437688009,6.800000000000001,6.800000000000001
