heliostat_id,x_m,y_m,z_m,width_m,height_m
1,-40.97903833,-347.42257037,3.8926415836698034,6.708296664845867,6.708296664845867
2,-29.27074166,-347.42257037,3.8926415836698034,6.708296664845867,6.708296664845867
3,-17.562445,-347.42257037,3.8926415836698034,6.708296664845867,6.708296664845867
4,-5.85414833,-347.42257037,3.8926415836698034,6.708296664845867,6.708296664845867
5,5.85414833,-347.42257037,3.8926415836698034,6.708296664845867,6.708296664845867
6,17.562445,-347.42257037,3.8926415836698034,6.708296664845867,6.708296664845867
7,29.27074166,-347.42257037,3.8926415836698034,6.708296664845867,6.708296664845867
8,40.97903833,-347.42257037,3.8926415836698034,6.708296664845867,6.708296664845867
9,-81.95807665,-337.28288803,3.8926415836698034,6.708296664845867,6.708296664845867
10,-70.24977999,-337.28288803,3.8926415836698034,6.708296664845867,6.708296664845867
11,-58.54148332,-337.28288803,3.8926415836698034,6.708296664845867,6.708296664845867
12,-46.83318666,-337.28288803,3.8926415836698034,6.708296664845867,6.708296664845867
13,-35.12488999,-337.28288803,3.8926415836698034,6.708296664845867,6.708296664845867
14,-23.41659333,-337.28288803,3.8926415836698034,6.708296664845867,6.708296664845867
15,-11.70829666,-337.28288803,3.8926415836698034,6.708296664845867,6.708296664845867
16,0.0,-337.28288803,3.8926415836698034,6.708296664845867,6.708296664845867
17,11.70829666,-337.28288803,3.8926415836698034,6.708296664845867,6.708296664845867
18,23.41659333,-337.28288803,3.8926415836698034,6.708296664845867,6.708296664845867
19,35.12488999,-337.28288803,3.8926415836698034,6.708296664845867,6.708296664845867
20,46.83318666,-337.28288803,3.8926415836698034,6.708296664845867,6.708296664845867
21,58.54148332,-337.28288803,3.8926415836698034,6.708296664845867,6.708296664845867
22,70.24977999,-337.28288803,3.8926415836698034,6.708296664845867,6.708296664845867
23,81.95807665,-337.28288803,3.8926415836698034,6.708296664845867,6.708296664845867
24,-122.93711498,-327.14320568,3.8926415836698034,6.708296664845867,6.708296664845867
25,-111.22881832,-327.14320568,3.8926415836698034,6.708296664845867,6.708296664845867
26,-99.52052165,-327.14320568,3.8926415836698034,6.708296664845867,6.708296664845867
27,-87.81222499,-327.14320568,3.8926415836698034,6.708296664845867,6.708296664845867
28,-76.10392832,-327.14320568,3.8926415836698034,6.708296664845867,6.708296664845867
29,-64.39563166,-327.14320568,3.8926415836698034,6.708296664845867,6.708296664845867
30,-52.68733499,-327.14320568,3.8926415836698034,6.708296664845867,6.708296664845867
31,-40.97903833,-327.14320568,3.8926415836698034,6.708296664845867,6.708296664845867
32,-29.27074166,-327.14320568,3.8926415836698034,6.708296664845867,6.708296664845867
33,-17.562445,-327.14320568,3.8926415836698034,6.708296664845867,6.708296664845867
34,-5.85414833,-327.14320568,3.8926415836698034,6.708296664845867,6.708296664845867
35,5.85414833,-327.14320568,3.8926415836698034,6.708296664845867,6.708296664845867
36,17.562445,-327.14320568,3.8926415836698034,6.708296664845867,6.708296664845867
37,29.27074166,-327.14320568,3.8926415836698034,6.708296664845867,6.708296664845867
38,40.97903833,-327.14320568,3.8926415836698034,6.708296664845867,6.708296664845867
39,52.68733499,-327.14320568,3.8926415836698034,6.708296664845867,6.708296664845867
40,64.39563166,-327.14320568,3.8926415836698034,6.708296664845867,6.708296664845867
41,76.10392832,-327.14320568,3.8926415836698034,6.708296664845867,6.708296664845867
42,87.81222499,-327.14320568,3.8926415836698034,6.708296664845867,6.708296664845867
43,99.52052165,-327.14320568,3.8926415836698034,6.708296664845867,6.708296664845867
44,111.22881832,-327.14320568,3.8926415836698034,6.708296664845867,6.708296664845867
45,122.93711498,-327.14320568,3.8926415836698034,6.708296664845867,6.708296664845867
46,-140.49955998,-317.00352333,3.8926415836698034,6.708296664845867,6.708296664845867
47,-128.79126331,-317.00352333,3.8926415836698034,6.708296664845867,6.708296664845867
48,-117.08296665,-317.00352333,3.8926415836698034,6.708296664845867,6.708296664845867
49,-105.37466998,-317.00352333,3.8926415836698034,6.708296664845867,6.708296664845867
50,-93.66637332,-317.00352333,3.8926415836698034,6.708296664845867,6.708296664845867
51,-81.95807665,-317.00352333,3.8926415836698034,6.708296664845867,6.708296664845867
52,-70.24977999,-317.00352333,3.8926415836698034,6.708296664845867,6.708296664845867
53,-58.54148332,-317.00352333,3.8926415836698034,6.708296664845867,6.708296664845867
54,-46.83318666,-317.00352333,3.8926415836698034,6.708296664845867,6.708296664845867
55,-35.12488999,-317.00352333,3.8926415836698034,6.708296664845867,6.708296664845867
56,-23.41659333,-317.00352333,3.8926415836698034,6.708296664845867,6.708296664845867
57,-11.70829666,-317.00352333,3.8926415836698034,6.708296664845867,6.708296664845867
58,0.0,-317.00352333,3.8926415836698034,6.708296664845867,6.708296664845867
59,11.70829666,-317.00352333,3.8926415836698034,6.708296664845867,6.708296664845867
60,23.41659333,-317.00352333,3.8926415836698034,6.708296664845867,6.708296664845867
61,35.12488999,-317.00352333,3.8926415836698034,6.708296664845867,6.708296664845867
62,46.83318666,-317.00352333,3.8926415836698034,6.708296664845867,6.708296664845867
63,58.54148332,-317.00352333,3.8926415836698034,6.708296664845867,6.708296664845867
64,70.24977999,-317.00352333,3.8926415836698034,6.708296664845867,6.708296664845867
65,81.95807665,-317.00352333,3.8926415836698034,6.708296664845867,6.708296664845867
66,93.66637332,-317.00352333,3.8926415836698034,6.708296664845867,6.708296664845867
67,105.37466998,-317.00352333,3.8926415836698034,6.708296664845867,6.708296664845867
68,117.08296665,-317.00352333,3.8926415836698034,6.708296664845867,6.708296664845867
69,128.79126331,-317.00352333,3.8926415836698034,6.708296664845867,6.708296664845867
70,140.49955998,-317.00352333,3.8926415836698034,6.708296664845867,6.708296664845867
71,-158.06200498,-306.86384099,3.8926415836698034,6.708296664845867,6.708296664845867
72,-146.35370831,-306.86384099,3.8926415836698034,6.708296664845867,6.708296664845867
73,-134.64541165,-306.86384099,3.8926415836698034,6.708296664845867,6.708296664845867
74,-122.93711498,-306.86384099,3.8926415836698034,6.708296664845867,6.708296664845867
75,-111.22881832,-306.86384099,3.8926415836698034,6.708296664845867,6.708296664845867
76,-99.52052165,-306.86384099,3.8926415836698034,6.708296664845867,6.708296664845867
77,-87.81222499,-306.86384099,3.8926415836698034,6.708296664845867,6.708296664845867
78,-76.10392832,-306.86384099,3.8926415836698034,6.708296664845867,6.708296664845867
79,-64.39563166,-306.86384099,3.8926415836698034,6.708296664845867,6.708296664845867
80,-52.68733499,-306.86384099,3.8926415836698034,6.708296664845867,6.708296664845867
81,-40.97903833,-306.86384099,3.8926415836698034,6.708296664845867,6.708296664845867
82,-29.27074166,-306.86384099,3.8926415836698034,6.708296664845867,6.708296664845867
83,-17.562445,-306.86384099,3.8926415836698034,6.708296664845867,6.708296664845867
84,-5.85414833,-306.86384099,3.8926415836698034,6.708296664845867,6.708296664845867
85,5.85414833,-306.86384099,3.8926415836698034,6.708296664845867,6.708296664845867
86,17.562445,-306.86384099,3.8926415836698034,6.708296664845867,6.708296664845867
87,29.27074166,-306.86384099,3.8926415836698034,6.708296664845867,6.708296664845867
88,40.97903833,-306.86384099,3.8926415836698034,6.708296664845867,6.708296664845867
89,52.68733499,-306.86384099,3.8926415836698034,6.708296664845867,6.708296664845867
90,64.39563166,-306.86384099,3.8926415836698034,6.708296664845867,6.708296664845867
91,76.10392832,-306.86384099,3.8926415836698034,6.708296664845867,6.708296664845867
92,87.81222499,-306.86384099,3.8926415836698034,6.708296664845867,6.708296664845867
93,99.52052165,-306.86384099,3.8926415836698034,6.708296664845867,6.708296664845867
94,111.22881832,-306.86384099,3.8926415836698034,6.708296664845867,6.708296664845867
95,122.93711498,-306.86384099,3.8926415836698034,6.708296664845867,6.708296664845867
96,134.64541165,-306.86384099,3.8926415836698034,6.708296664845867,6.708296664845867
97,146.35370831,-306.86384099,3.8926415836698034,6.708296664845867,6.708296664845867
98,158.06200498,-306.86384099,3.8926415836698034,6.708296664845867,6.708296664845867
99,-175.62444997,-296.72415864,3.8926415836698034,6.708296664845867,6.708296664845867
100,-163.91615331,-296.72415864,3.8926415836698034,6.708296664845867,6.708296664845867
101,-152.20785664,-296.72415864,3.8926415836698034,6.708296664845867,6.708296664845867
102,-140.49955998,-296.72415864,3.8926415836698034,6.708296664845867,6.708296664845867
103,-128.79126331,-296.72415864,3.8926415836698034,6.708296664845867,6.708296664845867
104,-117.08296665,-296.72415864,3.8926415836698034,6.708296664845867,6.708296664845867
105,-105.37466998,-296.72415864,3.8926415836698034,6.708296664845867,6.708296664845867
106,-93.66637332,-296.72415864,3.8926415836698034,6.708296664845867,6.708296664845867
107,-81.95807665,-296.72415864,3.8926415836698034,6.708296664845867,6.708296664845867
108,-70.24977999,-296.72415864,3.8926415836698034,6.708296664845867,6.708296664845867
109,-58.54148332,-296.72415864,3.8926415836698034,6.708296664845867,6.708296664845867
110,-46.83318666,-296.72415864,3.8926415836698034,6.708296664845867,6.708296664845867
111,-35.12488999,-296.72415864,3.8926415836698034,6.708296664845867,6.708296664845867
112,-23.41659333,-296.72415864,3.8926415836698034,6.708296664845867,6.708296664845867
113,-11.70829666,-296.72415864,3.8926415836698034,6.708296664845867,6.708296664845867
114,0.0,-296.72415864,3.8926415836698034,6.708296664845867,6.708296664845867
115,11.70829666,-296.72415864,3.8926415836698034,6.708296664845867,6.708296664845867
116,23.41659333,-296.72415864,3.8926415836698034,6.708296664845867,6.708296664845867
117,35.12488999,-296.72415864,3.8926415836698034,6.708296664845867,6.708296664845867
118,46.83318666,-296.72415864,3.8926415836698034,6.708296664845867,6.708296664845867
119,58.54148332,-296.72415864,3.8926415836698034,6.708296664845867,6.708296664845867
120,70.24977999,-296.72415864,3.8926415836698034,6.708296664845867,6.708296664845867
121,81.95807665,-296.72415864,3.8926415836698034,6.708296664845867,6.708296664845867
122,93.66637332,-296.72415864,3.8926415836698034,6.708296664845867,6.708296664845867
123,105.37466998,-296.72415864,3.8926415836698034,6.708296664845867,6.708296664845867
124,117.08296665,-296.72415864,3.8926415836698034,6.708296664845867,6.708296664845867
125,128.79126331,-296.72415864,3.8926415836698034,6.708296664845867,6.708296664845867
126,140.49955998,-296.72415864,3.8926415836698034,6.708296664845867,6.708296664845867
127,152.20785664,-296.72415864,3.8926415836698034,6.708296664845867,6.708296664845867
128,163.91615331,-296.72415864,3.8926415836698034,6.708296664845867,6.708296664845867
129,175.62444997,-296.72415864,3.8926415836698034,6.708296664845867,6.708296664845867
130,-193.18689497,-286.58447629,3.8926415836698034,6.708296664845867,6.708296664845867
131,-181.47859831,-286.58447629,3.8926415836698034,6.708296664845867,6.708296664845867
132,-169.77030164,-286.58447629,3.8926415836698034,6.708296664845867,6.708296664845867
133,-158.06200498,-286.58447629,3.8926415836698034,6.708296664845867,6.708296664845867
134,-146.35370831,-286.58447629,3.8926415836698034,6.708296664845867,6.708296664845867
135,-134.64541165,-286.58447629,3.8926415836698034,6.708296664845867,6.708296664845867
136,-122.93711498,-286.58447629,3.8926415836698034,6.708296664845867,6.708296664845867
137,-111.22881832,-286.58447629,3.8926415836698034,6.708296664845867,6.708296664845867
138,-99.52052165,-286.58447629,3.8926415836698034,6.708296664845867,6.708296664845867
139,-87.81222499,-286.58447629,3.8926415836698034,6.708296664845867,6.708296664845867
140,-76.10392832,-286.58447629,3.8926415836698034,6.708296664845867,6.708296664845867
141,-64.39563166,-286.58447629,3.8926415836698034,6.708296664845867,6.708296664845867
142,-52.68733499,-286.58447629,3.8926415836698034,6.708296664845867,6.708296664845867
143,-40.97903833,-286.58447629,3.8926415836698034,6.708296664845867,6.708296664845867
144,-29.27074166,-286.58447629,3.8926415836698034,6.708296664845867,6.708296664845867
145,-17.562445,-286.58447629,3.8926415836698034,6.708296664845867,6.708296664845867
146,-5.85414833,-286.58447629,3.8926415836698034,6.708296664845867,6.708296664845867
147,5.85414833,-286.58447629,3.8926415836698034,6.708296664845867,6.708296664845867
148,17.562445,-286.58447629,3.8926415836698034,6.708296664845867,6.708296664845867
149,29.27074166,-286.58447629,3.8926415836698034,6.708296664845867,6.708296664845867
150,40.97903833,-286.58447629,3.8926415836698034,6.708296664845867,6.708296664845867
151,52.68733499,-286.58447629,3.8926415836698034,6.708296664845867,6.708296664845867
152,64.39563166,-286.58447629,3.8926415836698034,6.708296664845867,6.708296664845867
153,76.10392832,-286.58447629,3.8926415836698034,6.708296664845867,6.708296664845867
154,87.81222499,-286.58447629,3.8926415836698034,6.708296664845867,6.708296664845867
155,99.52052165,-286.58447629,3.8926415836698034,6.708296664845867,6.708296664845867
156,111.22881832,-286.58447629,3.8926415836698034,6.708296664845867,6.708296664845867
157,122.93711498,-286.58447629,3.8926415836698034,6.708296664845867,6.708296664845867
158,134.64541165,-286.58447629,3.8926415836698034,6.708296664845867,6.708296664845867
159,146.35370831,-286.58447629,3.8926415836698034,6.708296664845867,6.708296664845867
160,158.06200498,-286.58447629,3.8926415836698034,6.708296664845867,6.708296664845867
161,169.77030164,-286.58447629,3.8926415836698034,6.708296664845867,6.708296664845867
162,181.47859831,-286.58447629,3.8926415836698034,6.708296664845867,6.708296664845867
163,193.18689497,-286.58447629,3.8926415836698034,6.708296664845867,6.708296664845867
164,-210.74933997,-276.44479395,3.8926415836698034,6.708296664845867,6.708296664845867
165,-199.0410433,-276.44479395,3.8926415836698034,6.708296664845867,6.708296664845867
166,-187.33274664,-276.44479395,3.8926415836698034,6.708296664845867,6.708296664845867
167,-175.62444997,-276.44479395,3.8926415836698034,6.708296664845867,6.708296664845867
168,-163.91615331,-276.44479395,3.8926415836698034,6.708296664845867,6.708296664845867
169,-152.20785664,-276.44479395,3.8926415836698034,6.708296664845867,6.708296664845867
170,-140.49955998,-276.44479395,3.8926415836698034,6.708296664845867,6.708296664845867
171,-128.79126331,-276.44479395,3.8926415836698034,6.708296664845867,6.708296664845867
172,-117.08296665,-276.44479395,3.8926415836698034,6.708296664845867,6.708296664845867
173,-105.37466998,-276.44479395,3.8926415836698034,6.708296664845867,6.708296664845867
174,-93.66637332,-276.44479395,3.8926415836698034,6.708296664845867,6.708296664845867
175,-81.95807665,-276.44479395,3.8926415836698034,6.708296664845867,6.708296664845867
176,-70.24977999,-276.44479395,3.8926415836698034,6.708296664845867,6.708296664845867
177,-58.54148332,-276.44479395,3.8926415836698034,6.708296664845867,6.708296664845867
178,-46.83318666,-276.44479395,3.8926415836698034,6.708296664845867,6.708296664845867
179,-35.12488999,-276.44479395,3.8926415836698034,6.708296664845867,6.708296664845867
180,-23.41659333,-276.44479395,3.8926415836698034,6.708296664845867,6.708296664845867
181,-11.70829666,-276.44479395,3.8926415836698034,6.708296664845867,6.708296664845867
182,0.0,-276.44479395,3.8926415836698034,6.708296664845867,6.708296664845867
183,11.70829666,-276.44479395,3.8926415836698034,6.708296664845867,6.708296664845867
184,23.41659333,-276.44479395,3.8926415836698034,6.708296664845867,6.708296664845867
185,35.12488999,-276.44479395,3.8926415836698034,6.708296664845867,6.708296664845867
186,46.83318666,-276.44479395,3.8926415836698034,6.708296664845867,6.708296664845867
187,58.54148332,-276.44479395,3.8926415836698034,6.708296664845867,6.708296664845867
188,70.24977999,-276.44479395,3.8926415836698034,6.708296664845867,6.708296664845867
189,81.95807665,-276.44479395,3.8926415836698034,6.708296664845867,6.708296664845867
190,93.66637332,-276.44479395,3.8926415836698034,6.708296664845867,6.708296664845867
191,105.37466998,-276.44479395,3.8926415836698034,6.708296664845867,6.708296664845867
192,117.08296665,-276.44479395,3.8926415836698034,6.708296664845867,6.708296664845867
193,128.79126331,-276.44479395,3.8926415836698034,6.708296664845867,6.708296664845867
194,140.49955998,-276.44479395,3.8926415836698034,6.708296664845867,6.708296664845867
195,152.20785664,-276.44479395,3.8926415836698034,6.708296664845867,6.708296664845867
196,163.91615331,-276.44479395,3.8926415836698034,6.708296664845867,6.708296664845867
197,175.62444997,-276.44479395,3.8926415836698034,6.708296664845867,6.708296664845867
198,187.33274664,-276.44479395,3.8926415836698034,6.708296664845867,6.708296664845867
199,199.0410433,-276.44479395,3.8926415836698034,6.708296664845867,6.708296664845867
200,210.74933997,-276.44479395,3.8926415836698034,6.708296664845867,6.708296664845867
201,-216.6034883,-266.3051116,3.8926415836698034,6.708296664845867,6.708296664845867
202,-204.89519163,-266.3051116,3.8926415836698034,6.708296664845867,6.708296664845867
203,-193.18689497,-266.3051116,3.8926415836698034,6.708296664845867,6.708296664845867
204,-181.47859831,-266.3051116,3.8926415836698034,6.708296664845867,6.708296664845867
205,-169.77030164,-266.3051116,3.8926415836698034,6.708296664845867,6.708296664845867
206,-158.06200498,-266.3051116,3.8926415836698034,6.708296664845867,6.708296664845867
207,-146.35370831,-266.3051116,3.8926415836698034,6.708296664845867,6.708296664845867
208,-134.64541165,-266.3051116,3.8926415836698034,6.708296664845867,6.708296664845867
209,-122.93711498,-266.3051116,3.8926415836698034,6.708296664845867,6.708296664845867
210,-111.22881832,-266.3051116,3.8926415836698034,6.708296664845867,6.708296664845867
211,-99.52052165,-266.3051116,3.8926415836698034,6.708296664845867,6.708296664845867
212,-87.81222499,-266.3051116,3.8926415836698034,6.708296664845867,6.708296664845867
213,-76.10392832,-266.3051116,3.8926415836698034,6.708296664845867,6.708296664845867
214,-64.39563166,-266.3051116,3.8926415836698034,6.708296664845867,6.708296664845867
215,-52.68733499,-266.3051116,3.8926415836698034,6.708296664845867,6.708296664845867
216,-40.97903833,-266.3051116,3.8926415836698034,6.708296664845867,6.708296664845867
217,-29.27074166,-266.3051116,3.8926415836698034,6.708296664845867,6.708296664845867
218,-17.562445,-266.3051116,3.8926415836698034,6.708296664845867,6.708296664845867
219,-5.85414833,-266.3051116,3.8926415836698034,6.708296664845867,6.708296664845867
220,5.85414833,-266.3051116,3.8926415836698034,6.708296664845867,6.708296664845867
221,17.562445,-266.3051116,3.8926415836698034,6.708296664845867,6.708296664845867
222,29.27074166,-266.3051116,3.8926415836698034,6.708296664845867,6.708296664845867
223,40.97903833,-266.3051116,3.8926415836698034,6.708296664845867,6.708296664845867
224,52.68733499,-266.3051116,3.8926415836698034,6.708296664845867,6.708296664845867
225,64.39563166,-266.3051116,3.8926415836698034,6.708296664845867,6.708296664845867
226,76.10392832,-266.3051116,3.8926415836698034,6.708296664845867,6.708296664845867
227,87.81222499,-266.3051116,3.8926415836698034,6.708296664845867,6.708296664845867
228,99.52052165,-266.3051116,3.8926415836698034,6.708296664845867,6.708296664845867
229,111.22881832,-266.3051116,3.8926415836698034,6.708296664845867,6.708296664845867
230,122.93711498,-266.3051116,3.8926415836698034,6.708296664845867,6.708296664845867
231,134.64541165,-266.3051116,3.8926415836698034,6.708296664845867,6.708296664845867
232,146.35370831,-266.3051116,3.8926415836698034,6.708296664845867,6.708296664845867
233,158.06200498,-266.3051116,3.8926415836698034,6.708296664845867,6.708296664845867
234,169.77030164,-266.3051116,3.8926415836698034,6.708296664845867,6.708296664845867
235,181.47859831,-266.3051116,3.8926415836698034,6.708296664845867,6.708296664845867
236,193.18689497,-266.3051116,3.8926415836698034,6.708296664845867,6.708296664845867
237,204.89519163,-266.3051116,3.8926415836698034,6.708296664845867,6.708296664845867
238,216.6034883,-266.3051116,3.8926415836698034,6.708296664845867,6.708296664845867
239,-234.1659333,-256.16542925,3.8926415836698034,6.708296664845867,6.708296664845867
240,-222.45763663,-256.16542925,3.8926415836698034,6.708296664845867,6.708296664845867
241,-210.74933997,-256.16542925,3.8926415836698034,6.708296664845867,6.708296664845867
242,-199.0410433,-256.16542925,3.8926415836698034,6.708296664845867,6.708296664845867
243,-187.33274664,-256.16542925,3.8926415836698034,6.708296664845867,6.708296664845867
244,-175.62444997,-256.16542925,3.8926415836698034,6.708296664845867,6.708296664845867
245,-163.91615331,-256.16542925,3.8926415836698034,6.708296664845867,6.708296664845867
246,-152.20785664,-256.16542925,3.8926415836698034,6.708296664845867,6.708296664845867
247,-140.49955998,-256.16542925,3.8926415836698034,6.708296664845867,6.708296664845867
248,-128.79126331,-256.16542925,3.8926415836698034,6.708296664845867,6.708296664845867
249,-117.08296665,-256.16542925,3.8926415836698034,6.708296664845867,6.708296664845867
250,-105.37466998,-256.16542925,3.8926415836698034,6.708296664845867,6.708296664845867
251,-93.66637332,-256.16542925,3.8926415836698034,6.708296664845867,6.708296664845867
252,-81.95807665,-256.16542925,3.8926415836698034,6.708296664845867,6.708296664845867
253,-70.24977999,-256.16542925,3.8926415836698034,6.708296664845867,6.708296664845867
254,-58.54148332,-256.16542925,3.8926415836698034,6.708296664845867,6.708296664845867
255,-46.83318666,-256.16542925,3.8926415836698034,6.708296664845867,6.708296664845867
256,-35.12488999,-256.16542925,3.8926415836698034,6.708296664845867,6.708296664845867
257,-23.41659333,-256.16542925,3.8926415836698034,6.708296664845867,6.708296664845867
258,-11.70829666,-256.16542925,3.8926415836698034,6.708296664845867,6.708296664845867
259,0.0,-256.16542925,3.8926415836698034,6.708296664845867,6.708296664845867
260,11.70829666,-256.16542925,3.8926415836698034,6.708296664845867,6.708296664845867
261,23.41659333,-256.16542925,3.8926415836698034,6.708296664845867,6.708296664845867
262,35.12488999,-256.16542925,3.8926415836698034,6.708296664845867,6.708296664845867
263,46.83318666,-256.16542925,3.8926415836698034,6.708296664845867,6.708296664845867
264,58.54148332,-256.16542925,3.8926415836698034,6.708296664845867,6.708296664845867
265,70.24977999,-256.16542925,3.8926415836698034,6.708296664845867,6.708296664845867
266,81.95807665,-256.16542925,3.8926415836698034,6.708296664845867,6.708296664845867
267,93.66637332,-256.16542925,3.8926415836698034,6.708296664845867,6.708296664845867
268,105.37466998,-256.16542925,3.8926415836698034,6.708296664845867,6.708296664845867
269,117.08296665,-256.16542925,3.8926415836698034,6.708296664845867,6.708296664845867
270,128.79126331,-256.16542925,3.8926415836698034,6.708296664845867,6.708296664845867
271,140.49955998,-256.16542925,3.8926415836698034,6.708296664845867,6.708296664845867
272,152.20785664,-256.16542925,3.8926415836698034,6.708296664845867,6.708296664845867
273,163.91615331,-256.16542925,3.8926415836698034,6.708296664845867,6.708296664845867
274,175.62444997,-256.16542925,3.8926415836698034,6.708296664845867,6.708296664845867
275,187.33274664,-256.16542925,3.8926415836698034,6.708296664845867,6.708296664845867
276,199.0410433,-256.16542925,3.8926415836698034,6.708296664845867,6.708296664845867
277,210.74933997,-256.16542925,3.8926415836698034,6.708296664845867,6.708296664845867
278,222.45763663,-256.16542925,3.8926415836698034,6.708296664845867,6.708296664845867
279,234.1659333,-256.16542925,3.8926415836698034,6.708296664845867,6.708296664845867
280,-240.02008163,-246.02574691,3.8926415836698034,6.708296664845867,6.708296664845867
281,-228.31178496,-246.02574691,3.8926415836698034,6.708296664845867,6.708296664845867
282,-216.6034883,-246.02574691,3.8926415836698034,6.708296664845867,6.708296664845867
283,-204.89519163,-246.02574691,3.8926415836698034,6.708296664845867,6.708296664845867
284,-193.18689497,-246.02574691,3.8926415836698034,6.708296664845867,6.708296664845867
285,-181.47859831,-246.02574691,3.8926415836698034,6.708296664845867,6.708296664845867
286,-169.77030164,-246.02574691,3.8926415836698034,6.708296664845867,6.708296664845867
287,-158.06200498,-246.02574691,3.8926415836698034,6.708296664845867,6.708296664845867
288,-146.35370831,-246.02574691,3.8926415836698034,6.708296664845867,6.708296664845867
289,-134.64541165,-246.02574691,3.8926415836698034,6.708296664845867,6.708296664845867
290,-122.93711498,-246.02574691,3.8926415836698034,6.708296664845867,6.708296664845867
291,-111.22881832,-246.02574691,3.8926415836698034,6.708296664845867,6.708296664845867
292,-99.52052165,-246.02574691,3.8926415836698034,6.708296664845867,6.708296664845867
293,-87.81222499,-246.02574691,3.8926415836698034,6.708296664845867,6.708296664845867
294,-76.10392832,-246.02574691,3.8926415836698034,6.708296664845867,6.708296664845867
295,-64.39563166,-246.02574691,3.8926415836698034,6.708296664845867,6.708296664845867
296,-52.68733499,-246.02574691,3.8926415836698034,6.708296664845867,6.708296664845867
297,-40.97903833,-246.02574691,3.8926415836698034,6.708296664845867,6.708296664845867
298,-29.27074166,-246.02574691,3.8926415836698034,6.708296664845867,6.708296664845867
299,-17.562445,-246.02574691,3.8926415836698034,6.708296664845867,6.708296664845867
300,-5.85414833,-246.02574691,3.8926415836698034,6.708296664845867,6.708296664845867
301,5.85414833,-246.02574691,3.8926415836698034,6.708296664845867,6.708296664845867
302,17.562445,-246.02574691,3.8926415836698034,6.708296664845867,6.708296664845867
303,29.27074166,-246.02574691,3.8926415836698034,6.708296664845867,6.708296664845867
304,40.97903833,-246.02574691,3.8926415836698034,6.708296664845867,6.708296664845867
305,52.68733499,-246.02574691,3.8926415836698034,6.708296664845867,6.708296664845867
306,64.39563166,-246.02574691,3.8926415836698034,6.708296664845867,6.708296664845867
307,76.10392832,-246.02574691,3.8926415836698034,6.708296664845867,6.708296664845867
308,87.81222499,-246.02574691,3.8926415836698034,6.708296664845867,6.708296664845867
309,99.52052165,-246.02574691,3.8926415836698034,6.708296664845867,6.708296664845867
310,111.22881832,-246.02574691,3.8926415836698034,6.708296664845867,6.708296664845867
311,122.93711498,-246.02574691,3.8926415836698034,6.708296664845867,6.708296664845867
312,134.64541165,-246.02574691,3.8926415836698034,6.708296664845867,6.708296664845867
313,146.35370831,-246.02574691,3.8926415836698034,6.708296664845867,6.708296664845867
314,158.06200498,-246.02574691,3.8926415836698034,6.708296664845867,6.708296664845867
315,169.77030164,-246.02574691,3.8926415836698034,6.708296664845867,6.708296664845867
316,181.47859831,-246.02574691,3.8926415836698034,6.708296664845867,6.708296664845867
317,193.18689497,-246.02574691,3.8926415836698034,6.708296664845867,6.708296664845867
318,204.89519163,-246.02574691,3.8926415836698034,6.708296664845867,6.708296664845867
319,216.6034883,-246.02574691,3.8926415836698034,6.708296664845867,6.708296664845867
320,228.31178496,-246.02574691,3.8926415836698034,6.708296664845867,6.708296664845867
321,240.02008163,-246.02574691,3.8926415836698034,6.708296664845867,6.708296664845867
322,-257.58252663,-235.88606456,3.8926415836698034,6.708296664845867,6.708296664845867
323,-245.87422996,-235.88606456,3.8926415836698034,6.708296664845867,6.708296664845867
324,-234.1659333,-235.88606456,3.8926415836698034,6.708296664845867,6.708296664845867
325,-222.45763663,-235.88606456,3.8926415836698034,6.708296664845867,6.708296664845867
326,-210.74933997,-235.88606456,3.8926415836698034,6.708296664845867,6.708296664845867
327,-199.0410433,-235.88606456,3.8926415836698034,6.708296664845867,6.708296664845867
328,-187.33274664,-235.88606456,3.8926415836698034,6.708296664845867,6.708296664845867
329,-175.62444997,-235.88606456,3.8926415836698034,6.708296664845867,6.708296664845867
330,-163.91615331,-235.88606456,3.8926415836698034,6.708296664845867,6.708296664845867
331,-152.20785664,-235.88606456,3.8926415836698034,6.708296664845867,6.708296664845867
332,-140.49955998,-235.88606456,3.8926415836698034,6.708296664845867,6.708296664845867
333,-128.79126331,-235.88606456,3.8926415836698034,6.708296664845867,6.708296664845867
334,-117.08296665,-235.88606456,3.8926415836698034,6.708296664845867,6.708296664845867
335,-105.37466998,-235.88606456,3.8926415836698034,6.708296664845867,6.708296664845867
336,-93.66637332,-235.88606456,3.8926415836698034,6.708296664845867,6.708296664845867
337,-81.95807665,-235.88606456,3.8926415836698034,6.708296664845867,6.708296664845867
338,-70.24977999,-235.88606456,3.8926415836698034,6.708296664845867,6.708296664845867
339,-58.54148332,-235.88606456,3.8926415836698034,6.708296664845867,6.708296664845867
340,-46.83318666,-235.88606456,3.8926415836698034,6.708296664845867,6.708296664845867
341,-35.12488999,-235.88606456,3.8926415836698034,6.708296664845867,6.708296664845867
342,-23.41659333,-235.88606456,3.8926415836698034,6.708296664845867,6.708296664845867
343,-11.70829666,-235.88606456,3.8926415836698034,6.708296664845867,6.708296664845867
344,0.0,-235.88606456,3.8926415836698034,6.708296664845867,6.708296664845867
345,11.70829666,-235.88606456,3.8926415836698034,6.708296664845867,6.708296664845867
346,23.41659333,-235.88606456,3.8926415836698034,6.708296664845867,6.708296664845867
347,35.12488999,-235.88606456,3.8926415836698034,6.708296664845867,6.708296664845867
348,46.83318666,-235.88606456,3.8926415836698034,6.708296664845867,6.708296664845867
349,58.54148332,-235.88606456,3.8926415836698034,6.708296664845867,6.708296664845867
350,70.24977999,-235.88606456,3.8926415836698034,6.708296664845867,6.708296664845867
351,81.95807665,-235.88606456,3.8926415836698034,6.708296664845867,6.708296664845867
352,93.66637332,-235.88606456,3.8926415836698034,6.708296664845867,6.708296664845867
353,105.37466998,-235.88606456,3.8926415836698034,6.708296664845867,6.708296664845867
354,117.08296665,-235.88606456,3.8926415836698034,6.708296664845867,6.708296664845867
355,128.79126331,-235.88606456,3.8926415836698034,6.708296664845867,6.708296664845867
356,140.49955998,-235.88606456,3.8926415836698034,6.708296664845867,6.708296664845867
357,152.20785664,-235.88606456,3.8926415836698034,6.708296664845867,6.708296664845867
358,163.91615331,-235.88606456,3.8926415836698034,6.708296664845867,6.708296664845867
359,175.62444997,-235.88606456,3.8926415836698034,6.708296664845867,6.708296664845867
360,187.33274664,-235.88606456,3.8926415836698034,6.708296664845867,6.708296664845867
361,199.0410433,-235.88606456,3.8926415836698034,6.708296664845867,6.708296664845867
362,210.74933997,-235.88606456,3.8926415836698034,6.708296664845867,6.708296664845867
363,222.45763663,-235.88606456,3.8926415836698034,6.708296664845867,6.708296664845867
364,234.1659333,-235.88606456,3.8926415836698034,6.708296664845867,6.708296664845867
365,245.87422996,-235.88606456,3.8926415836698034,6.708296664845867,6.708296664845867
366,257.58252663,-235.88606456,3.8926415836698034,6.708296664845867,6.708296664845867
367,-263.43667496,-225.74638221,3.8926415836698034,6.708296664845867,6.708296664845867
368,-251.72837829,-225.74638221,3.8926415836698034,6.708296664845867,6.708296664845867
369,-240.02008163,-225.74638221,3.8926415836698034,6.708296664845867,6.708296664845867
370,-228.31178496,-225.74638221,3.8926415836698034,6.708296664845867,6.708296664845867
371,-216.6034883,-225.74638221,3.8926415836698034,6.708296664845867,6.708296664845867
372,-204.89519163,-225.74638221,3.8926415836698034,6.708296664845867,6.708296664845867
373,-193.18689497,-225.74638221,3.8926415836698034,6.708296664845867,6.708296664845867
374,-181.47859831,-225.74638221,3.8926415836698034,6.708296664845867,6.708296664845867
375,-169.77030164,-225.74638221,3.8926415836698034,6.708296664845867,6.708296664845867
376,-158.06200498,-225.74638221,3.8926415836698034,6.708296664845867,6.708296664845867
377,-146.35370831,-225.74638221,3.8926415836698034,6.708296664845867,6.708296664845867
378,-134.64541165,-225.74638221,3.8926415836698034,6.708296664845867,6.708296664845867
379,-122.93711498,-225.74638221,3.8926415836698034,6.708296664845867,6.708296664845867
380,-111.22881832,-225.74638221,3.8926415836698034,6.708296664845867,6.708296664845867
381,-99.52052165,-225.74638221,3.8926415836698034,6.708296664845867,6.708296664845867
382,-87.81222499,-225.74638221,3.8926415836698034,6.708296664845867,6.708296664845867
383,-76.10392832,-225.74638221,3.8926415836698034,6.708296664845867,6.708296664845867
384,-64.39563166,-225.74638221,3.8926415836698034,6.708296664845867,6.708296664845867
385,-52.68733499,-225.74638221,3.8926415836698034,6.708296664845867,6.708296664845867
386,-40.97903833,-225.74638221,3.8926415836698034,6.708296664845867,6.708296664845867
387,-29.27074166,-225.74638221,3.8926415836698034,6.708296664845867,6.708296664845867
388,-17.562445,-225.74638221,3.8926415836698034,6.708296664845867,6.708296664845867
389,-5.85414833,-225.74638221,3.8926415836698034,6.708296664845867,6.708296664845867
390,5.85414833,-225.74638221,3.8926415836698034,6.708296664845867,6.708296664845867
391,17.562445,-225.74638221,3.8926415836698034,6.708296664845867,6.708296664845867
392,29.27074166,-225.74638221,3.8926415836698034,6.708296664845867,6.708296664845867
393,40.97903833,-225.74638221,3.8926415836698034,6.708296664845867,6.708296664845867
394,52.68733499,-225.74638221,3.8926415836698034,6.708296664845867,6.708296664845867
395,64.39563166,-225.74638221,3.8926415836698034,6.708296664845867,6.708296664845867
396,76.10392832,-225.74638221,3.8926415836698034,6.708296664845867,6.708296664845867
397,87.81222499,-225.74638221,3.8926415836698034,6.708296664845867,6.708296664845867
398,99.52052165,-225.74638221,3.8926415836698034,6.708296664845867,6.708296664845867
399,111.22881832,-225.74638221,3.8926415836698034,6.708296664845867,6.708296664845867
400,122.93711498,-225.74638221,3.8926415836698034,6.708296664845867,6.708296664845867
401,134.64541165,-225.74638221,3.8926415836698034,6.708296664845867,6.708296664845867
402,146.35370831,-225.74638221,3.8926415836698034,6.708296664845867,6.708296664845867
403,158.06200498,-225.74638221,3.8926415836698034,6.708296664845867,6.708296664845867
404,169.77030164,-225.74638221,3.8926415836698034,6.708296664845867,6.708296664845867
405,181.47859831,-225.74638221,3.8926415836698034,6.708296664845867,6.708296664845867
406,193.18689497,-225.74638221,3.8926415836698034,6.708296664845867,6.708296664845867
407,204.89519163,-225.74638221,3.8926415836698034,6.708296664845867,6.708296664845867
408,216.6034883,-225.74638221,3.8926415836698034,6.708296664845867,6.708296664845867
409,228.31178496,-225.74638221,3.8926415836698034,6.708296664845867,6.708296664845867
410,240.02008163,-225.74638221,3.8926415836698034,6.708296664845867,6.708296664845867
411,251.72837829,-225.74638221,3.8926415836698034,6.708296664845867,6.708296664845867
412,263.43667496,-225.74638221,3.8926415836698034,6.708296664845867,6.708296664845867
413,-269.29082329,-215.60669987,3.8926415836698034,6.708296664845867,6.708296664845867
414,-257.58252663,-215.60669987,3.8926415836698034,6.708296664845867,6.708296664845867
415,-245.87422996,-215.60669987,3.8926415836698034,6.708296664845867,6.708296664845867
416,-234.1659333,-215.60669987,3.8926415836698034,6.708296664845867,6.708296664845867
417,-222.45763663,-215.60669987,3.8926415836698034,6.708296664845867,6.708296664845867
418,-210.74933997,-215.60669987,3.8926415836698034,6.708296664845867,6.708296664845867
419,-199.0410433,-215.60669987,3.8926415836698034,6.708296664845867,6.708296664845867
420,-187.33274664,-215.60669987,3.8926415836698034,6.708296664845867,6.708296664845867
421,-175.62444997,-215.60669987,3.8926415836698034,6.708296664845867,6.708296664845867
422,-163.91615331,-215.60669987,3.8926415836698034,6.708296664845867,6.708296664845867
423,-152.20785664,-215.60669987,3.8926415836698034,6.708296664845867,6.708296664845867
424,-140.49955998,-215.60669987,3.8926415836698034,6.708296664845867,6.708296664845867
425,-128.79126331,-215.60669987,3.8926415836698034,6.708296664845867,6.708296664845867
426,-117.08296665,-215.60669987,3.8926415836698034,6.708296664845867,6.708296664845867
427,-105.37466998,-215.60669987,3.8926415836698034,6.708296664845867,6.708296664845867
428,-93.66637332,-215.60669987,3.8926415836698034,6.708296664845867,6.708296664845867
429,-81.95807665,-215.60669987,3.8926415836698034,6.708296664845867,6.708296664845867
430,-70.24977999,-215.60669987,3.8926415836698034,6.708296664845867,6.708296664845867
431,-58.54148332,-215.60669987,3.8926415836698034,6.708296664845867,6.708296664845867
432,-46.83318666,-215.60669987,3.8926415836698034,6.708296664845867,6.708296664845867
433,-35.12488999,-215.60669987,3.8926415836698034,6.708296664845867,6.708296664845867
434,-23.41659333,-215.60669987,3.8926415836698034,6.708296664845867,6.708296664845867
435,-11.70829666,-215.60669987,3.8926415836698034,6.708296664845867,6.708296664845867
436,0.0,-215.60669987,3.8926415836698034,6.708296664845867,6.708296664845867
437,11.70829666,-215.60669987,3.8926415836698034,6.708296664845867,6.708296664845867
438,23.41659333,-215.60669987,3.8926415836698034,6.708296664845867,6.708296664845867
439,35.12488999,-215.60669987,3.8926415836698034,6.708296664845867,6.708296664845867
440,46.83318666,-215.60669987,3.8926415836698034,6.708296664845867,6.708296664845867
441,58.54148332,-215.60669987,3.8926415836698034,6.708296664845867,6.708296664845867
442,70.24977999,-215.60669987,3.8926415836698034,6.708296664845867,6.708296664845867
443,81.95807665,-215.60669987,3.8926415836698034,6.708296664845867,6.708296664845867
444,93.66637332,-215.60669987,3.8926415836698034,6.708296664845867,6.708296664845867
445,105.37466998,-215.60669987,3.8926415836698034,6.708296664845867,6.708296664845867
446,117.08296665,-215.60669987,3.8926415836698034,6.708296664845867,6.708296664845867
447,128.79126331,-215.60669987,3.8926415836698034,6.708296664845867,6.708296664845867
448,140.49955998,-215.60669987,3.8926415836698034,6.708296664845867,6.708296664845867
449,152.20785664,-215.60669987,3.8926415836698034,6.708296664845867,6.708296664845867
450,163.91615331,-215.60669987,3.8926415836698034,6.708296664845867,6.708296664845867
451,175.62444997,-215.60669987,3.8926415836698034,6.708296664845867,6.708296664845867
452,187.33274664,-215.60669987,3.8926415836698034,6.708296664845867,6.708296664845867
453,199.0410433,-215.60669987,3.8926415836698034,6.708296664845867,6.708296664845867
454,210.74933997,-215.60669987,3.8926415836698034,6.708296664845867,6.708296664845867
455,222.45763663,-215.60669987,3.8926415836698034,6.708296664845867,6.708296664845867
456,234.1659333,-215.60669987,3.8926415836698034,6.708296664845867,6.708296664845867
457,245.87422996,-215.60669987,3.8926415836698034,6.708296664845867,6.708296664845867
458,257.58252663,-215.60669987,3.8926415836698034,6.708296664845867,6.708296664845867
459,269.29082329,-215.60669987,3.8926415836698034,6.708296664845867,6.708296664845867
460,-275.14497162,-205.46701752,3.8926415836698034,6.708296664845867,6.708296664845867
461,-263.43667496,-205.46701752,3.8926415836698034,6.708296664845867,6.708296664845867
462,-251.72837829,-205.46701752,3.8926415836698034,6.708296664845867,6.708296664845867
463,-240.02008163,-205.46701752,3.8926415836698034,6.708296664845867,6.708296664845867
464,-228.31178496,-205.46701752,3.8926415836698034,6.708296664845867,6.708296664845867
465,-216.6034883,-205.46701752,3.8926415836698034,6.708296664845867,6.708296664845867
466,-204.89519163,-205.46701752,3.8926415836698034,6.708296664845867,6.708296664845867
467,-193.18689497,-205.46701752,3.8926415836698034,6.708296664845867,6.708296664845867
468,-181.47859831,-205.46701752,3.8926415836698034,6.708296664845867,6.708296664845867
469,-169.77030164,-205.46701752,3.8926415836698034,6.708296664845867,6.708296664845867
470,-158.06200498,-205.46701752,3.8926415836698034,6.708296664845867,6.708296664845867
471,-146.35370831,-205.46701752,3.8926415836698034,6.708296664845867,6.708296664845867
472,-134.64541165,-205.46701752,3.8926415836698034,6.708296664845867,6.708296664845867
473,-122.93711498,-205.46701752,3.8926415836698034,6.708296664845867,6.708296664845867
474,-111.22881832,-205.46701752,3.8926415836698034,6.708296664845867,6.708296664845867
475,-99.52052165,-205.46701752,3.8926415836698034,6.708296664845867,6.708296664845867
476,-87.81222499,-205.46701752,3.8926415836698034,6.708296664845867,6.708296664845867
477,-76.10392832,-205.46701752,3.8926415836698034,6.708296664845867,6.708296664845867
478,-64.39563166,-205.46701752,3.8926415836698034,6.708296664845867,6.708296664845867
479,-52.68733499,-205.46701752,3.8926415836698034,6.708296664845867,6.708296664845867
480,-40.97903833,-205.46701752,3.8926415836698034,6.708296664845867,6.708296664845867
481,-29.27074166,-205.46701752,3.8926415836698034,6.708296664845867,6.708296664845867
482,-17.562445,-205.46701752,3.8926415836698034,6.708296664845867,6.708296664845867
483,-5.85414833,-205.46701752,3.8926415836698034,6.708296664845867,6.708296664845867
484,5.85414833,-205.46701752,3.8926415836698034,6.708296664845867,6.708296664845867
485,17.562445,-205.46701752,3.8926415836698034,6.708296664845867,6.708296664845867
486,29.27074166,-205.46701752,3.8926415836698034,6.708296664845867,6.708296664845867
487,40.97903833,-205.46701752,3.8926415836698034,6.708296664845867,6.708296664845867
488,52.68733499,-205.46701752,3.8926415836698034,6.708296664845867,6.708296664845867
489,64.39563166,-205.46701752,3.8926415836698034,6.708296664845867,6.708296664845867
490,76.10392832,-205.46701752,3.8926415836698034,6.708296664845867,6.708296664845867
491,87.81222499,-205.46701752,3.8926415836698034,6.708296664845867,6.708296664845867
492,99.52052165,-205.46701752,3.8926415836698034,6.708296664845867,6.708296664845867
493,111.22881832,-205.46701752,3.8926415836698034,6.708296664845867,6.708296664845867
494,122.93711498,-205.46701752,3.8926415836698034,6.708296664845867,6.708296664845867
495,134.64541165,-205.46701752,3.8926415836698034,6.708296664845867,6.708296664845867
496,146.35370831,-205.46701752,3.8926415836698034,6.708296664845867,6.708296664845867
497,158.06200498,-205.46701752,3.8926415836698034,6.708296664845867,6.708296664845867
498,169.77030164,-205.46701752,3.8926415836698034,6.708296664845867,6.708296664845867
499,181.47859831,-205.46701752,3.8926415836698034,6.708296664845867,6.708296664845867
500,193.18689497,-205.46701752,3.8926415836698034,6.708296664845867,6.708296664845867
501,204.89519163,-205.46701752,3.8926415836698034,6.708296664845867,6.708296664845867
502,216.6034883,-205.46701752,3.8926415836698034,6.708296664845867,6.708296664845867
503,228.31178496,-205.46701752,3.8926415836698034,6.708296664845867,6.708296664845867
504,240.02008163,-205.46701752,3.8926415836698034,6.708296664845867,6.708296664845867
505,251.72837829,-205.46701752,3.8926415836698034,6.708296664845867,6.708296664845867
506,263.43667496,-205.46701752,3.8926415836698034,6.708296664845867,6.708296664845867
507,275.14497162,-205.46701752,3.8926415836698034,6.708296664845867,6.708296664845867
508,-280.99911996,-195.32733517,3.8926415836698034,6.708296664845867,6.708296664845867
509,-269.29082329,-195.32733517,3.8926415836698034,6.708296664845867,6.708296664845867
510,-257.58252663,-195.32733517,3.8926415836698034,6.708296664845867,6.708296664845867
511,-245.87422996,-195.32733517,3.8926415836698034,6.708296664845867,6.708296664845867
512,-234.1659333,-195.32733517,3.8926415836698034,6.708296664845867,6.708296664845867
513,-222.45763663,-195.32733517,3.8926415836698034,6.708296664845867,6.708296664845867
514,-210.74933997,-195.32733517,3.8926415836698034,6.708296664845867,6.708296664845867
515,-199.0410433,-195.32733517,3.8926415836698034,6.708296664845867,6.708296664845867
516,-187.33274664,-195.32733517,3.8926415836698034,6.708296664845867,6.708296664845867
517,-175.62444997,-195.32733517,3.8926415836698034,6.708296664845867,6.708296664845867
518,-163.91615331,-195.32733517,3.8926415836698034,6.708296664845867,6.708296664845867
519,-152.20785664,-195.32733517,3.8926415836698034,6.708296664845867,6.708296664845867
520,-140.49955998,-195.32733517,3.8926415836698034,6.708296664845867,6.708296664845867
521,-128.79126331,-195.32733517,3.8926415836698034,6.708296664845867,6.708296664845867
522,-117.08296665,-195.32733517,3.8926415836698034,6.708296664845867,6.708296664845867
523,-105.37466998,-195.32733517,3.8926415836698034,6.708296664845867,6.708296664845867
524,-93.66637332,-195.32733517,3.8926415836698034,6.708296664845867,6.708296664845867
525,-81.95807665,-195.32733517,3.8926415836698034,6.708296664845867,6.708296664845867
526,-70.24977999,-195.32733517,3.8926415836698034,6.708296664845867,6.708296664845867
527,-58.54148332,-195.32733517,3.8926415836698034,6.708296664845867,6.708296664845867
528,-46.83318666,-195.32733517,3.8926415836698034,6.708296664845867,6.708296664845867
529,-35.12488999,-195.32733517,3.8926415836698034,6.708296664845867,6.708296664845867
530,-23.41659333,-195.32733517,3.8926415836698034,6.708296664845867,6.708296664845867
531,-11.70829666,-195.32733517,3.8926415836698034,6.708296664845867,6.708296664845867
532,0.0,-195.32733517,3.8926415836698034,6.708296664845867,6.708296664845867
533,11.70829666,-195.32733517,3.8926415836698034,6.708296664845867,6.708296664845867
534,23.41659333,-195.32733517,3.8926415836698034,6.708296664845867,6.708296664845867
535,35.12488999,-195.32733517,3.8926415836698034,6.708296664845867,6.708296664845867
536,46.83318666,-195.32733517,3.8926415836698034,6.708296664845867,6.708296664845867
537,58.54148332,-195.32733517,3.8926415836698034,6.708296664845867,6.708296664845867
538,70.24977999,-195.32733517,3.8926415836698034,6.708296664845867,6.708296664845867
539,81.95807665,-195.32733517,3.8926415836698034,6.708296664845867,6.708296664845867
540,93.66637332,-195.32733517,3.8926415836698034,6.708296664845867,6.708296664845867
541,105.37466998,-195.32733517,3.8926415836698034,6.708296664845867,6.708296664845867
542,117.08296665,-195.32733517,3.8926415836698034,6.708296664845867,6.708296664845867
543,128.79126331,-195.32733517,3.8926415836698034,6.708296664845867,6.708296664845867
544,140.49955998,-195.32733517,3.8926415836698034,6.708296664845867,6.708296664845867
545,152.20785664,-195.32733517,3.8926415836698034,6.708296664845867,6.708296664845867
546,163.91615331,-195.32733517,3.8926415836698034,6.708296664845867,6.708296664845867
547,175.62444997,-195.32733517,3.8926415836698034,6.708296664845867,6.708296664845867
548,187.33274664,-195.32733517,3.8926415836698034,6.708296664845867,6.708296664845867
549,199.0410433,-195.32733517,3.8926415836698034,6.708296664845867,6.708296664845867
550,210.74933997,-195.32733517,3.8926415836698034,6.708296664845867,6.708296664845867
551,222.45763663,-195.32733517,3.8926415836698034,6.708296664845867,6.708296664845867
552,234.1659333,-195.32733517,3.8926415836698034,6.708296664845867,6.708296664845867
553,245.87422996,-195.32733517,3.8926415836698034,6.708296664845867,6.708296664845867
554,257.58252663,-195.32733517,3.8926415836698034,6.708296664845867,6.708296664845867
555,269.29082329,-195.32733517,3.8926415836698034,6.708296664845867,6.708296664845867
556,280.99911996,-195.32733517,3.8926415836698034,6.708296664845867,6.708296664845867
557,-286.85326829,-185.18765283,3.8926415836698034,6.708296664845867,6.708296664845867
558,-275.14497162,-185.18765283,3.8926415836698034,6.708296664845867,6.708296664845867
559,-263.43667496,-185.18765283,3.8926415836698034,6.708296664845867,6.708296664845867
560,-251.72837829,-185.18765283,3.8926415836698034,6.708296664845867,6.708296664845867
561,-240.02008163,-185.18765283,3.8926415836698034,6.708296664845867,6.708296664845867
562,-228.31178496,-185.18765283,3.8926415836698034,6.708296664845867,6.708296664845867
563,-216.6034883,-185.18765283,3.8926415836698034,6.708296664845867,6.708296664845867
564,-204.89519163,-185.18765283,3.8926415836698034,6.708296664845867,6.708296664845867
565,-193.18689497,-185.18765283,3.8926415836698034,6.708296664845867,6.708296664845867
566,-181.47859831,-185.18765283,3.8926415836698034,6.708296664845867,6.708296664845867
567,-169.77030164,-185.18765283,3.8926415836698034,6.708296664845867,6.708296664845867
568,-158.06200498,-185.18765283,3.8926415836698034,6.708296664845867,6.708296664845867
569,-146.35370831,-185.18765283,3.8926415836698034,6.708296664845867,6.708296664845867
570,-134.64541165,-185.18765283,3.8926415836698034,6.708296664845867,6.708296664845867
571,-122.93711498,-185.18765283,3.8926415836698034,6.708296664845867,6.708296664845867
572,-111.22881832,-185.18765283,3.8926415836698034,6.708296664845867,6.708296664845867
573,-99.52052165,-185.18765283,3.8926415836698034,6.708296664845867,6.708296664845867
574,-87.81222499,-185.18765283,3.8926415836698034,6.708296664845867,6.708296664845867
575,-76.10392832,-185.18765283,3.8926415836698034,6.708296664845867,6.708296664845867
576,-64.39563166,-185.18765283,3.8926415836698034,6.708296664845867,6.708296664845867
577,-52.68733499,-185.18765283,3.8926415836698034,6.708296664845867,6.708296664845867
578,-40.97903833,-185.18765283,3.8926415836698034,6.708296664845867,6.708296664845867
579,-29.27074166,-185.18765283,3.8926415836698034,6.708296664845867,6.708296664845867
580,-17.562445,-185.18765283,3.8926415836698034,6.708296664845867,6.708296664845867
581,-5.85414833,-185.18765283,3.8926415836698034,6.708296664845867,6.708296664845867
582,5.85414833,-185.18765283,3.8926415836698034,6.708296664845867,6.708296664845867
583,17.562445,-185.18765283,3.8926415836698034,6.708296664845867,6.708296664845867
584,29.27074166,-185.18765283,3.8926415836698034,6.708296664845867,6.708296664845867
585,40.97903833,-185.18765283,3.8926415836698034,6.708296664845867,6.708296664845867
586,52.68733499,-185.18765283,3.8926415836698034,6.708296664845867,6.708296664845867
587,64.39563166,-185.18765283,3.8926415836698034,6.708296664845867,6.708296664845867
588,76.10392832,-185.18765283,3.8926415836698034,6.708296664845867,6.708296664845867
589,87.81222499,-185.18765283,3.8926415836698034,6.708296664845867,6.708296664845867
590,99.52052165,-185.18765283,3.8926415836698034,6.708296664845867,6.708296664845867
591,111.22881832,-185.18765283,3.8926415836698034,6.708296664845867,6.708296664845867
592,122.93711498,-185.18765283,3.8926415836698034,6.708296664845867,6.708296664845867
593,134.64541165,-185.18765283,3.8926415836698034,6.708296664845867,6.708296664845867
594,146.35370831,-185.18765283,3.8926415836698034,6.708296664845867,6.708296664845867
595,158.06200498,-185.18765283,3.8926415836698034,6.708296664845867,6.708296664845867
596,169.77030164,-185.18765283,3.8926415836698034,6.708296664845867,6.708296664845867
597,181.47859831,-185.18765283,3.8926415836698034,6.708296664845867,6.708296664845867
598,193.18689497,-185.18765283,3.8926415836698034,6.708296664845867,6.708296664845867
599,204.89519163,-185.18765283,3.8926415836698034,6.708296664845867,6.708296664845867
600,216.6034883,-185.18765283,3.8926415836698034,6.708296664845867,6.708296664845867
601,228.31178496,-185.18765283,3.8926415836698034,6.708296664845867,6.708296664845867
602,240.02008163,-185.18765283,3.8926415836698034,6.708296664845867,6.708296664845867
603,251.72837829,-185.18765283,3.8926415836698034,6.708296664845867,6.708296664845867
604,263.43667496,-185.18765283,3.8926415836698034,6.708296664845867,6.708296664845867
605,275.14497162,-185.18765283,3.8926415836698034,6.708296664845867,6.708296664845867
606,286.85326829,-185.18765283,3.8926415836698034,6.708296664845867,6.708296664845867
607,-292.70741662,-175.04797048,3.8926415836698034,6.708296664845867,6.708296664845867
608,-280.99911996,-175.04797048,3.8926415836698034,6.708296664845867,6.708296664845867
609,-269.29082329,-175.04797048,3.8926415836698034,6.708296664845867,6.708296664845867
610,-257.58252663,-175.04797048,3.8926415836698034,6.708296664845867,6.708296664845867
611,-245.87422996,-175.04797048,3.8926415836698034,6.708296664845867,6.708296664845867
612,-234.1659333,-175.04797048,3.8926415836698034,6.708296664845867,6.708296664845867
613,-222.45763663,-175.04797048,3.8926415836698034,6.708296664845867,6.708296664845867
614,-210.74933997,-175.04797048,3.8926415836698034,6.708296664845867,6.708296664845867
615,-199.0410433,-175.04797048,3.8926415836698034,6.708296664845867,6.708296664845867
616,-187.33274664,-175.04797048,3.8926415836698034,6.708296664845867,6.708296664845867
617,-175.62444997,-175.04797048,3.8926415836698034,6.708296664845867,6.708296664845867
618,-163.91615331,-175.04797048,3.8926415836698034,6.708296664845867,6.708296664845867
619,-152.20785664,-175.04797048,3.8926415836698034,6.708296664845867,6.708296664845867
620,-140.49955998,-175.04797048,3.8926415836698034,6.708296664845867,6.708296664845867
621,-128.79126331,-175.04797048,3.8926415836698034,6.708296664845867,6.708296664845867
622,-117.08296665,-175.04797048,3.8926415836698034,6.708296664845867,6.708296664845867
623,-105.37466998,-175.04797048,3.8926415836698034,6.708296664845867,6.708296664845867
624,-93.66637332,-175.04797048,3.8926415836698034,6.708296664845867,6.708296664845867
625,-81.95807665,-175.04797048,3.8926415836698034,6.708296664845867,6.708296664845867
626,-70.24977999,-175.04797048,3.8926415836698034,6.708296664845867,6.708296664845867
627,-58.54148332,-175.04797048,3.8926415836698034,6.708296664845867,6.708296664845867
628,-46.83318666,-175.04797048,3.8926415836698034,6.708296664845867,6.708296664845867
629,-35.12488999,-175.04797048,3.8926415836698034,6.708296664845867,6.708296664845867
630,-23.41659333,-175.04797048,3.8926415836698034,6.708296664845867,6.708296664845867
631,-11.70829666,-175.04797048,3.8926415836698034,6.708296664845867,6.708296664845867
632,0.0,-175.04797048,3.8926415836698034,6.708296664845867,6.708296664845867
633,11.70829666,-175.04797048,3.8926415836698034,6.708296664845867,6.708296664845867
634,23.41659333,-175.04797048,3.8926415836698034,6.708296664845867,6.708296664845867
635,35.12488999,-175.04797048,3.8926415836698034,6.708296664845867,6.708296664845867
636,46.83318666,-175.04797048,3.8926415836698034,6.708296664845867,6.708296664845867
637,58.54148332,-175.04797048,3.8926415836698034,6.708296664845867,6.708296664845867
638,70.24977999,-175.04797048,3.8926415836698034,6.708296664845867,6.708296664845867
639,81.95807665,-175.04797048,3.8926415836698034,6.708296664845867,6.708296664845867
640,93.66637332,-175.04797048,3.8926415836698034,6.708296664845867,6.708296664845867
641,105.37466998,-175.04797048,3.8926415836698034,6.708296664845867,6.708296664845867
642,117.08296665,-175.04797048,3.8926415836698034,6.708296664845867,6.708296664845867
643,128.79126331,-175.04797048,3.8926415836698034,6.708296664845867,6.708296664845867
644,140.49955998,-175.04797048,3.8926415836698034,6.708296664845867,6.708296664845867
645,152.20785664,-175.04797048,3.8926415836698034,6.708296664845867,6.708296664845867
646,163.91615331,-175.04797048,3.8926415836698034,6.708296664845867,6.708296664845867
647,175.62444997,-175.04797048,3.8926415836698034,6.708296664845867,6.708296664845867
648,187.33274664,-175.04797048,3.8926415836698034,6.708296664845867,6.708296664845867
649,199.0410433,-175.04797048,3.8926415836698034,6.708296664845867,6.708296664845867
650,210.74933997,-175.04797048,3.8926415836698034,6.708296664845867,6.708296664845867
651,222.45763663,-175.04797048,3.8926415836698034,6.708296664845867,6.708296664845867
652,234.1659333,-175.04797048,3.8926415836698034,6.708296664845867,6.708296664845867
653,245.87422996,-175.04797048,3.8926415836698034,6.708296664845867,6.708296664845867
654,257.58252663,-175.04797048,3.8926415836698034,6.708296664845867,6.708296664845867
655,269.29082329,-175.04797048,3.8926415836698034,6.708296664845867,6.708296664845867
656,280.99911996,-175.04797048,3.8926415836698034,6.708296664845867,6.708296664845867
657,292.70741662,-175.04797048,3.8926415836698034,6.708296664845867,6.708296664845867
658,-298.56156495,-164.90828813,3.8926415836698034,6.708296664845867,6.708296664845867
659,-286.85326829,-164.90828813,3.8926415836698034,6.708296664845867,6.708296664845867
660,-275.14497162,-164.90828813,3.8926415836698034,6.708296664845867,6.708296664845867
661,-263.43667496,-164.90828813,3.8926415836698034,6.708296664845867,6.708296664845867
662,-251.72837829,-164.90828813,3.8926415836698034,6.708296664845867,6.708296664845867
663,-240.02008163,-164.90828813,3.8926415836698034,6.708296664845867,6.708296664845867
664,-228.31178496,-164.90828813,3.8926415836698034,6.708296664845867,6.708296664845867
665,-216.6034883,-164.90828813,3.8926415836698034,6.708296664845867,6.708296664845867
666,-204.89519163,-164.90828813,3.8926415836698034,6.708296664845867,6.708296664845867
667,-193.18689497,-164.90828813,3.8926415836698034,6.708296664845867,6.708296664845867
668,-181.47859831,-164.90828813,3.8926415836698034,6.708296664845867,6.708296664845867
669,-169.77030164,-164.90828813,3.8926415836698034,6.708296664845867,6.708296664845867
670,-158.06200498,-164.90828813,3.8926415836698034,6.708296664845867,6.708296664845867
671,-146.35370831,-164.90828813,3.8926415836698034,6.708296664845867,6.708296664845867
672,-134.64541165,-164.90828813,3.8926415836698034,6.708296664845867,6.708296664845867
673,-122.93711498,-164.90828813,3.8926415836698034,6.708296664845867,6.708296664845867
674,-111.22881832,-164.90828813,3.8926415836698034,6.708296664845867,6.708296664845867
675,-99.52052165,-164.90828813,3.8926415836698034,6.708296664845867,6.708296664845867
676,-87.81222499,-164.90828813,3.8926415836698034,6.708296664845867,6.708296664845867
677,-76.10392832,-164.90828813,3.8926415836698034,6.708296664845867,6.708296664845867
678,-64.39563166,-164.90828813,3.8926415836698034,6.708296664845867,6.708296664845867
679,-52.68733499,-164.90828813,3.8926415836698034,6.708296664845867,6.708296664845867
680,-40.97903833,-164.90828813,3.8926415836698034,6.708296664845867,6.708296664845867
681,-29.27074166,-164.90828813,3.8926415836698034,6.708296664845867,6.708296664845867
682,-17.562445,-164.90828813,3.8926415836698034,6.708296664845867,6.708296664845867
683,-5.85414833,-164.90828813,3.8926415836698034,6.708296664845867,6.708296664845867
684,5.85414833,-164.90828813,3.8926415836698034,6.708296664845867,6.708296664845867
685,17.562445,-164.90828813,3.8926415836698034,6.708296664845867,6.708296664845867
686,29.27074166,-164.90828813,3.8926415836698034,6.708296664845867,6.708296664845867
687,40.97903833,-164.90828813,3.8926415836698034,6.708296664845867,6.708296664845867
688,52.68733499,-164.90828813,3.8926415836698034,6.708296664845867,6.708296664845867
689,64.39563166,-164.90828813,3.8926415836698034,6.708296664845867,6.708296664845867
690,76.10392832,-164.90828813,3.8926415836698034,6.708296664845867,6.708296664845867
691,87.81222499,-164.90828813,3.8926415836698034,6.708296664845867,6.708296664845867
692,99.52052165,-164.90828813,3.8926415836698034,6.708296664845867,6.708296664845867
693,111.22881832,-164.90828813,3.8926415836698034,6.708296664845867,6.708296664845867
694,122.93711498,-164.90828813,3.8926415836698034,6.708296664845867,6.708296664845867
695,134.64541165,-164.90828813,3.8926415836698034,6.708296664845867,6.708296664845867
696,146.35370831,-164.90828813,3.8926415836698034,6.708296664845867,6.708296664845867
697,158.06200498,-164.90828813,3.8926415836698034,6.708296664845867,6.708296664845867
698,169.77030164,-164.90828813,3.8926415836698034,6.708296664845867,6.708296664845867
699,181.47859831,-164.90828813,3.8926415836698034,6.708296664845867,6.708296664845867
700,193.18689497,-164.90828813,3.8926415836698034,6.708296664845867,6.708296664845867
701,204.89519163,-164.90828813,3.8926415836698034,6.708296664845867,6.708296664845867
702,216.6034883,-164.90828813,3.8926415836698034,6.708296664845867,6.708296664845867
703,228.31178496,-164.90828813,3.8926415836698034,6.708296664845867,6.708296664845867
704,240.02008163,-164.90828813,3.8926415836698034,6.708296664845867,6.708296664845867
705,251.72837829,-164.90828813,3.8926415836698034,6.708296664845867,6.708296664845867
706,263.43667496,-164.90828813,3.8926415836698034,6.708296664845867,6.708296664845867
707,275.14497162,-164.90828813,3.8926415836698034,6.708296664845867,6.708296664845867
708,286.85326829,-164.90828813,3.8926415836698034,6.708296664845867,6.708296664845867
709,298.56156495,-164.90828813,3.8926415836698034,6.708296664845867,6.708296664845867
710,-304.41571329,-154.76860579,3.8926415836698034,6.708296664845867,6.708296664845867
711,-292.70741662,-154.76860579,3.8926415836698034,6.708296664845867,6.708296664845867
712,-280.99911996,-154.76860579,3.8926415836698034,6.708296664845867,6.708296664845867
713,-269.29082329,-154.76860579,3.8926415836698034,6.708296664845867,6.708296664845867
714,-257.58252663,-154.76860579,3.8926415836698034,6.708296664845867,6.708296664845867
715,-245.87422996,-154.76860579,3.8926415836698034,6.708296664845867,6.708296664845867
716,-234.1659333,-154.76860579,3.8926415836698034,6.708296664845867,6.708296664845867
717,-222.45763663,-154.76860579,3.8926415836698034,6.708296664845867,6.708296664845867
718,-210.74933997,-154.76860579,3.8926415836698034,6.708296664845867,6.708296664845867
719,-199.0410433,-154.76860579,3.8926415836698034,6.708296664845867,6.708296664845867
720,-187.33274664,-154.76860579,3.8926415836698034,6.708296664845867,6.708296664845867
721,-175.62444997,-154.76860579,3.8926415836698034,6.708296664845867,6.708296664845867
722,-163.91615331,-154.76860579,3.8926415836698034,6.708296664845867,6.708296664845867
723,-152.20785664,-154.76860579,3.8926415836698034,6.708296664845867,6.708296664845867
724,-140.49955998,-154.76860579,3.8926415836698034,6.708296664845867,6.708296664845867
725,-128.79126331,-154.76860579,3.8926415836698034,6.708296664845867,6.708296664845867
726,-117.08296665,-154.76860579,3.8926415836698034,6.708296664845867,6.708296664845867
727,-105.37466998,-154.76860579,3.8926415836698034,6.708296664845867,6.708296664845867
728,-93.66637332,-154.76860579,3.8926415836698034,6.708296664845867,6.708296664845867
729,-81.95807665,-154.76860579,3.8926415836698034,6.708296664845867,6.708296664845867
730,-70.24977999,-154.76860579,3.8926415836698034,6.708296664845867,6.708296664845867
731,-58.54148332,-154.76860579,3.8926415836698034,6.708296664845867,6.708296664845867
732,-46.83318666,-154.76860579,3.8926415836698034,6.708296664845867,6.708296664845867
733,-35.12488999,-154.76860579,3.8926415836698034,6.708296664845867,6.708296664845867
734,-23.41659333,-154.76860579,3.8926415836698034,6.708296664845867,6.708296664845867
735,-11.70829666,-154.76860579,3.8926415836698034,6.708296664845867,6.708296664845867
736,0.0,-154.76860579,3.8926415836698034,6.708296664845867,6.708296664845867
737,11.70829666,-154.76860579,3.8926415836698034,6.708296664845867,6.708296664845867
738,23.41659333,-154.76860579,3.8926415836698034,6.708296664845867,6.708296664845867
739,35.12488999,-154.76860579,3.8926415836698034,6.708296664845867,6.708296664845867
740,46.83318666,-154.76860579,3.8926415836698034,6.708296664845867,6.708296664845867
741,58.54148332,-154.76860579,3.8926415836698034,6.708296664845867,6.708296664845867
742,70.24977999,-154.76860579,3.8926415836698034,6.708296664845867,6.708296664845867
743,81.95807665,-154.76860579,3.8926415836698034,6.708296664845867,6.708296664845867
744,93.66637332,-154.76860579,3.8926415836698034,6.708296664845867,6.708296664845867
745,105.37466998,-154.76860579,3.8926415836698034,6.708296664845867,6.708296664845867
746,117.08296665,-154.76860579,3.8926415836698034,6.708296664845867,6.708296664845867
747,128.79126331,-154.76860579,3.8926415836698034,6.708296664845867,6.708296664845867
748,140.49955998,-154.76860579,3.8926415836698034,6.708296664845867,6.708296664845867
749,152.20785664,-154.76860579,3.8926415836698034,6.708296664845867,6.708296664845867
750,163.91615331,-154.76860579,3.8926415836698034,6.708296664845867,6.708296664845867
751,175.62444997,-154.76860579,3.8926415836698034,6.708296664845867,6.708296664845867
752,187.33274664,-154.76860579,3.8926415836698034,6.708296664845867,6.708296664845867
753,199.0410433,-154.76860579,3.8926415836698034,6.708296664845867,6.708296664845867
754,210.74933997,-154.76860579,3.8926415836698034,6.708296664845867,6.708296664845867
755,222.45763663,-154.76860579,3.8926415836698034,6.708296664845867,6.708296664845867
756,234.1659333,-154.76860579,3.8926415836698034,6.708296664845867,6.708296664845867
757,245.87422996,-154.76860579,3.8926415836698034,6.708296664845867,6.708296664845867
758,257.58252663,-154.76860579,3.8926415836698034,6.708296664845867,6.708296664845867
759,269.29082329,-154.76860579,3.8926415836698034,6.708296664845867,6.708296664845867
760,280.99911996,-154.76860579,3.8926415836698034,6.708296664845867,6.708296664845867
761,292.70741662,-154.76860579,3.8926415836698034,6.708296664845867,6.708296664845867
762,304.41571329,-154.76860579,3.8926415836698034,6.708296664845867,6.708296664845867
763,-310.26986162,-144.62892344,3.8926415836698034,6.708296664845867,6.708296664845867
764,-298.56156495,-144.62892344,3.8926415836698034,6.708296664845867,6.708296664845867
765,-286.85326829,-144.62892344,3.8926415836698034,6.708296664845867,6.708296664845867
766,-275.14497162,-144.62892344,3.8926415836698034,6.708296664845867,6.708296664845867
767,-263.43667496,-144.62892344,3.8926415836698034,6.708296664845867,6.708296664845867
768,-251.72837829,-144.62892344,3.8926415836698034,6.708296664845867,6.708296664845867
769,-240.02008163,-144.62892344,3.8926415836698034,6.708296664845867,6.708296664845867
770,-228.31178496,-144.62892344,3.8926415836698034,6.708296664845867,6.708296664845867
771,-216.6034883,-144.62892344,3.8926415836698034,6.708296664845867,6.708296664845867
772,-204.89519163,-144.62892344,3.8926415836698034,6.708296664845867,6.708296664845867
773,-193.18689497,-144.62892344,3.8926415836698034,6.708296664845867,6.708296664845867
774,-181.47859831,-144.62892344,3.8926415836698034,6.708296664845867,6.708296664845867
775,-169.77030164,-144.62892344,3.8926415836698034,6.708296664845867,6.708296664845867
776,-158.06200498,-144.62892344,3.8926415836698034,6.708296664845867,6.708296664845867
777,-146.35370831,-144.62892344,3.8926415836698034,6.708296664845867,6.708296664845867
778,-134.64541165,-144.62892344,3.8926415836698034,6.708296664845867,6.708296664845867
779,-122.93711498,-144.62892344,3.8926415836698034,6.708296664845867,6.708296664845867
780,-111.22881832,-144.62892344,3.8926415836698034,6.708296664845867,6.708296664845867
781,-99.52052165,-144.62892344,3.8926415836698034,6.708296664845867,6.708296664845867
782,-87.81222499,-144.62892344,3.8926415836698034,6.708296664845867,6.708296664845867
783,-76.10392832,-144.62892344,3.8926415836698034,6.708296664845867,6.708296664845867
784,-64.39563166,-144.62892344,3.8926415836698034,6.708296664845867,6.708296664845867
785,-52.68733499,-144.62892344,3.8926415836698034,6.708296664845867,6.708296664845867
786,-40.97903833,-144.62892344,3.8926415836698034,6.708296664845867,6.708296664845867
787,-29.27074166,-144.62892344,3.8926415836698034,6.708296664845867,6.708296664845867
788,-17.562445,-144.62892344,3.8926415836698034,6.708296664845867,6.708296664845867
789,-5.85414833,-144.62892344,3.8926415836698034,6.708296664845867,6.708296664845867
790,5.85414833,-144.62892344,3.8926415836698034,6.708296664845867,6.708296664845867
791,17.562445,-144.62892344,3.8926415836698034,6.708296664845867,6.708296664845867
792,29.27074166,-144.62892344,3.8926415836698034,6.708296664845867,6.708296664845867
793,40.97903833,-144.62892344,3.8926415836698034,6.708296664845867,6.708296664845867
794,52.68733499,-144.62892344,3.8926415836698034,6.708296664845867,6.708296664845867
795,64.39563166,-144.62892344,3.8926415836698034,6.708296664845867,6.708296664845867
796,76.10392832,-144.62892344,3.8926415836698034,6.708296664845867,6.708296664845867
797,87.81222499,-144.62892344,3.8926415836698034,6.708296664845867,6.708296664845867
798,99.52052165,-144.62892344,3.8926415836698034,6.708296664845867,6.708296664845867
799,111.22881832,-144.62892344,3.8926415836698034,6.708296664845867,6.708296664845867
800,122.93711498,-144.62892344,3.8926415836698034,6.708296664845867,6.708296664845867
801,134.64541165,-144.62892344,3.8926415836698034,6.708296664845867,6.708296664845867
802,146.35370831,-144.62892344,3.8926415836698034,6.708296664845867,6.708296664845867
803,158.06200498,-144.62892344,3.8926415836698034,6.708296664845867,6.708296664845867
804,169.77030164,-144.62892344,3.8926415836698034,6.708296664845867,6.708296664845867
805,181.47859831,-144.62892344,3.8926415836698034,6.708296664845867,6.708296664845867
806,193.18689497,-144.62892344,3.8926415836698034,6.708296664845867,6.708296664845867
807,204.89519163,-144.62892344,3.8926415836698034,6.708296664845867,6.708296664845867
808,216.6034883,-144.62892344,3.8926415836698034,6.708296664845867,6.708296664845867
809,228.31178496,-144.62892344,3.8926415836698034,6.708296664845867,6.708296664845867
810,240.02008163,-144.62892344,3.8926415836698034,6.708296664845867,6.708296664845867
811,251.72837829,-144.62892344,3.8926415836698034,6.708296664845867,6.708296664845867
812,263.43667496,-144.62892344,3.8926415836698034,6.708296664845867,6.708296664845867
813,275.14497162,-144.62892344,3.8926415836698034,6.708296664845867,6.708296664845867
814,286.85326829,-144.62892344,3.8926415836698034,6.708296664845867,6.708296664845867
815,298.56156495,-144.62892344,3.8926415836698034,6.708296664845867,6.708296664845867
816,310.26986162,-144.62892344,3.8926415836698034,6.708296664845867,6.708296664845867
817,-316.12400995,-134.48924109,3.8926415836698034,6.708296664845867,6.708296664845867
818,-304.41571329,-134.48924109,3.8926415836698034,6.708296664845867,6.708296664845867
819,-292.70741662,-134.48924109,3.8926415836698034,6.708296664845867,6.708296664845867
820,-280.99911996,-134.48924109,3.8926415836698034,6.708296664845867,6.708296664845867
821,-269.29082329,-134.48924109,3.8926415836698034,6.708296664845867,6.708296664845867
822,-257.58252663,-134.48924109,3.8926415836698034,6.708296664845867,6.708296664845867
823,-245.87422996,-134.48924109,3.8926415836698034,6.708296664845867,6.708296664845867
824,-234.1659333,-134.48924109,3.8926415836698034,6.708296664845867,6.708296664845867
825,-222.45763663,-134.48924109,3.8926415836698034,6.708296664845867,6.708296664845867
826,-210.74933997,-134.48924109,3.8926415836698034,6.708296664845867,6.708296664845867
827,-199.0410433,-134.48924109,3.8926415836698034,6.708296664845867,6.708296664845867
828,-187.33274664,-134.48924109,3.8926415836698034,6.708296664845867,6.708296664845867
829,-175.62444997,-134.48924109,3.8926415836698034,6.708296664845867,6.708296664845867
830,-163.91615331,-134.48924109,3.8926415836698034,6.708296664845867,6.708296664845867
831,-152.20785664,-134.48924109,3.8926415836698034,6.708296664845867,6.708296664845867
832,-140.49955998,-134.48924109,3.8926415836698034,6.708296664845867,6.708296664845867
833,-128.79126331,-134.48924109,3.8926415836698034,6.708296664845867,6.708296664845867
834,-117.08296665,-134.48924109,3.8926415836698034,6.708296664845867,6.708296664845867
835,-105.37466998,-134.48924109,3.8926415836698034,6.708296664845867,6.708296664845867
836,-93.66637332,-134.48924109,3.8926415836698034,6.708296664845867,6.708296664845867
837,-81.95807665,-134.48924109,3.8926415836698034,6.708296664845867,6.708296664845867
838,-70.24977999,-134.48924109,3.8926415836698034,6.708296664845867,6.708296664845867
839,-58.54148332,-134.48924109,3.8926415836698034,6.708296664845867,6.708296664845867
840,-46.83318666,-134.48924109,3.8926415836698034,6.708296664845867,6.708296664845867
841,-35.12488999,-134.48924109,3.8926415836698034,6.708296664845867,6.708296664845867
842,-23.41659333,-134.48924109,3.8926415836698034,6.708296664845867,6.708296664845867
843,-11.70829666,-134.48924109,3.8926415836698034,6.708296664845867,6.708296664845867
844,0.0,-134.48924109,3.8926415836698034,6.708296664845867,6.708296664845867
845,11.70829666,-134.48924109,3.8926415836698034,6.708296664845867,6.708296664845867
846,23.41659333,-134.48924109,3.8926415836698034,6.708296664845867,6.708296664845867
847,35.12488999,-134.48924109,3.8926415836698034,6.708296664845867,6.708296664845867
848,46.83318666,-134.48924109,3.8926415836698034,6.708296664845867,6.708296664845867
849,58.54148332,-134.48924109,3.8926415836698034,6.708296664845867,6.708296664845867
850,70.24977999,-134.48924109,3.8926415836698034,6.708296664845867,6.708296664845867
851,81.95807665,-134.48924109,3.8926415836698034,6.708296664845867,6.708296664845867
852,93.66637332,-134.48924109,3.8926415836698034,6.708296664845867,6.708296664845867
853,105.37466998,-134.48924109,3.8926415836698034,6.708296664845867,6.708296664845867
854,117.08296665,-134.48924109,3.8926415836698034,6.708296664845867,6.708296664845867
855,128.79126331,-134.48924109,3.8926415836698034,6.708296664845867,6.708296664845867
856,140.49955998,-134.48924109,3.8926415836698034,6.708296664845867,6.708296664845867
857,152.20785664,-134.48924109,3.8926415836698034,6.708296664845867,6.708296664845867
858,163.91615331,-134.48924109,3.8926415836698034,6.708296664845867,6.708296664845867
859,175.62444997,-134.48924109,3.8926415836698034,6.708296664845867,6.708296664845867
860,187.33274664,-134.48924109,3.8926415836698034,6.708296664845867,6.708296664845867
861,199.0410433,-134.48924109,3.8926415836698034,6.708296664845867,6.708296664845867
862,210.74933997,-134.48924109,3.8926415836698034,6.708296664845867,6.708296664845867
863,222.45763663,-134.48924109,3.8926415836698034,6.708296664845867,6.708296664845867
864,234.1659333,-134.48924109,3.8926415836698034,6.708296664845867,6.708296664845867
865,245.87422996,-134.48924109,3.8926415836698034,6.708296664845867,6.708296664845867
866,257.58252663,-134.48924109,3.8926415836698034,6.708296664845867,6.708296664845867
867,269.29082329,-134.48924109,3.8926415836698034,6.708296664845867,6.708296664845867
868,280.99911996,-134.48924109,3.8926415836698034,6.708296664845867,6.708296664845867
869,292.70741662,-134.48924109,3.8926415836698034,6.708296664845867,6.708296664845867
870,304.41571329,-134.48924109,3.8926415836698034,6.708296664845867,6.708296664845867
871,316.12400995,-134.48924109,3.8926415836698034,6.708296664845867,6.708296664845867
872,-321.97815828,-124.34955875,3.8926415836698034,6.708296664845867,6.708296664845867
873,-310.26986162,-124.34955875,3.8926415836698034,6.708296664845867,6.708296664845867
874,-298.56156495,-124.34955875,3.8926415836698034,6.708296664845867,6.708296664845867
875,-286.85326829,-124.34955875,3.8926415836698034,6.708296664845867,6.708296664845867
876,-275.14497162,-124.34955875,3.8926415836698034,6.708296664845867,6.708296664845867
877,-263.43667496,-124.34955875,3.8926415836698034,6.708296664845867,6.708296664845867
878,-251.72837829,-124.34955875,3.8926415836698034,6.708296664845867,6.708296664845867
879,-240.02008163,-124.34955875,3.8926415836698034,6.708296664845867,6.708296664845867
880,-228.31178496,-124.34955875,3.8926415836698034,6.708296664845867,6.708296664845867
881,-216.6034883,-124.34955875,3.8926415836698034,6.708296664845867,6.708296664845867
882,-204.89519163,-124.34955875,3.8926415836698034,6.708296664845867,6.708296664845867
883,-193.18689497,-124.34955875,3.8926415836698034,6.708296664845867,6.708296664845867
884,-181.47859831,-124.34955875,3.8926415836698034,6.708296664845867,6.708296664845867
885,-169.77030164,-124.34955875,3.8926415836698034,6.708296664845867,6.708296664845867
886,-158.06200498,-124.34955875,3.8926415836698034,6.708296664845867,6.708296664845867
887,-146.35370831,-124.34955875,3.8926415836698034,6.708296664845867,6.708296664845867
888,-134.64541165,-124.34955875,3.8926415836698034,6.708296664845867,6.708296664845867
889,-122.93711498,-124.34955875,3.8926415836698034,6.708296664845867,6.708296664845867
890,-111.22881832,-124.34955875,3.8926415836698034,6.708296664845867,6.708296664845867
891,-99.52052165,-124.34955875,3.8926415836698034,6.708296664845867,6.708296664845867
892,-87.81222499,-124.34955875,3.8926415836698034,6.708296664845867,6.708296664845867
893,-76.10392832,-124.34955875,3.8926415836698034,6.708296664845867,6.708296664845867
894,-64.39563166,-124.34955875,3.8926415836698034,6.708296664845867,6.708296664845867
895,-52.68733499,-124.34955875,3.8926415836698034,6.708296664845867,6.708296664845867
896,-40.97903833,-124.34955875,3.8926415836698034,6.708296664845867,6.708296664845867
897,40.97903833,-124.34955875,3.8926415836698034,6.708296664845867,6.708296664845867
898,52.68733499,-124.34955875,3.8926415836698034,6.708296664845867,6.708296664845867
899,64.39563166,-124.34955875,3.8926415836698034,6.708296664845867,6.708296664845867
900,76.10392832,-124.34955875,3.8926415836698034,6.708296664845867,6.708296664845867
901,87.81222499,-124.34955875,3.8926415836698034,6.708296664845867,6.708296664845867
902,99.52052165,-124.34955875,3.8926415836698034,6.708296664845867,6.708296664845867
903,111.22881832,-124.34955875,3.8926415836698034,6.708296664845867,6.708296664845867
904,122.93711498,-124.34955875,3.8926415836698034,6.708296664845867,6.708296664845867
905,134.64541165,-124.34955875,3.8926415836698034,6.708296664845867,6.708296664845867
906,146.35370831,-124.34955875,3.8926415836698034,6.708296664845867,6.708296664845867
907,158.06200498,-124.34955875,3.8926415836698034,6.708296664845867,6.708296664845867
908,169.77030164,-124.34955875,3.8926415836698034,6.708296664845867,6.708296664845867
909,181.47859831,-124.34955875,3.8926415836698034,6.708296664845867,6.708296664845867
910,193.18689497,-124.34955875,3.8926415836698034,6.708296664845867,6.708296664845867
911,204.89519163,-124.34955875,3.8926415836698034,6.708296664845867,6.708296664845867
912,216.6034883,-124.34955875,3.8926415836698034,6.708296664845867,6.708296664845867
913,228.31178496,-124.34955875,3.8926415836698034,6.708296664845867,6.708296664845867
914,240.02008163,-124.34955875,3.8926415836698034,6.708296664845867,6.708296664845867
915,251.72837829,-124.34955875,3.8926415836698034,6.708296664845867,6.708296664845867
916,263.43667496,-124.34955875,3.8926415836698034,6.708296664845867,6.708296664845867
917,275.14497162,-124.34955875,3.8926415836698034,6.708296664845867,6.708296664845867
918,286.85326829,-124.34955875,3.8926415836698034,6.708296664845867,6.708296664845867
919,298.56156495,-124.34955875,3.8926415836698034,6.708296664845867,6.708296664845867
920,310.26986162,-124.34955875,3.8926415836698034,6.708296664845867,6.708296664845867
921,321.97815828,-124.34955875,3.8926415836698034,6.708296664845867,6.708296664845867
922,-327.83230662,-114.2098764,3.8926415836698034,6.708296664845867,6.708296664845867
923,-316.12400995,-114.2098764,3.8926415836698034,6.708296664845867,6.708296664845867
924,-304.41571329,-114.2098764,3.8926415836698034,6.708296664845867,6.708296664845867
925,-292.70741662,-114.2098764,3.8926415836698034,6.708296664845867,6.708296664845867
926,-280.99911996,-114.2098764,3.8926415836698034,6.708296664845867,6.708296664845867
927,-269.29082329,-114.2098764,3.8926415836698034,6.708296664845867,6.708296664845867
928,-257.58252663,-114.2098764,3.8926415836698034,6.708296664845867,6.708296664845867
929,-245.87422996,-114.2098764,3.8926415836698034,6.708296664845867,6.708296664845867
930,-234.1659333,-114.2098764,3.8926415836698034,6.708296664845867,6.708296664845867
931,-222.45763663,-114.2098764,3.8926415836698034,6.708296664845867,6.708296664845867
932,-210.74933997,-114.2098764,3.8926415836698034,6.708296664845867,6.708296664845867
933,-199.0410433,-114.2098764,3.8926415836698034,6.708296664845867,6.708296664845867
934,-187.33274664,-114.2098764,3.8926415836698034,6.708296664845867,6.708296664845867
935,-175.62444997,-114.2098764,3.8926415836698034,6.708296664845867,6.708296664845867
936,-163.91615331,-114.2098764,3.8926415836698034,6.708296664845867,6.708296664845867
937,-152.20785664,-114.2098764,3.8926415836698034,6.708296664845867,6.708296664845867
938,-140.49955998,-114.2098764,3.8926415836698034,6.708296664845867,6.708296664845867
939,-128.79126331,-114.2098764,3.8926415836698034,6.708296664845867,6.708296664845867
940,-117.08296665,-114.2098764,3.8926415836698034,6.708296664845867,6.708296664845867
941,-105.37466998,-114.2098764,3.8926415836698034,6.708296664845867,6.708296664845867
942,-93.66637332,-114.2098764,3.8926415836698034,6.708296664845867,6.708296664845867
943,-81.95807665,-114.2098764,3.8926415836698034,6.708296664845867,6.708296664845867
944,-70.24977999,-114.2098764,3.8926415836698034,6.708296664845867,6.708296664845867
945,-58.54148332,-114.2098764,3.8926415836698034,6.708296664845867,6.708296664845867
946,58.54148332,-114.2098764,3.8926415836698034,6.708296664845867,6.708296664845867
947,70.24977999,-114.2098764,3.8926415836698034,6.708296664845867,6.708296664845867
948,81.95807665,-114.2098764,3.8926415836698034,6.708296664845867,6.708296664845867
949,93.66637332,-114.2098764,3.8926415836698034,6.708296664845867,6.708296664845867
950,105.37466998,-114.2098764,3.8926415836698034,6.708296664845867,6.708296664845867
951,117.08296665,-114.2098764,3.8926415836698034,6.708296664845867,6.708296664845867
952,128.79126331,-114.2098764,3.8926415836698034,6.708296664845867,6.708296664845867
953,140.49955998,-114.2098764,3.8926415836698034,6.708296664845867,6.708296664845867
954,152.20785664,-114.2098764,3.8926415836698034,6.708296664845867,6.708296664845867
955,163.91615331,-114.2098764,3.8926415836698034,6.708296664845867,6.708296664845867
956,175.62444997,-114.2098764,3.8926415836698034,6.708296664845867,6.708296664845867
957,187.33274664,-114.2098764,3.8926415836698034,6.708296664845867,6.708296664845867
958,199.0410433,-114.2098764,3.8926415836698034,6.708296664845867,6.708296664845867
959,210.74933997,-114.2098764,3.8926415836698034,6.708296664845867,6.708296664845867
960,222.45763663,-114.2098764,3.8926415836698034,6.708296664845867,6.708296664845867
961,234.1659333,-114.2098764,3.8926415836698034,6.708296664845867,6.708296664845867
962,245.87422996,-114.2098764,3.8926415836698034,6.708296664845867,6.708296664845867
963,257.58252663,-114.2098764,3.8926415836698034,6.708296664845867,6.708296664845867
964,269.29082329,-114.2098764,3.8926415836698034,6.708296664845867,6.708296664845867
965,280.99911996,-114.2098764,3.8926415836698034,6.708296664845867,6.708296664845867
966,292.70741662,-114.2098764,3.8926415836698034,6.708296664845867,6.708296664845867
967,304.41571329,-114.2098764,3.8926415836698034,6.708296664845867,6.708296664845867
968,316.12400995,-114.2098764,3.8926415836698034,6.708296664845867,6.708296664845867
969,327.83230662,-114.2098764,3.8926415836698034,6.708296664845867,6.708296664845867
970,-333.68645495,-104.07019405,3.8926415836698034,6.708296664845867,6.708296664845867
971,-321.97815828,-104.07019405,3.8926415836698034,6.708296664845867,6.708296664845867
972,-310.26986162,-104.07019405,3.8926415836698034,6.708296664845867,6.708296664845867
973,-298.56156495,-104.07019405,3.8926415836698034,6.708296664845867,6.708296664845867
974,-286.85326829,-104.07019405,3.8926415836698034,6.708296664845867,6.708296664845867
975,-275.14497162,-104.07019405,3.8926415836698034,6.708296664845867,6.708296664845867
976,-263.43667496,-104.07019405,3.8926415836698034,6.708296664845867,6.708296664845867
977,-251.72837829,-104.07019405,3.8926415836698034,6.708296664845867,6.708296664845867
978,-240.02008163,-104.07019405,3.8926415836698034,6.708296664845867,6.708296664845867
979,-228.31178496,-104.07019405,3.8926415836698034,6.708296664845867,6.708296664845867
980,-216.6034883,-104.07019405,3.8926415836698034,6.708296664845867,6.708296664845867
981,-204.89519163,-104.07019405,3.8926415836698034,6.708296664845867,6.708296664845867
982,-193.18689497,-104.07019405,3.8926415836698034,6.708296664845867,6.708296664845867
983,-181.47859831,-104.07019405,3.8926415836698034,6.708296664845867,6.708296664845867
984,-169.77030164,-104.07019405,3.8926415836698034,6.708296664845867,6.708296664845867
985,-158.06200498,-104.07019405,3.8926415836698034,6.708296664845867,6.708296664845867
986,-146.35370831,-104.07019405,3.8926415836698034,6.708296664845867,6.708296664845867
987,-134.64541165,-104.07019405,3.8926415836698034,6.708296664845867,6.708296664845867
988,-122.93711498,-104.07019405,3.8926415836698034,6.708296664845867,6.708296664845867
989,-111.22881832,-104.07019405,3.8926415836698034,6.708296664845867,6.708296664845867
990,-99.52052165,-104.07019405,3.8926415836698034,6.708296664845867,6.708296664845867
991,-87.81222499,-104.07019405,3.8926415836698034,6.708296664845867,6.708296664845867
992,-76.10392832,-104.07019405,3.8926415836698034,6.708296664845867,6.708296664845867
993,76.10392832,-104.07019405,3.8926415836698034,6.708296664845867,6.708296664845867
994,87.81222499,-104.07019405,3.8926415836698034,6.708296664845867,6.708296664845867
995,99.52052165,-104.07019405,3.8926415836698034,6.708296664845867,6.708296664845867
996,111.22881832,-104.07019405,3.8926415836698034,6.708296664845867,6.708296664845867
997,122.93711498,-104.07019405,3.8926415836698034,6.708296664845867,6.708296664845867
998,134.64541165,-104.07019405,3.8926415836698034,6.708296664845867,6.708296664845867
999,146.35370831,-104.07019405,3.8926415836698034,6.708296664845867,6.708296664845867
1000,158.06200498,-104.07019405,3.8926415836698034,6.708296664845867,6.708296664845867
1001,169.77030164,-104.07019405,3.8926415836698034,6.708296664845867,6.708296664845867
1002,181.47859831,-104.07019405,3.8926415836698034,6.708296664845867,6.708296664845867
1003,193.18689497,-104.07019405,3.8926415836698034,6.708296664845867,6.708296664845867
1004,204.89519163,-104.07019405,3.8926415836698034,6.708296664845867,6.708296664845867
1005,216.6034883,-104.07019405,3.8926415836698034,6.708296664845867,6.708296664845867
1006,228.31178496,-104.07019405,3.8926415836698034,6.708296664845867,6.708296664845867
1007,240.02008163,-104.07019405,3.8926415836698034,6.708296664845867,6.708296664845867
1008,251.72837829,-104.07019405,3.8926415836698034,6.708296664845867,6.708296664845867
1009,263.43667496,-104.07019405,3.8926415836698034,6.708296664845867,6.708296664845867
1010,275.14497162,-104.07019405,3.8926415836698034,6.708296664845867,6.708296664845867
1011,286.85326829,-104.07019405,3.8926415836698034,6.708296664845867,6.708296664845867
1012,298.56156495,-104.07019405,3.8926415836698034,6.708296664845867,6.708296664845867
1013,310.26986162,-104.07019405,3.8926415836698034,6.708296664845867,6.708296664845867
1014,321.97815828,-104.07019405,3.8926415836698034,6.708296664845867,6.708296664845867
1015,333.68645495,-104.07019405,3.8926415836698034,6.708296664845867,6.708296664845867
1016,-327.83230662,-93.9305117,3.8926415836698034,6.708296664845867,6.708296664845867
1017,-316.12400995,-93.9305117,3.8926415836698034,6.708296664845867,6.708296664845867
1018,-304.41571329,-93.9305117,3.8926415836698034,6.708296664845867,6.708296664845867
1019,-292.70741662,-93.9305117,3.8926415836698034,6.708296664845867,6.708296664845867
1020,-280.99911996,-93.9305117,3.8926415836698034,6.708296664845867,6.708296664845867
1021,-269.29082329,-93.9305117,3.8926415836698034,6.708296664845867,6.708296664845867
1022,-257.58252663,-93.9305117,3.8926415836698034,6.708296664845867,6.708296664845867
1023,-245.87422996,-93.9305117,3.8926415836698034,6.708296664845867,6.708296664845867
1024,-234.1659333,-93.9305117,3.8926415836698034,6.708296664845867,6.708296664845867
1025,-222.45763663,-93.9305117,3.8926415836698034,6.708296664845867,6.708296664845867
1026,-210.74933997,-93.9305117,3.8926415836698034,6.708296664845867,6.708296664845867
1027,-199.0410433,-93.9305117,3.8926415836698034,6.708296664845867,6.708296664845867
1028,-187.33274664,-93.9305117,3.8926415836698034,6.708296664845867,6.708296664845867
1029,-175.62444997,-93.9305117,3.8926415836698034,6.708296664845867,6.708296664845867
1030,-163.91615331,-93.9305117,3.8926415836698034,6.708296664845867,6.708296664845867
1031,-152.20785664,-93.9305117,3.8926415836698034,6.708296664845867,6.708296664845867
1032,-140.49955998,-93.9305117,3.8926415836698034,6.708296664845867,6.708296664845867
1033,-128.79126331,-93.9305117,3.8926415836698034,6.708296664845867,6.708296664845867
1034,-117.08296665,-93.9305117,3.8926415836698034,6.708296664845867,6.708296664845867
1035,-105.37466998,-93.9305117,3.8926415836698034,6.708296664845867,6.708296664845867
1036,-93.66637332,-93.9305117,3.8926415836698034,6.708296664845867,6.708296664845867
1037,-81.95807665,-93.9305117,3.8926415836698034,6.708296664845867,6.708296664845867
1038,81.95807665,-93.9305117,3.8926415836698034,6.708296664845867,6.708296664845867
1039,93.66637332,-93.9305117,3.8926415836698034,6.708296664845867,6.708296664845867
1040,105.37466998,-93.9305117,3.8926415836698034,6.708296664845867,6.708296664845867
1041,117.08296665,-93.9305117,3.8926415836698034,6.708296664845867,6.708296664845867
1042,128.79126331,-93.9305117,3.8926415836698034,6.708296664845867,6.708296664845867
1043,140.49955998,-93.9305117,3.8926415836698034,6.708296664845867,6.708296664845867
1044,152.20785664,-93.9305117,3.8926415836698034,6.708296664845867,6.708296664845867
1045,163.91615331,-93.9305117,3.8926415836698034,6.708296664845867,6.708296664845867
1046,175.62444997,-93.9305117,3.8926415836698034,6.708296664845867,6.708296664845867
1047,187.33274664,-93.9305117,3.8926415836698034,6.708296664845867,6.708296664845867
1048,199.0410433,-93.9305117,3.8926415836698034,6.708296664845867,6.708296664845867
1049,210.74933997,-93.9305117,3.8926415836698034,6.708296664845867,6.708296664845867
1050,222.45763663,-93.9305117,3.8926415836698034,6.708296664845867,6.708296664845867
1051,234.1659333,-93.9305117,3.8926415836698034,6.708296664845867,6.708296664845867
1052,245.87422996,-93.9305117,3.8926415836698034,6.708296664845867,6.708296664845867
1053,257.58252663,-93.9305117,3.8926415836698034,6.708296664845867,6.708296664845867
1054,269.29082329,-93.9305117,3.8926415836698034,6.708296664845867,6.708296664845867
1055,280.99911996,-93.9305117,3.8926415836698034,6.708296664845867,6.708296664845867
1056,292.70741662,-93.9305117,3.8926415836698034,6.708296664845867,6.708296664845867
1057,304.41571329,-93.9305117,3.8926415836698034,6.708296664845867,6.708296664845867
1058,316.12400995,-93.9305117,3.8926415836698034,6.708296664845867,6.708296664845867
1059,327.83230662,-93.9305117,3.8926415836698034,6.708296664845867,6.708296664845867
1060,-333.68645495,-83.79082936,3.8926415836698034,6.708296664845867,6.708296664845867
1061,-321.97815828,-83.79082936,3.8926415836698034,6.708296664845867,6.708296664845867
1062,-310.26986162,-83.79082936,3.8926415836698034,6.708296664845867,6.708296664845867
1063,-298.56156495,-83.79082936,3.8926415836698034,6.708296664845867,6.708296664845867
1064,-286.85326829,-83.79082936,3.8926415836698034,6.708296664845867,6.708296664845867
1065,-275.14497162,-83.79082936,3.8926415836698034,6.708296664845867,6.708296664845867
1066,-263.43667496,-83.79082936,3.8926415836698034,6.708296664845867,6.708296664845867
1067,-251.72837829,-83.79082936,3.8926415836698034,6.708296664845867,6.708296664845867
1068,-240.02008163,-83.79082936,3.8926415836698034,6.708296664845867,6.708296664845867
1069,-228.31178496,-83.79082936,3.8926415836698034,6.708296664845867,6.708296664845867
1070,-216.6034883,-83.79082936,3.8926415836698034,6.708296664845867,6.708296664845867
1071,-204.89519163,-83.79082936,3.8926415836698034,6.708296664845867,6.708296664845867
1072,-193.18689497,-83.79082936,3.8926415836698034,6.708296664845867,6.708296664845867
1073,-181.47859831,-83.79082936,3.8926415836698034,6.708296664845867,6.708296664845867
1074,-169.77030164,-83.79082936,3.8926415836698034,6.708296664845867,6.708296664845867
1075,-158.06200498,-83.79082936,3.8926415836698034,6.708296664845867,6.708296664845867
1076,-146.35370831,-83.79082936,3.8926415836698034,6.708296664845867,6.708296664845867
1077,-134.64541165,-83.79082936,3.8926415836698034,6.708296664845867,6.708296664845867
1078,-122.93711498,-83.79082936,3.8926415836698034,6.708296664845867,6.708296664845867
1079,-111.22881832,-83.79082936,3.8926415836698034,6.708296664845867,6.708296664845867
1080,-99.52052165,-83.79082936,3.8926415836698034,6.708296664845867,6.708296664845867
1081,-87.81222499,-83.79082936,3.8926415836698034,6.708296664845867,6.708296664845867
1082,87.81222499,-83.79082936,3.8926415836698034,6.708296664845867,6.708296664845867
1083,99.52052165,-83.79082936,3.8926415836698034,6.708296664845867,6.708296664845867
1084,111.22881832,-83.79082936,3.8926415836698034,6.708296664845867,6.708296664845867
1085,122.93711498,-83.79082936,3.8926415836698034,6.708296664845867,6.708296664845867
1086,134.64541165,-83.79082936,3.8926415836698034,6.708296664845867,6.708296664845867
1087,146.35370831,-83.79082936,3.8926415836698034,6.708296664845867,6.708296664845867
1088,158.06200498,-83.79082936,3.8926415836698034,6.708296664845867,6.708296664845867
1089,169.77030164,-83.79082936,3.8926415836698034,6.708296664845867,6.708296664845867
1090,181.47859831,-83.79082936,3.8926415836698034,6.708296664845867,6.708296664845867
1091,193.18689497,-83.79082936,3.8926415836698034,6.708296664845867,6.708296664845867
1092,204.89519163,-83.79082936,3.8926415836698034,6.708296664845867,6.708296664845867
1093,216.6034883,-83.79082936,3.8926415836698034,6.708296664845867,6.708296664845867
1094,228.31178496,-83.79082936,3.8926415836698034,6.708296664845867,6.708296664845867
1095,240.02008163,-83.79082936,3.8926415836698034,6.708296664845867,6.708296664845867
1096,251.72837829,-83.79082936,3.8926415836698034,6.708296664845867,6.708296664845867
1097,263.43667496,-83.79082936,3.8926415836698034,6.708296664845867,6.708296664845867
1098,275.14497162,-83.79082936,3.8926415836698034,6.708296664845867,6.708296664845867
1099,286.85326829,-83.79082936,3.8926415836698034,6.708296664845867,6.708296664845867
1100,298.56156495,-83.79082936,3.8926415836698034,6.708296664845867,6.708296664845867
1101,310.26986162,-83.79082936,3.8926415836698034,6.708296664845867,6.708296664845867
1102,321.97815828,-83.79082936,3.8926415836698034,6.708296664845867,6.708296664845867
1103,333.68645495,-83.79082936,3.8926415836698034,6.708296664845867,6.708296664845867
1104,-339.54060328,-73.65114701,3.8926415836698034,6.708296664845867,6.708296664845867
1105,-327.83230662,-73.65114701,3.8926415836698034,6.708296664845867,6.708296664845867
1106,-316.12400995,-73.65114701,3.8926415836698034,6.708296664845867,6.708296664845867
1107,-304.41571329,-73.65114701,3.8926415836698034,6.708296664845867,6.708296664845867
1108,-292.70741662,-73.65114701,3.8926415836698034,6.708296664845867,6.708296664845867
1109,-280.99911996,-73.65114701,3.8926415836698034,6.708296664845867,6.708296664845867
1110,-269.29082329,-73.65114701,3.8926415836698034,6.708296664845867,6.708296664845867
1111,-257.58252663,-73.65114701,3.8926415836698034,6.708296664845867,6.708296664845867
1112,-245.87422996,-73.65114701,3.8926415836698034,6.708296664845867,6.708296664845867
1113,-234.1659333,-73.65114701,3.8926415836698034,6.708296664845867,6.708296664845867
1114,-222.45763663,-73.65114701,3.8926415836698034,6.708296664845867,6.708296664845867
1115,-210.74933997,-73.65114701,3.8926415836698034,6.708296664845867,6.708296664845867
1116,-199.0410433,-73.65114701,3.8926415836698034,6.708296664845867,6.708296664845867
1117,-187.33274664,-73.65114701,3.8926415836698034,6.708296664845867,6.708296664845867
1118,-175.62444997,-73.65114701,3.8926415836698034,6.708296664845867,6.708296664845867
1119,-163.91615331,-73.65114701,3.8926415836698034,6.708296664845867,6.708296664845867
1120,-152.20785664,-73.65114701,3.8926415836698034,6.708296664845867,6.708296664845867
1121,-140.49955998,-73.65114701,3.8926415836698034,6.708296664845867,6.708296664845867
1122,-128.79126331,-73.65114701,3.8926415836698034,6.708296664845867,6.708296664845867
1123,-117.08296665,-73.65114701,3.8926415836698034,6.708296664845867,6.708296664845867
1124,-105.37466998,-73.65114701,3.8926415836698034,6.708296664845867,6.708296664845867
1125,-93.66637332,-73.65114701,3.8926415836698034,6.708296664845867,6.708296664845867
1126,93.66637332,-73.65114701,3.8926415836698034,6.708296664845867,6.708296664845867
1127,105.37466998,-73.65114701,3.8926415836698034,6.708296664845867,6.708296664845867
1128,117.08296665,-73.65114701,3.8926415836698034,6.708296664845867,6.708296664845867
1129,128.79126331,-73.65114701,3.8926415836698034,6.708296664845867,6.708296664845867
1130,140.49955998,-73.65114701,3.8926415836698034,6.708296664845867,6.708296664845867
1131,152.20785664,-73.65114701,3.8926415836698034,6.708296664845867,6.708296664845867
1132,163.91615331,-73.65114701,3.8926415836698034,6.708296664845867,6.708296664845867
1133,175.62444997,-73.65114701,3.8926415836698034,6.708296664845867,6.708296664845867
1134,187.33274664,-73.65114701,3.8926415836698034,6.708296664845867,6.708296664845867
1135,199.0410433,-73.65114701,3.8926415836698034,6.708296664845867,6.708296664845867
1136,210.74933997,-73.65114701,3.8926415836698034,6.708296664845867,6.708296664845867
1137,222.45763663,-73.65114701,3.8926415836698034,6.708296664845867,6.708296664845867
1138,234.1659333,-73.65114701,3.8926415836698034,6.708296664845867,6.708296664845867
1139,245.87422996,-73.65114701,3.8926415836698034,6.708296664845867,6.708296664845867
1140,257.58252663,-73.65114701,3.8926415836698034,6.708296664845867,6.708296664845867
1141,269.29082329,-73.65114701,3.8926415836698034,6.708296664845867,6.708296664845867
1142,280.99911996,-73.65114701,3.8926415836698034,6.708296664845867,6.708296664845867
1143,292.70741662,-73.65114701,3.8926415836698034,6.708296664845867,6.708296664845867
1144,304.41571329,-73.65114701,3.8926415836698034,6.708296664845867,6.708296664845867
1145,316.12400995,-73.65114701,3.8926415836698034,6.708296664845867,6.708296664845867
1146,327.83230662,-73.65114701,3.8926415836698034,6.708296664845867,6.708296664845867
1147,339.54060328,-73.65114701,3.8926415836698034,6.708296664845867,6.708296664845867
1148,-333.68645495,-63.51146466,3.8926415836698034,6.708296664845867,6.708296664845867
1149,-321.97815828,-63.51146466,3.8926415836698034,6.708296664845867,6.708296664845867
1150,-310.26986162,-63.51146466,3.8926415836698034,6.708296664845867,6.708296664845867
1151,-298.56156495,-63.51146466,3.8926415836698034,6.708296664845867,6.708296664845867
1152,-286.85326829,-63.51146466,3.8926415836698034,6.708296664845867,6.708296664845867
1153,-275.14497162,-63.51146466,3.8926415836698034,6.708296664845867,6.708296664845867
1154,-263.43667496,-63.51146466,3.8926415836698034,6.708296664845867,6.708296664845867
1155,-251.72837829,-63.51146466,3.8926415836698034,6.708296664845867,6.708296664845867
1156,-240.02008163,-63.51146466,3.8926415836698034,6.708296664845867,6.708296664845867
1157,-228.31178496,-63.51146466,3.8926415836698034,6.708296664845867,6.708296664845867
1158,-216.6034883,-63.51146466,3.8926415836698034,6.708296664845867,6.708296664845867
1159,-204.89519163,-63.51146466,3.8926415836698034,6.708296664845867,6.708296664845867
1160,-193.18689497,-63.51146466,3.8926415836698034,6.708296664845867,6.708296664845867
1161,-181.47859831,-63.51146466,3.8926415836698034,6.708296664845867,6.708296664845867
1162,-169.77030164,-63.51146466,3.8926415836698034,6.708296664845867,6.708296664845867
1163,-158.06200498,-63.51146466,3.8926415836698034,6.708296664845867,6.708296664845867
1164,-146.35370831,-63.51146466,3.8926415836698034,6.708296664845867,6.708296664845867
1165,-134.64541165,-63.51146466,3.8926415836698034,6.708296664845867,6.708296664845867
1166,-122.93711498,-63.51146466,3.8926415836698034,6.708296664845867,6.708296664845867
1167,-111.22881832,-63.51146466,3.8926415836698034,6.708296664845867,6.708296664845867
1168,-99.52052165,-63.51146466,3.8926415836698034,6.708296664845867,6.708296664845867
1169,99.52052165,-63.51146466,3.8926415836698034,6.708296664845867,6.708296664845867
1170,111.22881832,-63.51146466,3.8926415836698034,6.708296664845867,6.708296664845867
1171,122.93711498,-63.51146466,3.8926415836698034,6.708296664845867,6.708296664845867
1172,134.64541165,-63.51146466,3.8926415836698034,6.708296664845867,6.708296664845867
1173,146.35370831,-63.51146466,3.8926415836698034,6.708296664845867,6.708296664845867
1174,158.06200498,-63.51146466,3.8926415836698034,6.708296664845867,6.708296664845867
1175,169.77030164,-63.51146466,3.8926415836698034,6.708296664845867,6.708296664845867
1176,181.47859831,-63.51146466,3.8926415836698034,6.708296664845867,6.708296664845867
1177,193.18689497,-63.51146466,3.8926415836698034,6.708296664845867,6.708296664845867
1178,204.89519163,-63.51146466,3.8926415836698034,6.708296664845867,6.708296664845867
1179,216.6034883,-63.51146466,3.8926415836698034,6.708296664845867,6.708296664845867
1180,228.31178496,-63.51146466,3.8926415836698034,6.708296664845867,6.708296664845867
1181,240.02008163,-63.51146466,3.8926415836698034,6.708296664845867,6.708296664845867
1182,251.72837829,-63.51146466,3.8926415836698034,6.708296664845867,6.708296664845867
1183,263.43667496,-63.51146466,3.8926415836698034,6.708296664845867,6.708296664845867
1184,275.14497162,-63.51146466,3.8926415836698034,6.708296664845867,6.708296664845867
1185,286.85326829,-63.51146466,3.8926415836698034,6.708296664845867,6.708296664845867
1186,298.56156495,-63.51146466,3.8926415836698034,6.708296664845867,6.708296664845867
1187,310.26986162,-63.51146466,3.8926415836698034,6.708296664845867,6.708296664845867
1188,321.97815828,-63.51146466,3.8926415836698034,6.708296664845867,6.708296664845867
1189,333.68645495,-63.51146466,3.8926415836698034,6.708296664845867,6.708296664845867
1190,-339.54060328,-53.37178232,3.8926415836698034,6.708296664845867,6.708296664845867
1191,-327.83230662,-53.37178232,3.8926415836698034,6.708296664845867,6.708296664845867
1192,-316.12400995,-53.37178232,3.8926415836698034,6.708296664845867,6.708296664845867
1193,-304.41571329,-53.37178232,3.8926415836698034,6.708296664845867,6.708296664845867
1194,-292.70741662,-53.37178232,3.8926415836698034,6.708296664845867,6.708296664845867
1195,-280.99911996,-53.37178232,3.8926415836698034,6.708296664845867,6.708296664845867
1196,-269.29082329,-53.37178232,3.8926415836698034,6.708296664845867,6.708296664845867
1197,-257.58252663,-53.37178232,3.8926415836698034,6.708296664845867,6.708296664845867
1198,-245.87422996,-53.37178232,3.8926415836698034,6.708296664845867,6.708296664845867
1199,-234.1659333,-53.37178232,3.8926415836698034,6.708296664845867,6.708296664845867
1200,-222.45763663,-53.37178232,3.8926415836698034,6.708296664845867,6.708296664845867
1201,-210.74933997,-53.37178232,3.8926415836698034,6.708296664845867,6.708296664845867
1202,-199.0410433,-53.37178232,3.8926415836698034,6.708296664845867,6.708296664845867
1203,-187.33274664,-53.37178232,3.8926415836698034,6.708296664845867,6.708296664845867
1204,-175.62444997,-53.37178232,3.8926415836698034,6.708296664845867,6.708296664845867
1205,-163.91615331,-53.37178232,3.8926415836698034,6.708296664845867,6.708296664845867
1206,-152.20785664,-53.37178232,3.8926415836698034,6.708296664845867,6.708296664845867
1207,-140.49955998,-53.37178232,3.8926415836698034,6.708296664845867,6.708296664845867
1208,-128.79126331,-53.37178232,3.8926415836698034,6.708296664845867,6.708296664845867
1209,-117.08296665,-53.37178232,3.8926415836698034,6.708296664845867,6.708296664845867
1210,-105.37466998,-53.37178232,3.8926415836698034,6.708296664845867,6.708296664845867
1211,105.37466998,-53.37178232,3.8926415836698034,6.708296664845867,6.708296664845867
1212,117.08296665,-53.37178232,3.8926415836698034,6.708296664845867,6.708296664845867
1213,128.79126331,-53.37178232,3.8926415836698034,6.708296664845867,6.708296664845867
1214,140.49955998,-53.37178232,3.8926415836698034,6.708296664845867,6.708296664845867
1215,152.20785664,-53.37178232,3.8926415836698034,6.708296664845867,6.708296664845867
1216,163.91615331,-53.37178232,3.8926415836698034,6.708296664845867,6.708296664845867
1217,175.62444997,-53.37178232,3.8926415836698034,6.708296664845867,6.708296664845867
1218,187.33274664,-53.37178232,3.8926415836698034,6.708296664845867,6.708296664845867
1219,199.0410433,-53.37178232,3.8926415836698034,6.708296664845867,6.708296664845867
1220,210.74933997,-53.37178232,3.8926415836698034,6.708296664845867,6.708296664845867
1221,222.45763663,-53.37178232,3.8926415836698034,6.708296664845867,6.708296664845867
1222,234.1659333,-53.37178232,3.8926415836698034,6.708296664845867,6.708296664845867
1223,245.87422996,-53.37178232,3.8926415836698034,6.708296664845867,6.708296664845867
1224,257.58252663,-53.37178232,3.8926415836698034,6.708296664845867,6.708296664845867
1225,269.29082329,-53.37178232,3.8926415836698034,6.708296664845867,6.708296664845867
1226,280.99911996,-53.37178232,3.8926415836698034,6.708296664845867,6.708296664845867
1227,292.70741662,-53.37178232,3.8926415836698034,6.708296664845867,6.708296664845867
1228,304.41571329,-53.37178232,3.8926415836698034,6.708296664845867,6.708296664845867
1229,316.12400995,-53.37178232,3.8926415836698034,6.708296664845867,6.708296664845867
1230,327.83230662,-53.37178232,3.8926415836698034,6.708296664845867,6.708296664845867
1231,339.54060328,-53.37178232,3.8926415836698034,6.708296664845867,6.708296664845867
1232,-345.39475161,-43.23209997,3.8926415836698034,6.708296664845867,6.708296664845867
1233,-333.68645495,-43.23209997,3.8926415836698034,6.708296664845867,6.708296664845867
1234,-321.97815828,-43.23209997,3.8926415836698034,6.708296664845867,6.708296664845867
1235,-310.26986162,-43.23209997,3.8926415836698034,6.708296664845867,6.708296664845867
1236,-298.56156495,-43.23209997,3.8926415836698034,6.708296664845867,6.708296664845867
1237,-286.85326829,-43.23209997,3.8926415836698034,6.708296664845867,6.708296664845867
1238,-275.14497162,-43.23209997,3.8926415836698034,6.708296664845867,6.708296664845867
1239,-263.43667496,-43.23209997,3.8926415836698034,6.708296664845867,6.708296664845867
1240,-251.72837829,-43.23209997,3.8926415836698034,6.708296664845867,6.708296664845867
1241,-240.02008163,-43.23209997,3.8926415836698034,6.708296664845867,6.708296664845867
1242,-228.31178496,-43.23209997,3.8926415836698034,6.708296664845867,6.708296664845867
1243,-216.6034883,-43.23209997,3.8926415836698034,6.708296664845867,6.708296664845867
1244,-204.89519163,-43.23209997,3.8926415836698034,6.708296664845867,6.708296664845867
1245,-193.18689497,-43.23209997,3.8926415836698034,6.708296664845867,6.708296664845867
1246,-181.47859831,-43.23209997,3.8926415836698034,6.708296664845867,6.708296664845867
1247,-169.77030164,-43.23209997,3.8926415836698034,6.708296664845867,6.708296664845867
1248,-158.06200498,-43.23209997,3.8926415836698034,6.708296664845867,6.708296664845867
1249,-146.35370831,-43.23209997,3.8926415836698034,6.708296664845867,6.708296664845867
1250,-134.64541165,-43.23209997,3.8926415836698034,6.708296664845867,6.708296664845867
1251,-122.93711498,-43.23209997,3.8926415836698034,6.708296664845867,6.708296664845867
1252,-111.22881832,-43.23209997,3.8926415836698034,6.708296664845867,6.708296664845867
1253,-99.52052165,-43.23209997,3.8926415836698034,6.708296664845867,6.708296664845867
1254,99.52052165,-43.23209997,3.8926415836698034,6.708296664845867,6.708296664845867
1255,111.22881832,-43.23209997,3.8926415836698034,6.708296664845867,6.708296664845867
1256,122.93711498,-43.23209997,3.8926415836698034,6.708296664845867,6.708296664845867
1257,134.64541165,-43.23209997,3.8926415836698034,6.708296664845867,6.708296664845867
1258,146.35370831,-43.23209997,3.8926415836698034,6.708296664845867,6.708296664845867
1259,158.06200498,-43.23209997,3.8926415836698034,6.708296664845867,6.708296664845867
1260,169.77030164,-43.23209997,3.8926415836698034,6.708296664845867,6.708296664845867
1261,181.47859831,-43.23209997,3.8926415836698034,6.708296664845867,6.708296664845867
1262,193.18689497,-43.23209997,3.8926415836698034,6.708296664845867,6.708296664845867
1263,204.89519163,-43.23209997,3.8926415836698034,6.708296664845867,6.708296664845867
1264,216.6034883,-43.23209997,3.8926415836698034,6.708296664845867,6.708296664845867
1265,228.31178496,-43.23209997,3.8926415836698034,6.708296664845867,6.708296664845867
1266,240.02008163,-43.23209997,3.8926415836698034,6.708296664845867,6.708296664845867
1267,251.72837829,-43.23209997,3.8926415836698034,6.708296664845867,6.708296664845867
1268,263.43667496,-43.23209997,3.8926415836698034,6.708296664845867,6.708296664845867
1269,275.14497162,-43.23209997,3.8926415836698034,6.708296664845867,6.708296664845867
1270,286.85326829,-43.23209997,3.8926415836698034,6.708296664845867,6.708296664845867
1271,298.56156495,-43.23209997,3.8926415836698034,6.708296664845867,6.708296664845867
1272,310.26986162,-43.23209997,3.8926415836698034,6.708296664845867,6.708296664845867
1273,321.97815828,-43.23209997,3.8926415836698034,6.708296664845867,6.708296664845867
1274,333.68645495,-43.23209997,3.8926415836698034,6.708296664845867,6.708296664845867
1275,345.39475161,-43.23209997,3.8926415836698034,6.708296664845867,6.708296664845867
1276,-339.54060328,-33.09241762,3.8926415836698034,6.708296664845867,6.708296664845867
1277,-327.83230662,-33.09241762,3.8926415836698034,6.708296664845867,6.708296664845867
1278,-316.12400995,-33.09241762,3.8926415836698034,6.708296664845867,6.708296664845867
1279,-304.41571329,-33.09241762,3.8926415836698034,6.708296664845867,6.708296664845867
1280,-292.70741662,-33.09241762,3.8926415836698034,6.708296664845867,6.708296664845867
1281,-280.99911996,-33.09241762,3.8926415836698034,6.708296664845867,6.708296664845867
1282,-269.29082329,-33.09241762,3.8926415836698034,6.708296664845867,6.708296664845867
1283,-257.58252663,-33.09241762,3.8926415836698034,6.708296664845867,6.708296664845867
1284,-245.87422996,-33.09241762,3.8926415836698034,6.708296664845867,6.708296664845867
1285,-234.1659333,-33.09241762,3.8926415836698034,6.708296664845867,6.708296664845867
1286,-222.45763663,-33.09241762,3.8926415836698034,6.708296664845867,6.708296664845867
1287,-210.74933997,-33.09241762,3.8926415836698034,6.708296664845867,6.708296664845867
1288,-199.0410433,-33.09241762,3.8926415836698034,6.708296664845867,6.708296664845867
1289,-187.33274664,-33.09241762,3.8926415836698034,6.708296664845867,6.708296664845867
1290,-175.62444997,-33.09241762,3.8926415836698034,6.708296664845867,6.708296664845867
1291,-163.91615331,-33.09241762,3.8926415836698034,6.708296664845867,6.708296664845867
1292,-152.20785664,-33.09241762,3.8926415836698034,6.708296664845867,6.708296664845867
1293,-140.49955998,-33.09241762,3.8926415836698034,6.708296664845867,6.708296664845867
1294,-128.79126331,-33.09241762,3.8926415836698034,6.708296664845867,6.708296664845867
1295,-117.08296665,-33.09241762,3.8926415836698034,6.708296664845867,6.708296664845867
1296,-105.37466998,-33.09241762,3.8926415836698034,6.708296664845867,6.708296664845867
1297,105.37466998,-33.09241762,3.8926415836698034,6.708296664845867,6.708296664845867
1298,117.08296665,-33.09241762,3.8926415836698034,6.708296664845867,6.708296664845867
1299,128.79126331,-33.09241762,3.8926415836698034,6.708296664845867,6.708296664845867
1300,140.49955998,-33.09241762,3.8926415836698034,6.708296664845867,6.708296664845867
1301,152.20785664,-33.09241762,3.8926415836698034,6.708296664845867,6.708296664845867
1302,163.91615331,-33.09241762,3.8926415836698034,6.708296664845867,6.708296664845867
1303,175.62444997,-33.09241762,3.8926415836698034,6.708296664845867,6.708296664845867
1304,187.33274664,-33.09241762,3.8926415836698034,6.708296664845867,6.708296664845867
1305,199.0410433,-33.09241762,3.8926415836698034,6.708296664845867,6.708296664845867
1306,210.74933997,-33.09241762,3.8926415836698034,6.708296664845867,6.708296664845867
1307,222.45763663,-33.09241762,3.8926415836698034,6.708296664845867,6.708296664845867
1308,234.1659333,-33.09241762,3.8926415836698034,6.708296664845867,6.708296664845867
1309,245.87422996,-33.09241762,3.8926415836698034,6.708296664845867,6.708296664845867
1310,257.58252663,-33.09241762,3.8926415836698034,6.708296664845867,6.708296664845867
1311,269.29082329,-33.09241762,3.8926415836698034,6.708296664845867,6.708296664845867
1312,280.99911996,-33.09241762,3.8926415836698034,6.708296664845867,6.708296664845867
1313,292.70741662,-33.09241762,3.8926415836698034,6.708296664845867,6.708296664845867
1314,304.41571329,-33.09241762,3.8926415836698034,6.708296664845867,6.708296664845867
1315,316.12400995,-33.09241762,3.8926415836698034,6.708296664845867,6.708296664845867
1316,327.83230662,-33.09241762,3.8926415836698034,6.708296664845867,6.708296664845867
1317,339.54060328,-33.09241762,3.8926415836698034,6.708296664845867,6.708296664845867
1318,-345.39475161,-22.95273528,3.8926415836698034,6.708296664845867,6.708296664845867
1319,-333.68645495,-22.95273528,3.8926415836698034,6.708296664845867,6.708296664845867
1320,-321.97815828,-22.95273528,3.8926415836698034,6.708296664845867,6.708296664845867
1321,-310.26986162,-22.95273528,3.8926415836698034,6.708296664845867,6.708296664845867
1322,-298.56156495,-22.95273528,3.8926415836698034,6.708296664845867,6.708296664845867
1323,-286.85326829,-22.95273528,3.8926415836698034,6.708296664845867,6.708296664845867
1324,-275.14497162,-22.95273528,3.8926415836698034,6.708296664845867,6.708296664845867
1325,-263.43667496,-22.95273528,3.8926415836698034,6.708296664845867,6.708296664845867
1326,-251.72837829,-22.95273528,3.8926415836698034,6.708296664845867,6.708296664845867
1327,-240.02008163,-22.95273528,3.8926415836698034,6.708296664845867,6.708296664845867
1328,-228.31178496,-22.95273528,3.8926415836698034,6.708296664845867,6.708296664845867
1329,-216.6034883,-22.95273528,3.8926415836698034,6.708296664845867,6.708296664845867
1330,-204.89519163,-22.95273528,3.8926415836698034,6.708296664845867,6.708296664845867
1331,-193.18689497,-22.95273528,3.8926415836698034,6.708296664845867,6.708296664845867
1332,-181.47859831,-22.95273528,3.8926415836698034,6.708296664845867,6.708296664845867
1333,-169.77030164,-22.95273528,3.8926415836698034,6.708296664845867,6.708296664845867
1334,-158.06200498,-22.95273528,3.8926415836698034,6.708296664845867,6.708296664845867
1335,-146.35370831,-22.95273528,3.8926415836698034,6.708296664845867,6.708296664845867
1336,-134.64541165,-22.95273528,3.8926415836698034,6.708296664845867,6.708296664845867
1337,-122.93711498,-22.95273528,3.8926415836698034,6.708296664845867,6.708296664845867
1338,-111.22881832,-22.95273528,3.8926415836698034,6.708296664845867,6.708296664845867
1339,-99.52052165,-22.95273528,3.8926415836698034,6.708296664845867,6.708296664845867
1340,99.52052165,-22.95273528,3.8926415836698034,6.708296664845867,6.708296664845867
1341,111.22881832,-22.95273528,3.8926415836698034,6.708296664845867,6.708296664845867
1342,122.93711498,-22.95273528,3.8926415836698034,6.708296664845867,6.708296664845867
1343,134.64541165,-22.95273528,3.8926415836698034,6.708296664845867,6.708296664845867
1344,146.35370831,-22.95273528,3.8926415836698034,6.708296664845867,6.708296664845867
1345,158.06200498,-22.95273528,3.8926415836698034,6.708296664845867,6.708296664845867
1346,169.77030164,-22.95273528,3.8926415836698034,6.708296664845867,6.708296664845867
1347,181.47859831,-22.95273528,3.8926415836698034,6.708296664845867,6.708296664845867
1348,193.18689497,-22.95273528,3.8926415836698034,6.708296664845867,6.708296664845867
1349,204.89519163,-22.95273528,3.8926415836698034,6.708296664845867,6.708296664845867
1350,216.6034883,-22.95273528,3.8926415836698034,6.708296664845867,6.708296664845867
1351,228.31178496,-22.95273528,3.8926415836698034,6.708296664845867,6.708296664845867
1352,240.02008163,-22.95273528,3.8926415836698034,6.708296664845867,6.708296664845867
1353,251.72837829,-22.95273528,3.8926415836698034,6.708296664845867,6.708296664845867
1354,263.43667496,-22.95273528,3.8926415836698034,6.708296664845867,6.708296664845867
1355,275.14497162,-22.95273528,3.8926415836698034,6.708296664845867,6.708296664845867
1356,286.85326829,-22.95273528,3.8926415836698034,6.708296664845867,6.708296664845867
1357,298.56156495,-22.95273528,3.8926415836698034,6.708296664845867,6.708296664845867
1358,310.26986162,-22.95273528,3.8926415836698034,6.708296664845867,6.708296664845867
1359,321.97815828,-22.95273528,3.8926415836698034,6.708296664845867,6.708296664845867
1360,333.68645495,-22.95273528,3.8926415836698034,6.708296664845867,6.708296664845867
1361,345.39475161,-22.95273528,3.8926415836698034,6.708296664845867,6.708296664845867
1362,-339.54060328,-12.81305293,3.8926415836698034,6.708296664845867,6.708296664845867
1363,-327.83230662,-12.81305293,3.8926415836698034,6.708296664845867,6.708296664845867
1364,-316.12400995,-12.81305293,3.8926415836698034,6.708296664845867,6.708296664845867
1365,-304.41571329,-12.81305293,3.8926415836698034,6.708296664845867,6.708296664845867
1366,-292.70741662,-12.81305293,3.8926415836698034,6.708296664845867,6.708296664845867
1367,-280.99911996,-12.81305293,3.8926415836698034,6.708296664845867,6.708296664845867
1368,-269.29082329,-12.81305293,3.8926415836698034,6.708296664845867,6.708296664845867
1369,-257.58252663,-12.81305293,3.8926415836698034,6.708296664845867,6.708296664845867
1370,-245.87422996,-12.81305293,3.8926415836698034,6.708296664845867,6.708296664845867
1371,-234.1659333,-12.81305293,3.8926415836698034,6.708296664845867,6.708296664845867
1372,-222.45763663,-12.81305293,3.8926415836698034,6.708296664845867,6.708296664845867
1373,-210.74933997,-12.81305293,3.8926415836698034,6.708296664845867,6.708296664845867
1374,-199.0410433,-12.81305293,3.8926415836698034,6.708296664845867,6.708296664845867
1375,-187.33274664,-12.81305293,3.8926415836698034,6.708296664845867,6.708296664845867
1376,-175.62444997,-12.81305293,3.8926415836698034,6.708296664845867,6.708296664845867
1377,-163.91615331,-12.81305293,3.8926415836698034,6.708296664845867,6.708296664845867
1378,-152.20785664,-12.81305293,3.8926415836698034,6.708296664845867,6.708296664845867
1379,-140.49955998,-12.81305293,3.8926415836698034,6.708296664845867,6.708296664845867
1380,-128.79126331,-12.81305293,3.8926415836698034,6.708296664845867,6.708296664845867
1381,-117.08296665,-12.81305293,3.8926415836698034,6.708296664845867,6.708296664845867
1382,-105.37466998,-12.81305293,3.8926415836698034,6.708296664845867,6.708296664845867
1383,105.37466998,-12.81305293,3.8926415836698034,6.708296664845867,6.708296664845867
1384,117.08296665,-12.81305293,3.8926415836698034,6.708296664845867,6.708296664845867
1385,128.79126331,-12.81305293,3.8926415836698034,6.708296664845867,6.708296664845867
1386,140.49955998,-12.81305293,3.8926415836698034,6.708296664845867,6.708296664845867
1387,152.20785664,-12.81305293,3.8926415836698034,6.708296664845867,6.708296664845867
1388,163.91615331,-12.81305293,3.8926415836698034,6.708296664845867,6.708296664845867
1389,175.62444997,-12.81305293,3.8926415836698034,6.708296664845867,6.708296664845867
1390,187.33274664,-12.81305293,3.8926415836698034,6.708296664845867,6.708296664845867
1391,199.0410433,-12.81305293,3.8926415836698034,6.708296664845867,6.708296664845867
1392,210.74933997,-12.81305293,3.8926415836698034,6.708296664845867,6.708296664845867
1393,222.45763663,-12.81305293,3.8926415836698034,6.708296664845867,6.708296664845867
1394,234.1659333,-12.81305293,3.8926415836698034,6.708296664845867,6.708296664845867
1395,245.87422996,-12.81305293,3.8926415836698034,6.708296664845867,6.708296664845867
1396,257.58252663,-12.81305293,3.8926415836698034,6.708296664845867,6.708296664845867
1397,269.29082329,-12.81305293,3.8926415836698034,6.708296664845867,6.708296664845867
1398,280.99911996,-12.81305293,3.8926415836698034,6.708296664845867,6.708296664845867
1399,292.70741662,-12.81305293,3.8926415836698034,6.708296664845867,6.708296664845867
1400,304.41571329,-12.81305293,3.8926415836698034,6.708296664845867,6.708296664845867
1401,316.12400995,-12.81305293,3.8926415836698034,6.708296664845867,6.708296664845867
1402,327.83230662,-12.81305293,3.8926415836698034,6.708296664845867,6.708296664845867
1403,339.54060328,-12.81305293,3.8926415836698034,6.708296664845867,6.708296664845867
1404,-345.39475161,-2.67337058,3.8926415836698034,6.708296664845867,6.708296664845867
1405,-333.68645495,-2.67337058,3.8926415836698034,6.708296664845867,6.708296664845867
1406,-321.97815828,-2.67337058,3.8926415836698034,6.708296664845867,6.708296664845867
1407,-310.26986162,-2.67337058,3.8926415836698034,6.708296664845867,6.708296664845867
1408,-298.56156495,-2.67337058,3.8926415836698034,6.708296664845867,6.708296664845867
1409,-286.85326829,-2.67337058,3.8926415836698034,6.708296664845867,6.708296664845867
1410,-275.14497162,-2.67337058,3.8926415836698034,6.708296664845867,6.708296664845867
1411,-263.43667496,-2.67337058,3.8926415836698034,6.708296664845867,6.708296664845867
1412,-251.72837829,-2.67337058,3.8926415836698034,6.708296664845867,6.708296664845867
1413,-240.02008163,-2.67337058,3.8926415836698034,6.708296664845867,6.708296664845867
1414,-228.31178496,-2.67337058,3.8926415836698034,6.708296664845867,6.708296664845867
1415,-216.6034883,-2.67337058,3.8926415836698034,6.708296664845867,6.708296664845867
1416,-204.89519163,-2.67337058,3.8926415836698034,6.708296664845867,6.708296664845867
1417,-193.18689497,-2.67337058,3.8926415836698034,6.708296664845867,6.708296664845867
1418,-181.47859831,-2.67337058,3.8926415836698034,6.708296664845867,6.708296664845867
1419,-169.77030164,-2.67337058,3.8926415836698034,6.708296664845867,6.708296664845867
1420,-158.06200498,-2.67337058,3.8926415836698034,6.708296664845867,6.708296664845867
1421,-146.35370831,-2.67337058,3.8926415836698034,6.708296664845867,6.708296664845867
1422,-134.64541165,-2.67337058,3.8926415836698034,6.708296664845867,6.708296664845867
1423,-122.93711498,-2.67337058,3.8926415836698034,6.708296664845867,6.708296664845867
1424,-111.22881832,-2.67337058,3.8926415836698034,6.708296664845867,6.708296664845867
1425,-99.52052165,-2.67337058,3.8926415836698034,6.708296664845867,6.708296664845867
1426,99.52052165,-2.67337058,3.8926415836698034,6.708296664845867,6.708296664845867
1427,111.22881832,-2.67337058,3.8926415836698034,6.708296664845867,6.708296664845867
1428,122.93711498,-2.67337058,3.8926415836698034,6.708296664845867,6.708296664845867
1429,134.64541165,-2.67337058,3.8926415836698034,6.708296664845867,6.708296664845867
1430,146.35370831,-2.67337058,3.8926415836698034,6.708296664845867,6.708296664845867
1431,158.06200498,-2.67337058,3.8926415836698034,6.708296664845867,6.708296664845867
1432,169.77030164,-2.67337058,3.8926415836698034,6.708296664845867,6.708296664845867
1433,181.47859831,-2.67337058,3.8926415836698034,6.708296664845867,6.708296664845867
1434,193.18689497,-2.67337058,3.8926415836698034,6.708296664845867,6.708296664845867
1435,204.89519163,-2.67337058,3.8926415836698034,6.708296664845867,6.708296664845867
1436,216.6034883,-2.67337058,3.8926415836698034,6.708296664845867,6.708296664845867
1437,228.31178496,-2.67337058,3.8926415836698034,6.708296664845867,6.708296664845867
1438,240.02008163,-2.67337058,3.8926415836698034,6.708296664845867,6.708296664845867
1439,251.72837829,-2.67337058,3.8926415836698034,6.708296664845867,6.708296664845867
1440,263.43667496,-2.67337058,3.8926415836698034,6.708296664845867,6.708296664845867
1441,275.14497162,-2.67337058,3.8926415836698034,6.708296664845867,6.708296664845867
1442,286.85326829,-2.67337058,3.8926415836698034,6.708296664845867,6.708296664845867
1443,298.56156495,-2.67337058,3.8926415836698034,6.708296664845867,6.708296664845867
1444,310.26986162,-2.67337058,3.8926415836698034,6.708296664845867,6.708296664845867
1445,321.97815828,-2.67337058,3.8926415836698034,6.708296664845867,6.708296664845867
1446,333.68645495,-2.67337058,3.8926415836698034,6.708296664845867,6.708296664845867
1447,345.39475161,-2.67337058,3.8926415836698034,6.708296664845867,6.708296664845867
1448,-339.54060328,7.46631176,3.8926415836698034,6.708296664845867,6.708296664845867
1449,-327.83230662,7.46631176,3.8926415836698034,6.708296664845867,6.708296664845867
1450,-316.12400995,7.46631176,3.8926415836698034,6.708296664845867,6.708296664845867
1451,-304.41571329,7.46631176,3.8926415836698034,6.708296664845867,6.708296664845867
1452,-292.70741662,7.46631176,3.8926415836698034,6.708296664845867,6.708296664845867
1453,-280.99911996,7.46631176,3.8926415836698034,6.708296664845867,6.708296664845867
1454,-269.29082329,7.46631176,3.8926415836698034,6.708296664845867,6.708296664845867
1455,-257.58252663,7.46631176,3.8926415836698034,6.708296664845867,6.708296664845867
1456,-245.87422996,7.46631176,3.8926415836698034,6.708296664845867,6.708296664845867
1457,-234.1659333,7.46631176,3.8926415836698034,6.708296664845867,6.708296664845867
1458,-222.45763663,7.46631176,3.8926415836698034,6.708296664845867,6.708296664845867
1459,-210.74933997,7.46631176,3.8926415836698034,6.708296664845867,6.708296664845867
1460,-199.0410433,7.46631176,3.8926415836698034,6.708296664845867,6.708296664845867
1461,-187.33274664,7.46631176,3.8926415836698034,6.708296664845867,6.708296664845867
1462,-175.62444997,7.46631176,3.8926415836698034,6.708296664845867,6.708296664845867
1463,-163.91615331,7.46631176,3.8926415836698034,6.708296664845867,6.708296664845867
1464,-152.20785664,7.46631176,3.8926415836698034,6.708296664845867,6.708296664845867
1465,-140.49955998,7.46631176,3.8926415836698034,6.708296664845867,6.708296664845867
1466,-128.79126331,7.46631176,3.8926415836698034,6.708296664845867,6.708296664845867
1467,-117.08296665,7.46631176,3.8926415836698034,6.708296664845867,6.708296664845867
1468,-105.37466998,7.46631176,3.8926415836698034,6.708296664845867,6.708296664845867
1469,-93.66637332,7.46631176,3.8926415836698034,6.708296664845867,6.708296664845867
1470,93.66637332,7.46631176,3.8926415836698034,6.708296664845867,6.708296664845867
1471,105.37466998,7.46631176,3.8926415836698034,6.708296664845867,6.708296664845867
1472,117.08296665,7.46631176,3.8926415836698034,6.708296664845867,6.708296664845867
1473,128.79126331,7.46631176,3.8926415836698034,6.708296664845867,6.708296664845867
1474,140.49955998,7.46631176,3.8926415836698034,6.708296664845867,6.708296664845867
1475,152.20785664,7.46631176,3.8926415836698034,6.708296664845867,6.708296664845867
1476,163.91615331,7.46631176,3.8926415836698034,6.708296664845867,6.708296664845867
1477,175.62444997,7.46631176,3.8926415836698034,6.708296664845867,6.708296664845867
1478,187.33274664,7.46631176,3.8926415836698034,6.708296664845867,6.708296664845867
1479,199.0410433,7.46631176,3.8926415836698034,6.708296664845867,6.708296664845867
1480,210.74933997,7.46631176,3.8926415836698034,6.708296664845867,6.708296664845867
1481,222.45763663,7.46631176,3.8926415836698034,6.708296664845867,6.708296664845867
1482,234.1659333,7.46631176,3.8926415836698034,6.708296664845867,6.708296664845867
1483,245.87422996,7.46631176,3.8926415836698034,6.708296664845867,6.708296664845867
1484,257.58252663,7.46631176,3.8926415836698034,6.708296664845867,6.708296664845867
1485,269.29082329,7.46631176,3.8926415836698034,6.708296664845867,6.708296664845867
1486,280.99911996,7.46631176,3.8926415836698034,6.708296664845867,6.708296664845867
1487,292.70741662,7.46631176,3.8926415836698034,6.708296664845867,6.708296664845867
1488,304.41571329,7.46631176,3.8926415836698034,6.708296664845867,6.708296664845867
1489,316.12400995,7.46631176,3.8926415836698034,6.708296664845867,6.708296664845867
1490,327.83230662,7.46631176,3.8926415836698034,6.708296664845867,6.708296664845867
1491,339.54060328,7.46631176,3.8926415836698034,6.708296664845867,6.708296664845867
1492,-345.39475161,17.60599411,3.8926415836698034,6.708296664845867,6.708296664845867
1493,-333.68645495,17.60599411,3.8926415836698034,6.708296664845867,6.708296664845867
1494,-321.97815828,17.60599411,3.8926415836698034,6.708296664845867,6.708296664845867
1495,-310.26986162,17.60599411,3.8926415836698034,6.708296664845867,6.708296664845867
1496,-298.56156495,17.60599411,3.8926415836698034,6.708296664845867,6.708296664845867
1497,-286.85326829,17.60599411,3.8926415836698034,6.708296664845867,6.708296664845867
1498,-275.14497162,17.60599411,3.8926415836698034,6.708296664845867,6.708296664845867
1499,-263.43667496,17.60599411,3.8926415836698034,6.708296664845867,6.708296664845867
1500,-251.72837829,17.60599411,3.8926415836698034,6.708296664845867,6.708296664845867
1501,-240.02008163,17.60599411,3.8926415836698034,6.708296664845867,6.708296664845867
1502,-228.31178496,17.60599411,3.8926415836698034,6.708296664845867,6.708296664845867
1503,-216.6034883,17.60599411,3.8926415836698034,6.708296664845867,6.708296664845867
1504,-204.89519163,17.60599411,3.8926415836698034,6.708296664845867,6.708296664845867
1505,-193.18689497,17.60599411,3.8926415836698034,6.708296664845867,6.708296664845867
1506,-181.47859831,17.60599411,3.8926415836698034,6.708296664845867,6.708296664845867
1507,-169.77030164,17.60599411,3.8926415836698034,6.708296664845867,6.708296664845867
1508,-158.06200498,17.60599411,3.8926415836698034,6.708296664845867,6.708296664845867
1509,-146.35370831,17.60599411,3.8926415836698034,6.708296664845867,6.708296664845867
1510,-134.64541165,17.60599411,3.8926415836698034,6.708296664845867,6.708296664845867
1511,-122.93711498,17.60599411,3.8926415836698034,6.708296664845867,6.708296664845867
1512,-111.22881832,17.60599411,3.8926415836698034,6.708296664845867,6.708296664845867
1513,-99.52052165,17.60599411,3.8926415836698034,6.708296664845867,6.708296664845867
1514,-87.81222499,17.60599411,3.8926415836698034,6.708296664845867,6.708296664845867
1515,87.81222499,17.60599411,3.8926415836698034,6.708296664845867,6.708296664845867
1516,99.52052165,17.60599411,3.8926415836698034,6.708296664845867,6.708296664845867
1517,111.22881832,17.60599411,3.8926415836698034,6.708296664845867,6.708296664845867
1518,122.93711498,17.60599411,3.8926415836698034,6.708296664845867,6.708296664845867
1519,134.64541165,17.60599411,3.8926415836698034,6.708296664845867,6.708296664845867
1520,146.35370831,17.60599411,3.8926415836698034,6.708296664845867,6.708296664845867
1521,158.06200498,17.60599411,3.8926415836698034,6.708296664845867,6.708296664845867
1522,169.77030164,17.60599411,3.8926415836698034,6.708296664845867,6.708296664845867
1523,181.47859831,17.60599411,3.8926415836698034,6.708296664845867,6.708296664845867
1524,193.18689497,17.60599411,3.8926415836698034,6.708296664845867,6.708296664845867
1525,204.89519163,17.60599411,3.8926415836698034,6.708296664845867,6.708296664845867
1526,216.6034883,17.60599411,3.8926415836698034,6.708296664845867,6.708296664845867
1527,228.31178496,17.60599411,3.8926415836698034,6.708296664845867,6.708296664845867
1528,240.02008163,17.60599411,3.8926415836698034,6.708296664845867,6.708296664845867
1529,251.72837829,17.60599411,3.8926415836698034,6.708296664845867,6.708296664845867
1530,263.43667496,17.60599411,3.8926415836698034,6.708296664845867,6.708296664845867
1531,275.14497162,17.60599411,3.8926415836698034,6.708296664845867,6.708296664845867
1532,286.85326829,17.60599411,3.8926415836698034,6.708296664845867,6.708296664845867
1533,298.56156495,17.60599411,3.8926415836698034,6.708296664845867,6.708296664845867
1534,310.26986162,17.60599411,3.8926415836698034,6.708296664845867,6.708296664845867
1535,321.97815828,17.60599411,3.8926415836698034,6.708296664845867,6.708296664845867
1536,333.68645495,17.60599411,3.8926415836698034,6.708296664845867,6.708296664845867
1537,345.39475161,17.60599411,3.8926415836698034,6.708296664845867,6.708296664845867
1538,-339.54060328,27.74567646,3.8926415836698034,6.708296664845867,6.708296664845867
1539,-327.83230662,27.74567646,3.8926415836698034,6.708296664845867,6.708296664845867
1540,-316.12400995,27.74567646,3.8926415836698034,6.708296664845867,6.708296664845867
1541,-304.41571329,27.74567646,3.8926415836698034,6.708296664845867,6.708296664845867
1542,-292.70741662,27.74567646,3.8926415836698034,6.708296664845867,6.708296664845867
1543,-280.99911996,27.74567646,3.8926415836698034,6.708296664845867,6.708296664845867
1544,-269.29082329,27.74567646,3.8926415836698034,6.708296664845867,6.708296664845867
1545,-257.58252663,27.74567646,3.8926415836698034,6.708296664845867,6.708296664845867
1546,-245.87422996,27.74567646,3.8926415836698034,6.708296664845867,6.708296664845867
1547,-234.1659333,27.74567646,3.8926415836698034,6.708296664845867,6.708296664845867
1548,-222.45763663,27.74567646,3.8926415836698034,6.708296664845867,6.708296664845867
1549,-210.74933997,27.74567646,3.8926415836698034,6.708296664845867,6.708296664845867
1550,-199.0410433,27.74567646,3.8926415836698034,6.708296664845867,6.708296664845867
1551,-187.33274664,27.74567646,3.8926415836698034,6.708296664845867,6.708296664845867
1552,-175.62444997,27.74567646,3.8926415836698034,6.708296664845867,6.708296664845867
1553,-163.91615331,27.74567646,3.8926415836698034,6.708296664845867,6.708296664845867
1554,-152.20785664,27.74567646,3.8926415836698034,6.708296664845867,6.708296664845867
1555,-140.49955998,27.74567646,3.8926415836698034,6.708296664845867,6.708296664845867
1556,-128.79126331,27.74567646,3.8926415836698034,6.708296664845867,6.708296664845867
1557,-117.08296665,27.74567646,3.8926415836698034,6.708296664845867,6.708296664845867
1558,-105.37466998,27.74567646,3.8926415836698034,6.708296664845867,6.708296664845867
1559,-93.66637332,27.74567646,3.8926415836698034,6.708296664845867,6.708296664845867
1560,-81.95807665,27.74567646,3.8926415836698034,6.708296664845867,6.708296664845867
1561,81.95807665,27.74567646,3.8926415836698034,6.708296664845867,6.708296664845867
1562,93.66637332,27.74567646,3.8926415836698034,6.708296664845867,6.708296664845867
1563,105.37466998,27.74567646,3.8926415836698034,6.708296664845867,6.708296664845867
1564,117.08296665,27.74567646,3.8926415836698034,6.708296664845867,6.708296664845867
1565,128.79126331,27.74567646,3.8926415836698034,6.708296664845867,6.708296664845867
1566,140.49955998,27.74567646,3.8926415836698034,6.708296664845867,6.708296664845867
1567,152.20785664,27.74567646,3.8926415836698034,6.708296664845867,6.708296664845867
1568,163.91615331,27.74567646,3.8926415836698034,6.708296664845867,6.708296664845867
1569,175.62444997,27.74567646,3.8926415836698034,6.708296664845867,6.708296664845867
1570,187.33274664,27.74567646,3.8926415836698034,6.708296664845867,6.708296664845867
1571,199.0410433,27.74567646,3.8926415836698034,6.708296664845867,6.708296664845867
1572,210.74933997,27.74567646,3.8926415836698034,6.708296664845867,6.708296664845867
1573,222.45763663,27.74567646,3.8926415836698034,6.708296664845867,6.708296664845867
1574,234.1659333,27.74567646,3.8926415836698034,6.708296664845867,6.708296664845867
1575,245.87422996,27.74567646,3.8926415836698034,6.708296664845867,6.708296664845867
1576,257.58252663,27.74567646,3.8926415836698034,6.708296664845867,6.708296664845867
1577,269.29082329,27.74567646,3.8926415836698034,6.708296664845867,6.708296664845867
1578,280.99911996,27.74567646,3.8926415836698034,6.708296664845867,6.708296664845867
1579,292.70741662,27.74567646,3.8926415836698034,6.708296664845867,6.708296664845867
1580,304.41571329,27.74567646,3.8926415836698034,6.708296664845867,6.708296664845867
1581,316.12400995,27.74567646,3.8926415836698034,6.708296664845867,6.708296664845867
1582,327.83230662,27.74567646,3.8926415836698034,6.708296664845867,6.708296664845867
1583,339.54060328,27.74567646,3.8926415836698034,6.708296664845867,6.708296664845867
1584,-345.39475161,37.8853588,3.8926415836698034,6.708296664845867,6.708296664845867
1585,-333.68645495,37.8853588,3.8926415836698034,6.708296664845867,6.708296664845867
1586,-321.97815828,37.8853588,3.8926415836698034,6.708296664845867,6.708296664845867
1587,-310.26986162,37.8853588,3.8926415836698034,6.708296664845867,6.708296664845867
1588,-298.56156495,37.8853588,3.8926415836698034,6.708296664845867,6.708296664845867
1589,-286.85326829,37.8853588,3.8926415836698034,6.708296664845867,6.708296664845867
1590,-275.14497162,37.8853588,3.8926415836698034,6.708296664845867,6.708296664845867
1591,-263.43667496,37.8853588,3.8926415836698034,6.708296664845867,6.708296664845867
1592,-251.72837829,37.8853588,3.8926415836698034,6.708296664845867,6.708296664845867
1593,-240.02008163,37.8853588,3.8926415836698034,6.708296664845867,6.708296664845867
1594,-228.31178496,37.8853588,3.8926415836698034,6.708296664845867,6.708296664845867
1595,-216.6034883,37.8853588,3.8926415836698034,6.708296664845867,6.708296664845867
1596,-204.89519163,37.8853588,3.8926415836698034,6.708296664845867,6.708296664845867
1597,-193.18689497,37.8853588,3.8926415836698034,6.708296664845867,6.708296664845867
1598,-181.47859831,37.8853588,3.8926415836698034,6.708296664845867,6.708296664845867
1599,-169.77030164,37.8853588,3.8926415836698034,6.708296664845867,6.708296664845867
1600,-158.06200498,37.8853588,3.8926415836698034,6.708296664845867,6.708296664845867
1601,-146.35370831,37.8853588,3.8926415836698034,6.708296664845867,6.708296664845867
1602,-134.64541165,37.8853588,3.8926415836698034,6.708296664845867,6.708296664845867
1603,-122.93711498,37.8853588,3.8926415836698034,6.708296664845867,6.708296664845867
1604,-111.22881832,37.8853588,3.8926415836698034,6.708296664845867,6.708296664845867
1605,-99.52052165,37.8853588,3.8926415836698034,6.708296664845867,6.708296664845867
1606,-87.81222499,37.8853588,3.8926415836698034,6.708296664845867,6.708296664845867
1607,-76.10392832,37.8853588,3.8926415836698034,6.708296664845867,6.708296664845867
1608,76.10392832,37.8853588,3.8926415836698034,6.708296664845867,6.708296664845867
1609,87.81222499,37.8853588,3.8926415836698034,6.708296664845867,6.708296664845867
1610,99.52052165,37.8853588,3.8926415836698034,6.708296664845867,6.708296664845867
1611,111.22881832,37.8853588,3.8926415836698034,6.708296664845867,6.708296664845867
1612,122.93711498,37.8853588,3.8926415836698034,6.708296664845867,6.708296664845867
1613,134.64541165,37.8853588,3.8926415836698034,6.708296664845867,6.708296664845867
1614,146.35370831,37.8853588,3.8926415836698034,6.708296664845867,6.708296664845867
1615,158.06200498,37.8853588,3.8926415836698034,6.708296664845867,6.708296664845867
1616,169.77030164,37.8853588,3.8926415836698034,6.708296664845867,6.708296664845867
1617,181.47859831,37.8853588,3.8926415836698034,6.708296664845867,6.708296664845867
1618,193.18689497,37.8853588,3.8926415836698034,6.708296664845867,6.708296664845867
1619,204.89519163,37.8853588,3.8926415836698034,6.708296664845867,6.708296664845867
1620,216.6034883,37.8853588,3.8926415836698034,6.708296664845867,6.708296664845867
1621,228.31178496,37.8853588,3.8926415836698034,6.708296664845867,6.708296664845867
1622,240.02008163,37.8853588,3.8926415836698034,6.708296664845867,6.708296664845867
1623,251.72837829,37.8853588,3.8926415836698034,6.708296664845867,6.708296664845867
1624,263.43667496,37.8853588,3.8926415836698034,6.708296664845867,6.708296664845867
1625,275.14497162,37.8853588,3.8926415836698034,6.708296664845867,6.708296664845867
1626,286.85326829,37.8853588,3.8926415836698034,6.708296664845867,6.708296664845867
1627,298.56156495,37.8853588,3.8926415836698034,6.708296664845867,6.708296664845867
1628,310.26986162,37.8853588,3.8926415836698034,6.708296664845867,6.708296664845867
1629,321.97815828,37.8853588,3.8926415836698034,6.708296664845867,6.708296664845867
1630,333.68645495,37.8853588,3.8926415836698034,6.708296664845867,6.708296664845867
1631,345.39475161,37.8853588,3.8926415836698034,6.708296664845867,6.708296664845867
1632,-339.54060328,48.02504115,3.8926415836698034,6.708296664845867,6.708296664845867
1633,-327.83230662,48.02504115,3.8926415836698034,6.708296664845867,6.708296664845867
1634,-316.12400995,48.02504115,3.8926415836698034,6.708296664845867,6.708296664845867
1635,-304.41571329,48.02504115,3.8926415836698034,6.708296664845867,6.708296664845867
1636,-292.70741662,48.02504115,3.8926415836698034,6.708296664845867,6.708296664845867
1637,-280.99911996,48.02504115,3.8926415836698034,6.708296664845867,6.708296664845867
1638,-269.29082329,48.02504115,3.8926415836698034,6.708296664845867,6.708296664845867
1639,-257.58252663,48.02504115,3.8926415836698034,6.708296664845867,6.708296664845867
1640,-245.87422996,48.02504115,3.8926415836698034,6.708296664845867,6.708296664845867
1641,-234.1659333,48.02504115,3.8926415836698034,6.708296664845867,6.708296664845867
1642,-222.45763663,48.02504115,3.8926415836698034,6.708296664845867,6.708296664845867
1643,-210.74933997,48.02504115,3.8926415836698034,6.708296664845867,6.708296664845867
1644,-199.0410433,48.02504115,3.8926415836698034,6.708296664845867,6.708296664845867
1645,-187.33274664,48.02504115,3.8926415836698034,6.708296664845867,6.708296664845867
1646,-175.62444997,48.02504115,3.8926415836698034,6.708296664845867,6.708296664845867
1647,-163.91615331,48.02504115,3.8926415836698034,6.708296664845867,6.708296664845867
1648,-152.20785664,48.02504115,3.8926415836698034,6.708296664845867,6.708296664845867
1649,-140.49955998,48.02504115,3.8926415836698034,6.708296664845867,6.708296664845867
1650,-128.79126331,48.02504115,3.8926415836698034,6.708296664845867,6.708296664845867
1651,-117.08296665,48.02504115,3.8926415836698034,6.708296664845867,6.708296664845867
1652,-105.37466998,48.02504115,3.8926415836698034,6.708296664845867,6.708296664845867
1653,-93.66637332,48.02504115,3.8926415836698034,6.708296664845867,6.708296664845867
1654,-81.95807665,48.02504115,3.8926415836698034,6.708296664845867,6.708296664845867
1655,-70.24977999,48.02504115,3.8926415836698034,6.708296664845867,6.708296664845867
1656,-58.54148332,48.02504115,3.8926415836698034,6.708296664845867,6.708296664845867
1657,58.54148332,48.02504115,3.8926415836698034,6.708296664845867,6.708296664845867
1658,70.24977999,48.02504115,3.8926415836698034,6.708296664845867,6.708296664845867
1659,81.95807665,48.02504115,3.8926415836698034,6.708296664845867,6.708296664845867
1660,93.66637332,48.02504115,3.8926415836698034,6.708296664845867,6.708296664845867
1661,105.37466998,48.02504115,3.8926415836698034,6.708296664845867,6.708296664845867
1662,117.08296665,48.02504115,3.8926415836698034,6.708296664845867,6.708296664845867
1663,128.79126331,48.02504115,3.8926415836698034,6.708296664845867,6.708296664845867
1664,140.49955998,48.02504115,3.8926415836698034,6.708296664845867,6.708296664845867
1665,152.20785664,48.02504115,3.8926415836698034,6.708296664845867,6.708296664845867
1666,163.91615331,48.02504115,3.8926415836698034,6.708296664845867,6.708296664845867
1667,175.62444997,48.02504115,3.8926415836698034,6.708296664845867,6.708296664845867
1668,187.33274664,48.02504115,3.8926415836698034,6.708296664845867,6.708296664845867
1669,199.0410433,48.02504115,3.8926415836698034,6.708296664845867,6.708296664845867
1670,210.74933997,48.02504115,3.8926415836698034,6.708296664845867,6.708296664845867
1671,222.45763663,48.02504115,3.8926415836698034,6.708296664845867,6.708296664845867
1672,234.1659333,48.02504115,3.8926415836698034,6.708296664845867,6.708296664845867
1673,245.87422996,48.02504115,3.8926415836698034,6.708296664845867,6.708296664845867
1674,257.58252663,48.02504115,3.8926415836698034,6.708296664845867,6.708296664845867
1675,269.29082329,48.02504115,3.8926415836698034,6.708296664845867,6.708296664845867
1676,280.99911996,48.02504115,3.8926415836698034,6.708296664845867,6.708296664845867
1677,292.70741662,48.02504115,3.8926415836698034,6.708296664845867,6.708296664845867
1678,304.41571329,48.02504115,3.8926415836698034,6.708296664845867,6.708296664845867
1679,316.12400995,48.02504115,3.8926415836698034,6.708296664845867,6.708296664845867
1680,327.83230662,48.02504115,3.8926415836698034,6.708296664845867,6.708296664845867
1681,339.54060328,48.02504115,3.8926415836698034,6.708296664845867,6.708296664845867
1682,-333.68645495,58.1647235,3.8926415836698034,6.708296664845867,6.708296664845867
1683,-321.97815828,58.1647235,3.8926415836698034,6.708296664845867,6.708296664845867
1684,-310.26986162,58.1647235,3.8926415836698034,6.708296664845867,6.708296664845867
1685,-298.56156495,58.1647235,3.8926415836698034,6.708296664845867,6.708296664845867
1686,-286.85326829,58.1647235,3.8926415836698034,6.708296664845867,6.708296664845867
1687,-275.14497162,58.1647235,3.8926415836698034,6.708296664845867,6.708296664845867
1688,-263.43667496,58.1647235,3.8926415836698034,6.708296664845867,6.708296664845867
1689,-251.72837829,58.1647235,3.8926415836698034,6.708296664845867,6.708296664845867
1690,-240.02008163,58.1647235,3.8926415836698034,6.708296664845867,6.708296664845867
1691,-228.31178496,58.1647235,3.8926415836698034,6.708296664845867,6.708296664845867
1692,-216.6034883,58.1647235,3.8926415836698034,6.708296664845867,6.708296664845867
1693,-204.89519163,58.1647235,3.8926415836698034,6.708296664845867,6.708296664845867
1694,-193.18689497,58.1647235,3.8926415836698034,6.708296664845867,6.708296664845867
1695,-181.47859831,58.1647235,3.8926415836698034,6.708296664845867,6.708296664845867
1696,-169.77030164,58.1647235,3.8926415836698034,6.708296664845867,6.708296664845867
1697,-158.06200498,58.1647235,3.8926415836698034,6.708296664845867,6.708296664845867
1698,-146.35370831,58.1647235,3.8926415836698034,6.708296664845867,6.708296664845867
1699,-134.64541165,58.1647235,3.8926415836698034,6.708296664845867,6.708296664845867
1700,-122.93711498,58.1647235,3.8926415836698034,6.708296664845867,6.708296664845867
1701,-111.22881832,58.1647235,3.8926415836698034,6.708296664845867,6.708296664845867
1702,-99.52052165,58.1647235,3.8926415836698034,6.708296664845867,6.708296664845867
1703,-87.81222499,58.1647235,3.8926415836698034,6.708296664845867,6.708296664845867
1704,-76.10392832,58.1647235,3.8926415836698034,6.708296664845867,6.708296664845867
1705,-64.39563166,58.1647235,3.8926415836698034,6.708296664845867,6.708296664845867
1706,-52.68733499,58.1647235,3.8926415836698034,6.708296664845867,6.708296664845867
1707,-40.97903833,58.1647235,3.8926415836698034,6.708296664845867,6.708296664845867
1708,40.97903833,58.1647235,3.8926415836698034,6.708296664845867,6.708296664845867
1709,52.68733499,58.1647235,3.8926415836698034,6.708296664845867,6.708296664845867
1710,64.39563166,58.1647235,3.8926415836698034,6.708296664845867,6.708296664845867
1711,76.10392832,58.1647235,3.8926415836698034,6.708296664845867,6.708296664845867
1712,87.81222499,58.1647235,3.8926415836698034,6.708296664845867,6.708296664845867
1713,99.52052165,58.1647235,3.8926415836698034,6.708296664845867,6.708296664845867
1714,111.22881832,58.1647235,3.8926415836698034,6.708296664845867,6.708296664845867
1715,122.93711498,58.1647235,3.8926415836698034,6.708296664845867,6.708296664845867
1716,134.64541165,58.1647235,3.8926415836698034,6.708296664845867,6.708296664845867
1717,146.35370831,58.1647235,3.8926415836698034,6.708296664845867,6.708296664845867
1718,158.06200498,58.1647235,3.8926415836698034,6.708296664845867,6.708296664845867
1719,169.77030164,58.1647235,3.8926415836698034,6.708296664845867,6.708296664845867
1720,181.47859831,58.1647235,3.8926415836698034,6.708296664845867,6.708296664845867
1721,193.18689497,58.1647235,3.8926415836698034,6.708296664845867,6.708296664845867
1722,204.89519163,58.1647235,3.8926415836698034,6.708296664845867,6.708296664845867
1723,216.6034883,58.1647235,3.8926415836698034,6.708296664845867,6.708296664845867
1724,228.31178496,58.1647235,3.8926415836698034,6.708296664845867,6.708296664845867
1725,240.02008163,58.1647235,3.8926415836698034,6.708296664845867,6.708296664845867
1726,251.72837829,58.1647235,3.8926415836698034,6.708296664845867,6.708296664845867
1727,263.43667496,58.1647235,3.8926415836698034,6.708296664845867,6.708296664845867
1728,275.14497162,58.1647235,3.8926415836698034,6.708296664845867,6.708296664845867
1729,286.85326829,58.1647235,3.8926415836698034,6.708296664845867,6.708296664845867
1730,298.56156495,58.1647235,3.8926415836698034,6.708296664845867,6.708296664845867
1731,310.26986162,58.1647235,3.8926415836698034,6.708296664845867,6.708296664845867
1732,321.97815828,58.1647235,3.8926415836698034,6.708296664845867,6.708296664845867
1733,333.68645495,58.1647235,3.8926415836698034,6.708296664845867,6.708296664845867
1734,-339.54060328,68.30440584,3.8926415836698034,6.708296664845867,6.708296664845867
1735,-327.83230662,68.30440584,3.8926415836698034,6.708296664845867,6.708296664845867
1736,-316.12400995,68.30440584,3.8926415836698034,6.708296664845867,6.708296664845867
1737,-304.41571329,68.30440584,3.8926415836698034,6.708296664845867,6.708296664845867
1738,-292.70741662,68.30440584,3.8926415836698034,6.708296664845867,6.708296664845867
1739,-280.99911996,68.30440584,3.8926415836698034,6.708296664845867,6.708296664845867
1740,-269.29082329,68.30440584,3.8926415836698034,6.708296664845867,6.708296664845867
1741,-257.58252663,68.30440584,3.8926415836698034,6.708296664845867,6.708296664845867
1742,-245.87422996,68.30440584,3.8926415836698034,6.708296664845867,6.708296664845867
1743,-234.1659333,68.30440584,3.8926415836698034,6.708296664845867,6.708296664845867
1744,-222.45763663,68.30440584,3.8926415836698034,6.708296664845867,6.708296664845867
1745,-210.74933997,68.30440584,3.8926415836698034,6.708296664845867,6.708296664845867
1746,-199.0410433,68.30440584,3.8926415836698034,6.708296664845867,6.708296664845867
1747,-187.33274664,68.30440584,3.8926415836698034,6.708296664845867,6.708296664845867
1748,-175.62444997,68.30440584,3.8926415836698034,6.708296664845867,6.708296664845867
1749,-163.91615331,68.30440584,3.8926415836698034,6.708296664845867,6.708296664845867
1750,-152.20785664,68.30440584,3.8926415836698034,6.708296664845867,6.708296664845867
1751,-140.49955998,68.30440584,3.8926415836698034,6.708296664845867,6.708296664845867
1752,-128.79126331,68.30440584,3.8926415836698034,6.708296664845867,6.708296664845867
1753,-117.08296665,68.30440584,3.8926415836698034,6.708296664845867,6.708296664845867
1754,-105.37466998,68.30440584,3.8926415836698034,6.708296664845867,6.708296664845867
1755,-93.66637332,68.30440584,3.8926415836698034,6.708296664845867,6.708296664845867
1756,-81.95807665,68.30440584,3.8926415836698034,6.708296664845867,6.708296664845867
1757,-70.24977999,68.30440584,3.8926415836698034,6.708296664845867,6.708296664845867
1758,-58.54148332,68.30440584,3.8926415836698034,6.708296664845867,6.708296664845867
1759,-46.83318666,68.30440584,3.8926415836698034,6.708296664845867,6.708296664845867
1760,-35.12488999,68.30440584,3.8926415836698034,6.708296664845867,6.708296664845867
1761,-23.41659333,68.30440584,3.8926415836698034,6.708296664845867,6.708296664845867
1762,-11.70829666,68.30440584,3.8926415836698034,6.708296664845867,6.708296664845867
1763,0.0,68.30440584,3.8926415836698034,6.708296664845867,6.708296664845867
1764,11.70829666,68.30440584,3.8926415836698034,6.708296664845867,6.708296664845867
1765,23.41659333,68.30440584,3.8926415836698034,6.708296664845867,6.708296664845867
1766,35.12488999,68.30440584,3.8926415836698034,6.708296664845867,6.708296664845867
1767,46.83318666,68.30440584,3.8926415836698034,6.708296664845867,6.708296664845867
1768,58.54148332,68.30440584,3.8926415836698034,6.708296664845867,6.708296664845867
1769,70.24977999,68.30440584,3.8926415836698034,6.708296664845867,6.708296664845867
1770,81.95807665,68.30440584,3.8926415836698034,6.708296664845867,6.708296664845867
1771,93.66637332,68.30440584,3.8926415836698034,6.708296664845867,6.708296664845867
1772,105.37466998,68.30440584,3.8926415836698034,6.708296664845867,6.708296664845867
1773,117.08296665,68.30440584,3.8926415836698034,6.708296664845867,6.708296664845867
1774,128.79126331,68.30440584,3.8926415836698034,6.708296664845867,6.708296664845867
1775,140.49955998,68.30440584,3.8926415836698034,6.708296664845867,6.708296664845867
1776,152.20785664,68.30440584,3.8926415836698034,6.708296664845867,6.708296664845867
1777,163.91615331,68.30440584,3.8926415836698034,6.708296664845867,6.708296664845867
1778,175.62444997,68.30440584,3.8926415836698034,6.708296664845867,6.708296664845867
1779,187.33274664,68.30440584,3.8926415836698034,6.708296664845867,6.708296664845867
1780,199.0410433,68.30440584,3.8926415836698034,6.708296664845867,6.708296664845867
1781,210.74933997,68.30440584,3.8926415836698034,6.708296664845867,6.708296664845867
1782,222.45763663,68.30440584,3.8926415836698034,6.708296664845867,6.708296664845867
1783,234.1659333,68.30440584,3.8926415836698034,6.708296664845867,6.708296664845867
1784,245.87422996,68.30440584,3.8926415836698034,6.708296664845867,6.708296664845867
1785,257.58252663,68.30440584,3.8926415836698034,6.708296664845867,6.708296664845867
1786,269.29082329,68.30440584,3.8926415836698034,6.708296664845867,6.708296664845867
1787,280.99911996,68.30440584,3.8926415836698034,6.708296664845867,6.708296664845867
1788,292.70741662,68.30440584,3.8926415836698034,6.708296664845867,6.708296664845867
1789,304.41571329,68.30440584,3.8926415836698034,6.708296664845867,6.708296664845867
1790,316.12400995,68.30440584,3.8926415836698034,6.708296664845867,6.708296664845867
1791,327.83230662,68.30440584,3.8926415836698034,6.708296664845867,6.708296664845867
1792,339.54060328,68.30440584,3.8926415836698034,6.708296664845867,6.708296664845867
1793,-333.68645495,78.44408819,3.8926415836698034,6.708296664845867,6.708296664845867
1794,-321.97815828,78.44408819,3.8926415836698034,6.708296664845867,6.708296664845867
1795,-310.26986162,78.44408819,3.8926415836698034,6.708296664845867,6.708296664845867
1796,-298.56156495,78.44408819,3.8926415836698034,6.708296664845867,6.708296664845867
1797,-286.85326829,78.44408819,3.8926415836698034,6.708296664845867,6.708296664845867
1798,-275.14497162,78.44408819,3.8926415836698034,6.708296664845867,6.708296664845867
1799,-263.43667496,78.44408819,3.8926415836698034,6.708296664845867,6.708296664845867
1800,-251.72837829,78.44408819,3.8926415836698034,6.708296664845867,6.708296664845867
1801,-240.02008163,78.44408819,3.8926415836698034,6.708296664845867,6.708296664845867
1802,-228.31178496,78.44408819,3.8926415836698034,6.708296664845867,6.708296664845867
1803,-216.6034883,78.44408819,3.8926415836698034,6.708296664845867,6.708296664845867
1804,-204.89519163,78.44408819,3.8926415836698034,6.708296664845867,6.708296664845867
1805,-193.18689497,78.44408819,3.8926415836698034,6.708296664845867,6.708296664845867
1806,-181.47859831,78.44408819,3.8926415836698034,6.708296664845867,6.708296664845867
1807,-169.77030164,78.44408819,3.8926415836698034,6.708296664845867,6.708296664845867
1808,-158.06200498,78.44408819,3.8926415836698034,6.708296664845867,6.708296664845867
1809,-146.35370831,78.44408819,3.8926415836698034,6.708296664845867,6.708296664845867
1810,-134.64541165,78.44408819,3.8926415836698034,6.708296664845867,6.708296664845867
1811,-122.93711498,78.44408819,3.8926415836698034,6.708296664845867,6.708296664845867
1812,-111.22881832,78.44408819,3.8926415836698034,6.708296664845867,6.708296664845867
1813,-99.52052165,78.44408819,3.8926415836698034,6.708296664845867,6.708296664845867
1814,-87.81222499,78.44408819,3.8926415836698034,6.708296664845867,6.708296664845867
1815,-76.10392832,78.44408819,3.8926415836698034,6.708296664845867,6.708296664845867
1816,-64.39563166,78.44408819,3.8926415836698034,6.708296664845867,6.708296664845867
1817,-52.68733499,78.44408819,3.8926415836698034,6.708296664845867,6.708296664845867
1818,-40.97903833,78.44408819,3.8926415836698034,6.708296664845867,6.708296664845867
1819,-29.27074166,78.44408819,3.8926415836698034,6.708296664845867,6.708296664845867
1820,-17.562445,78.44408819,3.8926415836698034,6.708296664845867,6.708296664845867
1821,-5.85414833,78.44408819,3.8926415836698034,6.708296664845867,6.708296664845867
1822,5.85414833,78.44408819,3.8926415836698034,6.708296664845867,6.708296664845867
1823,17.562445,78.44408819,3.8926415836698034,6.708296664845867,6.708296664845867
1824,29.27074166,78.44408819,3.8926415836698034,6.708296664845867,6.708296664845867
1825,40.97903833,78.44408819,3.8926415836698034,6.708296664845867,6.708296664845867
1826,52.68733499,78.44408819,3.8926415836698034,6.708296664845867,6.708296664845867
1827,64.39563166,78.44408819,3.8926415836698034,6.708296664845867,6.708296664845867
1828,76.10392832,78.44408819,3.8926415836698034,6.708296664845867,6.708296664845867
1829,87.81222499,78.44408819,3.8926415836698034,6.708296664845867,6.708296664845867
1830,99.52052165,78.44408819,3.8926415836698034,6.708296664845867,6.708296664845867
1831,111.22881832,78.44408819,3.8926415836698034,6.708296664845867,6.708296664845867
1832,122.93711498,78.44408819,3.8926415836698034,6.708296664845867,6.708296664845867
1833,134.64541165,78.44408819,3.8926415836698034,6.708296664845867,6.708296664845867
1834,146.35370831,78.44408819,3.8926415836698034,6.708296664845867,6.708296664845867
1835,158.06200498,78.44408819,3.8926415836698034,6.708296664845867,6.708296664845867
1836,169.77030164,78.44408819,3.8926415836698034,6.708296664845867,6.708296664845867
1837,181.47859831,78.44408819,3.8926415836698034,6.708296664845867,6.708296664845867
1838,193.18689497,78.44408819,3.8926415836698034,6.708296664845867,6.708296664845867
1839,204.89519163,78.44408819,3.8926415836698034,6.708296664845867,6.708296664845867
1840,216.6034883,78.44408819,3.8926415836698034,6.708296664845867,6.708296664845867
1841,228.31178496,78.44408819,3.8926415836698034,6.708296664845867,6.708296664845867
1842,240.02008163,78.44408819,3.8926415836698034,6.708296664845867,6.708296664845867
1843,251.72837829,78.44408819,3.8926415836698034,6.708296664845867,6.708296664845867
1844,263.43667496,78.44408819,3.8926415836698034,6.708296664845867,6.708296664845867
1845,275.14497162,78.44408819,3.8926415836698034,6.708296664845867,6.708296664845867
1846,286.85326829,78.44408819,3.8926415836698034,6.708296664845867,6.708296664845867
1847,298.56156495,78.44408819,3.8926415836698034,6.708296664845867,6.708296664845867
1848,310.26986162,78.44408819,3.8926415836698034,6.708296664845867,6.708296664845867
1849,321.97815828,78.44408819,3.8926415836698034,6.708296664845867,6.708296664845867
1850,333.68645495,78.44408819,3.8926415836698034,6.708296664845867,6.708296664845867
1851,-327.83230662,88.58377054,3.8926415836698034,6.708296664845867,6.708296664845867
1852,-316.12400995,88.58377054,3.8926415836698034,6.708296664845867,6.708296664845867
1853,-304.41571329,88.58377054,3.8926415836698034,6.708296664845867,6.708296664845867
1854,-292.70741662,88.58377054,3.8926415836698034,6.708296664845867,6.708296664845867
1855,-280.99911996,88.58377054,3.8926415836698034,6.708296664845867,6.708296664845867
1856,-269.29082329,88.58377054,3.8926415836698034,6.708296664845867,6.708296664845867
1857,-257.58252663,88.58377054,3.8926415836698034,6.708296664845867,6.708296664845867
1858,-245.87422996,88.58377054,3.8926415836698034,6.708296664845867,6.708296664845867
1859,-234.1659333,88.58377054,3.8926415836698034,6.708296664845867,6.708296664845867
1860,-222.45763663,88.58377054,3.8926415836698034,6.708296664845867,6.708296664845867
1861,-210.74933997,88.58377054,3.8926415836698034,6.708296664845867,6.708296664845867
1862,-199.0410433,88.58377054,3.8926415836698034,6.708296664845867,6.708296664845867
1863,-187.33274664,88.58377054,3.8926415836698034,6.708296664845867,6.708296664845867
1864,-175.62444997,88.58377054,3.8926415836698034,6.708296664845867,6.708296664845867
1865,-163.91615331,88.58377054,3.8926415836698034,6.708296664845867,6.708296664845867
1866,-152.20785664,88.58377054,3.8926415836698034,6.708296664845867,6.708296664845867
1867,-140.49955998,88.58377054,3.8926415836698034,6.708296664845867,6.708296664845867
1868,-128.79126331,88.58377054,3.8926415836698034,6.708296664845867,6.708296664845867
1869,-117.08296665,88.58377054,3.8926415836698034,6.708296664845867,6.708296664845867
1870,-105.37466998,88.58377054,3.8926415836698034,6.708296664845867,6.708296664845867
1871,-93.66637332,88.58377054,3.8926415836698034,6.708296664845867,6.708296664845867
1872,-81.95807665,88.58377054,3.8926415836698034,6.708296664845867,6.708296664845867
1873,-70.24977999,88.58377054,3.8926415836698034,6.708296664845867,6.708296664845867
1874,-58.54148332,88.58377054,3.8926415836698034,6.708296664845867,6.708296664845867
1875,-46.83318666,88.58377054,3.8926415836698034,6.708296664845867,6.708296664845867
1876,-35.12488999,88.58377054,3.8926415836698034,6.708296664845867,6.708296664845867
1877,-23.41659333,88.58377054,3.8926415836698034,6.708296664845867,6.708296664845867
1878,-11.70829666,88.58377054,3.8926415836698034,6.708296664845867,6.708296664845867
1879,0.0,88.58377054,3.8926415836698034,6.708296664845867,6.708296664845867
1880,11.70829666,88.58377054,3.8926415836698034,6.708296664845867,6.708296664845867
1881,23.41659333,88.58377054,3.8926415836698034,6.708296664845867,6.708296664845867
1882,35.12488999,88.58377054,3.8926415836698034,6.708296664845867,6.708296664845867
1883,46.83318666,88.58377054,3.8926415836698034,6.708296664845867,6.708296664845867
1884,58.54148332,88.58377054,3.8926415836698034,6.708296664845867,6.708296664845867
1885,70.24977999,88.58377054,3.8926415836698034,6.708296664845867,6.708296664845867
1886,81.95807665,88.58377054,3.8926415836698034,6.708296664845867,6.708296664845867
1887,93.66637332,88.58377054,3.8926415836698034,6.708296664845867,6.708296664845867
1888,105.37466998,88.58377054,3.8926415836698034,6.708296664845867,6.708296664845867
1889,117.08296665,88.58377054,3.8926415836698034,6.708296664845867,6.708296664845867
1890,128.79126331,88.58377054,3.8926415836698034,6.708296664845867,6.708296664845867
1891,140.49955998,88.58377054,3.8926415836698034,6.708296664845867,6.708296664845867
1892,152.20785664,88.58377054,3.8926415836698034,6.708296664845867,6.708296664845867
1893,163.91615331,88.58377054,3.8926415836698034,6.708296664845867,6.708296664845867
1894,175.62444997,88.58377054,3.8926415836698034,6.708296664845867,6.708296664845867
1895,187.33274664,88.58377054,3.8926415836698034,6.708296664845867,6.708296664845867
1896,199.0410433,88.58377054,3.8926415836698034,6.708296664845867,6.708296664845867
1897,210.74933997,88.58377054,3.8926415836698034,6.708296664845867,6.708296664845867
1898,222.45763663,88.58377054,3.8926415836698034,6.708296664845867,6.708296664845867
1899,234.1659333,88.58377054,3.8926415836698034,6.708296664845867,6.708296664845867
1900,245.87422996,88.58377054,3.8926415836698034,6.708296664845867,6.708296664845867
1901,257.58252663,88.58377054,3.8926415836698034,6.708296664845867,6.708296664845867
1902,269.29082329,88.58377054,3.8926415836698034,6.708296664845867,6.708296664845867
1903,280.99911996,88.58377054,3.8926415836698034,6.708296664845867,6.708296664845867
1904,292.70741662,88.58377054,3.8926415836698034,6.708296664845867,6.708296664845867
1905,304.41571329,88.58377054,3.8926415836698034,6.708296664845867,6.708296664845867
1906,316.12400995,88.58377054,3.8926415836698034,6.708296664845867,6.708296664845867
1907,327.83230662,88.58377054,3.8926415836698034,6.708296664845867,6.708296664845867
1908,-333.68645495,98.72345288,3.8926415836698034,6.708296664845867,6.708296664845867
1909,-321.97815828,98.72345288,3.8926415836698034,6.708296664845867,6.708296664845867
1910,-310.26986162,98.72345288,3.8926415836698034,6.708296664845867,6.708296664845867
1911,-298.56156495,98.72345288,3.8926415836698034,6.708296664845867,6.708296664845867
1912,-286.85326829,98.72345288,3.8926415836698034,6.708296664845867,6.708296664845867
1913,-275.14497162,98.72345288,3.8926415836698034,6.708296664845867,6.708296664845867
1914,-263.43667496,98.72345288,3.8926415836698034,6.708296664845867,6.708296664845867
1915,-251.72837829,98.72345288,3.8926415836698034,6.708296664845867,6.708296664845867
1916,-240.02008163,98.72345288,3.8926415836698034,6.708296664845867,6.708296664845867
1917,-228.31178496,98.72345288,3.8926415836698034,6.708296664845867,6.708296664845867
1918,-216.6034883,98.72345288,3.8926415836698034,6.708296664845867,6.708296664845867
1919,-204.89519163,98.72345288,3.8926415836698034,6.708296664845867,6.708296664845867
1920,-193.18689497,98.72345288,3.8926415836698034,6.708296664845867,6.708296664845867
1921,-181.47859831,98.72345288,3.8926415836698034,6.708296664845867,6.708296664845867
1922,-169.77030164,98.72345288,3.8926415836698034,6.708296664845867,6.708296664845867
1923,-158.06200498,98.72345288,3.8926415836698034,6.708296664845867,6.708296664845867
1924,-146.35370831,98.72345288,3.8926415836698034,6.708296664845867,6.708296664845867
1925,-134.64541165,98.72345288,3.8926415836698034,6.708296664845867,6.708296664845867
1926,-122.93711498,98.72345288,3.8926415836698034,6.708296664845867,6.708296664845867
1927,-111.22881832,98.72345288,3.8926415836698034,6.708296664845867,6.708296664845867
1928,-99.52052165,98.72345288,3.8926415836698034,6.708296664845867,6.708296664845867
1929,-87.81222499,98.72345288,3.8926415836698034,6.708296664845867,6.708296664845867
1930,-76.10392832,98.72345288,3.8926415836698034,6.708296664845867,6.708296664845867
1931,-64.39563166,98.72345288,3.8926415836698034,6.708296664845867,6.708296664845867
1932,-52.68733499,98.72345288,3.8926415836698034,6.708296664845867,6.708296664845867
1933,-40.97903833,98.72345288,3.8926415836698034,6.708296664845867,6.708296664845867
1934,-29.27074166,98.72345288,3.8926415836698034,6.708296664845867,6.708296664845867
1935,-17.562445,98.72345288,3.8926415836698034,6.708296664845867,6.708296664845867
1936,-5.85414833,98.72345288,3.8926415836698034,6.708296664845867,6.708296664845867
1937,5.85414833,98.72345288,3.8926415836698034,6.708296664845867,6.708296664845867
1938,17.562445,98.72345288,3.8926415836698034,6.708296664845867,6.708296664845867
1939,29.27074166,98.72345288,3.8926415836698034,6.708296664845867,6.708296664845867
1940,40.97903833,98.72345288,3.8926415836698034,6.708296664845867,6.708296664845867
1941,52.68733499,98.72345288,3.8926415836698034,6.708296664845867,6.708296664845867
1942,64.39563166,98.72345288,3.8926415836698034,6.708296664845867,6.708296664845867
1943,76.10392832,98.72345288,3.8926415836698034,6.708296664845867,6.708296664845867
1944,87.81222499,98.72345288,3.8926415836698034,6.708296664845867,6.708296664845867
1945,99.52052165,98.72345288,3.8926415836698034,6.708296664845867,6.708296664845867
1946,111.22881832,98.72345288,3.8926415836698034,6.708296664845867,6.708296664845867
1947,122.93711498,98.72345288,3.8926415836698034,6.708296664845867,6.708296664845867
1948,134.64541165,98.72345288,3.8926415836698034,6.708296664845867,6.708296664845867
1949,146.35370831,98.72345288,3.8926415836698034,6.708296664845867,6.708296664845867
1950,158.06200498,98.72345288,3.8926415836698034,6.708296664845867,6.708296664845867
1951,169.77030164,98.72345288,3.8926415836698034,6.708296664845867,6.708296664845867
1952,181.47859831,98.72345288,3.8926415836698034,6.708296664845867,6.708296664845867
1953,193.18689497,98.72345288,3.8926415836698034,6.708296664845867,6.708296664845867
1954,204.89519163,98.72345288,3.8926415836698034,6.708296664845867,6.708296664845867
1955,216.6034883,98.72345288,3.8926415836698034,6.708296664845867,6.708296664845867
1956,228.31178496,98.72345288,3.8926415836698034,6.708296664845867,6.708296664845867
1957,240.02008163,98.72345288,3.8926415836698034,6.708296664845867,6.708296664845867
1958,251.72837829,98.72345288,3.8926415836698034,6.708296664845867,6.708296664845867
1959,263.43667496,98.72345288,3.8926415836698034,6.708296664845867,6.708296664845867
1960,275.14497162,98.72345288,3.8926415836698034,6.708296664845867,6.708296664845867
1961,286.85326829,98.72345288,3.8926415836698034,6.708296664845867,6.708296664845867
1962,298.56156495,98.72345288,3.8926415836698034,6.708296664845867,6.708296664845867
1963,310.26986162,98.72345288,3.8926415836698034,6.708296664845867,6.708296664845867
1964,321.97815828,98.72345288,3.8926415836698034,6.708296664845867,6.708296664845867
1965,333.68645495,98.72345288,3.8926415836698034,6.708296664845867,6.708296664845867
1966,-327.83230662,108.86313523,3.8926415836698034,6.708296664845867,6.708296664845867
1967,-316.12400995,108.86313523,3.8926415836698034,6.708296664845867,6.708296664845867
1968,-304.41571329,108.86313523,3.8926415836698034,6.708296664845867,6.708296664845867
1969,-292.70741662,108.86313523,3.8926415836698034,6.708296664845867,6.708296664845867
1970,-280.99911996,108.86313523,3.8926415836698034,6.708296664845867,6.708296664845867
1971,-269.29082329,108.86313523,3.8926415836698034,6.708296664845867,6.708296664845867
1972,-257.58252663,108.86313523,3.8926415836698034,6.708296664845867,6.708296664845867
1973,-245.87422996,108.86313523,3.8926415836698034,6.708296664845867,6.708296664845867
1974,-234.1659333,108.86313523,3.8926415836698034,6.708296664845867,6.708296664845867
1975,-222.45763663,108.86313523,3.8926415836698034,6.708296664845867,6.708296664845867
1976,-210.74933997,108.86313523,3.8926415836698034,6.708296664845867,6.708296664845867
1977,-199.0410433,108.86313523,3.8926415836698034,6.708296664845867,6.708296664845867
1978,-187.33274664,108.86313523,3.8926415836698034,6.708296664845867,6.708296664845867
1979,-175.62444997,108.86313523,3.8926415836698034,6.708296664845867,6.708296664845867
1980,-163.91615331,108.86313523,3.8926415836698034,6.708296664845867,6.708296664845867
1981,-152.20785664,108.86313523,3.8926415836698034,6.708296664845867,6.708296664845867
1982,-140.49955998,108.86313523,3.8926415836698034,6.708296664845867,6.708296664845867
1983,-128.79126331,108.86313523,3.8926415836698034,6.708296664845867,6.708296664845867
1984,-117.08296665,108.86313523,3.8926415836698034,6.708296664845867,6.708296664845867
1985,-105.37466998,108.86313523,3.8926415836698034,6.708296664845867,6.708296664845867
1986,-93.66637332,108.86313523,3.8926415836698034,6.708296664845867,6.708296664845867
1987,-81.95807665,108.86313523,3.8926415836698034,6.708296664845867,6.708296664845867
1988,-70.24977999,108.86313523,3.8926415836698034,6.708296664845867,6.708296664845867
1989,-58.54148332,108.86313523,3.8926415836698034,6.708296664845867,6.708296664845867
1990,-46.83318666,108.86313523,3.8926415836698034,6.708296664845867,6.708296664845867
1991,-35.12488999,108.86313523,3.8926415836698034,6.708296664845867,6.708296664845867
1992,-23.41659333,108.86313523,3.8926415836698034,6.708296664845867,6.708296664845867
1993,-11.70829666,108.86313523,3.8926415836698034,6.708296664845867,6.708296664845867
1994,0.0,108.86313523,3.8926415836698034,6.708296664845867,6.708296664845867
1995,11.70829666,108.86313523,3.8926415836698034,6.708296664845867,6.708296664845867
1996,23.41659333,108.86313523,3.8926415836698034,6.708296664845867,6.708296664845867
1997,35.12488999,108.86313523,3.8926415836698034,6.708296664845867,6.708296664845867
1998,46.83318666,108.86313523,3.8926415836698034,6.708296664845867,6.708296664845867
1999,58.54148332,108.86313523,3.8926415836698034,6.708296664845867,6.708296664845867
2000,70.24977999,108.86313523,3.8926415836698034,6.708296664845867,6.708296664845867
2001,81.95807665,108.86313523,3.8926415836698034,6.708296664845867,6.708296664845867
2002,93.66637332,108.86313523,3.8926415836698034,6.708296664845867,6.708296664845867
2003,105.37466998,108.86313523,3.8926415836698034,6.708296664845867,6.708296664845867
2004,117.08296665,108.86313523,3.8926415836698034,6.708296664845867,6.708296664845867
2005,128.79126331,108.86313523,3.8926415836698034,6.708296664845867,6.708296664845867
2006,140.49955998,108.86313523,3.8926415836698034,6.708296664845867,6.708296664845867
2007,152.20785664,108.86313523,3.8926415836698034,6.708296664845867,6.708296664845867
2008,163.91615331,108.86313523,3.8926415836698034,6.708296664845867,6.708296664845867
2009,175.62444997,108.86313523,3.8926415836698034,6.708296664845867,6.708296664845867
2010,187.33274664,108.86313523,3.8926415836698034,6.708296664845867,6.708296664845867
2011,199.0410433,108.86313523,3.8926415836698034,6.708296664845867,6.708296664845867
2012,210.74933997,108.86313523,3.8926415836698034,6.708296664845867,6.708296664845867
2013,222.45763663,108.86313523,3.8926415836698034,6.708296664845867,6.708296664845867
2014,234.1659333,108.86313523,3.8926415836698034,6.708296664845867,6.708296664845867
2015,245.87422996,108.86313523,3.8926415836698034,6.708296664845867,6.708296664845867
2016,257.58252663,108.86313523,3.8926415836698034,6.708296664845867,6.708296664845867
2017,269.29082329,108.86313523,3.8926415836698034,6.708296664845867,6.708296664845867
2018,280.99911996,108.86313523,3.8926415836698034,6.708296664845867,6.708296664845867
2019,292.70741662,108.86313523,3.8926415836698034,6.708296664845867,6.708296664845867
2020,304.41571329,108.86313523,3.8926415836698034,6.708296664845867,6.708296664845867
2021,316.12400995,108.86313523,3.8926415836698034,6.708296664845867,6.708296664845867
2022,327.83230662,108.86313523,3.8926415836698034,6.708296664845867,6.708296664845867
2023,-321.97815828,119.00281758,3.8926415836698034,6.708296664845867,6.708296664845867
2024,-310.26986162,119.00281758,3.8926415836698034,6.708296664845867,6.708296664845867
2025,-298.56156495,119.00281758,3.8926415836698034,6.708296664845867,6.708296664845867
2026,-286.85326829,119.00281758,3.8926415836698034,6.708296664845867,6.708296664845867
2027,-275.14497162,119.00281758,3.8926415836698034,6.708296664845867,6.708296664845867
2028,-263.43667496,119.00281758,3.8926415836698034,6.708296664845867,6.708296664845867
2029,-251.72837829,119.00281758,3.8926415836698034,6.708296664845867,6.708296664845867
2030,-240.02008163,119.00281758,3.8926415836698034,6.708296664845867,6.708296664845867
2031,-228.31178496,119.00281758,3.8926415836698034,6.708296664845867,6.708296664845867
2032,-216.6034883,119.00281758,3.8926415836698034,6.708296664845867,6.708296664845867
2033,-204.89519163,119.00281758,3.8926415836698034,6.708296664845867,6.708296664845867
2034,-193.18689497,119.00281758,3.8926415836698034,6.708296664845867,6.708296664845867
2035,-181.47859831,119.00281758,3.8926415836698034,6.708296664845867,6.708296664845867
2036,-169.77030164,119.00281758,3.8926415836698034,6.708296664845867,6.708296664845867
2037,-158.06200498,119.00281758,3.8926415836698034,6.708296664845867,6.708296664845867
2038,-146.35370831,119.00281758,3.8926415836698034,6.708296664845867,6.708296664845867
2039,-134.64541165,119.00281758,3.8926415836698034,6.708296664845867,6.708296664845867
2040,-122.93711498,119.00281758,3.8926415836698034,6.708296664845867,6.708296664845867
2041,-111.22881832,119.00281758,3.8926415836698034,6.708296664845867,6.708296664845867
2042,-99.52052165,119.00281758,3.8926415836698034,6.708296664845867,6.708296664845867
2043,-87.81222499,119.00281758,3.8926415836698034,6.708296664845867,6.708296664845867
2044,-76.10392832,119.00281758,3.8926415836698034,6.708296664845867,6.708296664845867
2045,-64.39563166,119.00281758,3.8926415836698034,6.708296664845867,6.708296664845867
2046,-52.68733499,119.00281758,3.8926415836698034,6.708296664845867,6.708296664845867
2047,-40.97903833,119.00281758,3.8926415836698034,6.708296664845867,6.708296664845867
2048,-29.27074166,119.00281758,3.8926415836698034,6.708296664845867,6.708296664845867
2049,-17.562445,119.00281758,3.8926415836698034,6.708296664845867,6.708296664845867
2050,-5.85414833,119.00281758,3.8926415836698034,6.708296664845867,6.708296664845867
2051,5.85414833,119.00281758,3.8926415836698034,6.708296664845867,6.708296664845867
2052,17.562445,119.00281758,3.8926415836698034,6.708296664845867,6.708296664845867
2053,29.27074166,119.00281758,3.8926415836698034,6.708296664845867,6.708296664845867
2054,40.97903833,119.00281758,3.8926415836698034,6.708296664845867,6.708296664845867
2055,52.68733499,119.00281758,3.8926415836698034,6.708296664845867,6.708296664845867
2056,64.39563166,119.00281758,3.8926415836698034,6.708296664845867,6.708296664845867
2057,76.10392832,119.00281758,3.8926415836698034,6.708296664845867,6.708296664845867
2058,87.81222499,119.00281758,3.8926415836698034,6.708296664845867,6.708296664845867
2059,99.52052165,119.00281758,3.8926415836698034,6.708296664845867,6.708296664845867
2060,111.22881832,119.00281758,3.8926415836698034,6.708296664845867,6.708296664845867
2061,122.93711498,119.00281758,3.8926415836698034,6.708296664845867,6.708296664845867
2062,134.64541165,119.00281758,3.8926415836698034,6.708296664845867,6.708296664845867
2063,146.35370831,119.00281758,3.8926415836698034,6.708296664845867,6.708296664845867
2064,158.06200498,119.00281758,3.8926415836698034,6.708296664845867,6.708296664845867
2065,169.77030164,119.00281758,3.8926415836698034,6.708296664845867,6.708296664845867
2066,181.47859831,119.00281758,3.8926415836698034,6.708296664845867,6.708296664845867
2067,193.18689497,119.00281758,3.8926415836698034,6.708296664845867,6.708296664845867
2068,204.89519163,119.00281758,3.8926415836698034,6.708296664845867,6.708296664845867
2069,216.6034883,119.00281758,3.8926415836698034,6.708296664845867,6.708296664845867
2070,228.31178496,119.00281758,3.8926415836698034,6.708296664845867,6.708296664845867
2071,240.02008163,119.00281758,3.8926415836698034,6.708296664845867,6.708296664845867
2072,251.72837829,119.00281758,3.8926415836698034,6.708296664845867,6.708296664845867
2073,263.43667496,119.00281758,3.8926415836698034,6.708296664845867,6.708296664845867
2074,275.14497162,119.00281758,3.8926415836698034,6.708296664845867,6.708296664845867
2075,286.85326829,119.00281758,3.8926415836698034,6.708296664845867,6.708296664845867
2076,298.56156495,119.00281758,3.8926415836698034,6.708296664845867,6.708296664845867
2077,310.26986162,119.00281758,3.8926415836698034,6.708296664845867,6.708296664845867
2078,321.97815828,119.00281758,3.8926415836698034,6.708296664845867,6.708296664845867
2079,-316.12400995,129.14249992,3.8926415836698034,6.708296664845867,6.708296664845867
2080,-304.41571329,129.14249992,3.8926415836698034,6.708296664845867,6.708296664845867
2081,-292.70741662,129.14249992,3.8926415836698034,6.708296664845867,6.708296664845867
2082,-280.99911996,129.14249992,3.8926415836698034,6.708296664845867,6.708296664845867
2083,-269.29082329,129.14249992,3.8926415836698034,6.708296664845867,6.708296664845867
2084,-257.58252663,129.14249992,3.8926415836698034,6.708296664845867,6.708296664845867
2085,-245.87422996,129.14249992,3.8926415836698034,6.708296664845867,6.708296664845867
2086,-234.1659333,129.14249992,3.8926415836698034,6.708296664845867,6.708296664845867
2087,-222.45763663,129.14249992,3.8926415836698034,6.708296664845867,6.708296664845867
2088,-210.74933997,129.14249992,3.8926415836698034,6.708296664845867,6.708296664845867
2089,-199.0410433,129.14249992,3.8926415836698034,6.708296664845867,6.708296664845867
2090,-187.33274664,129.14249992,3.8926415836698034,6.708296664845867,6.708296664845867
2091,-175.62444997,129.14249992,3.8926415836698034,6.708296664845867,6.708296664845867
2092,-163.91615331,129.14249992,3.8926415836698034,6.708296664845867,6.708296664845867
2093,-152.20785664,129.14249992,3.8926415836698034,6.708296664845867,6.708296664845867
2094,-140.49955998,129.14249992,3.8926415836698034,6.708296664845867,6.708296664845867
2095,-128.79126331,129.14249992,3.8926415836698034,6.708296664845867,6.708296664845867
2096,-117.08296665,129.14249992,3.8926415836698034,6.708296664845867,6.708296664845867
2097,-105.37466998,129.14249992,3.8926415836698034,6.708296664845867,6.708296664845867
2098,-93.66637332,129.14249992,3.8926415836698034,6.708296664845867,6.708296664845867
2099,-81.95807665,129.14249992,3.8926415836698034,6.708296664845867,6.708296664845867
2100,-70.24977999,129.14249992,3.8926415836698034,6.708296664845867,6.708296664845867
2101,-58.54148332,129.14249992,3.8926415836698034,6.708296664845867,6.708296664845867
2102,-46.83318666,129.14249992,3.8926415836698034,6.708296664845867,6.708296664845867
2103,-35.12488999,129.14249992,3.8926415836698034,6.708296664845867,6.708296664845867
2104,-23.41659333,129.14249992,3.8926415836698034,6.708296664845867,6.708296664845867
2105,-11.70829666,129.14249992,3.8926415836698034,6.708296664845867,6.708296664845867
2106,0.0,129.14249992,3.8926415836698034,6.708296664845867,6.708296664845867
2107,11.70829666,129.14249992,3.8926415836698034,6.708296664845867,6.708296664845867
2108,23.41659333,129.14249992,3.8926415836698034,6.708296664845867,6.708296664845867
2109,35.12488999,129.14249992,3.8926415836698034,6.708296664845867,6.708296664845867
2110,46.83318666,129.14249992,3.8926415836698034,6.708296664845867,6.708296664845867
2111,58.54148332,129.14249992,3.8926415836698034,6.708296664845867,6.708296664845867
2112,70.24977999,129.14249992,3.8926415836698034,6.708296664845867,6.708296664845867
2113,81.95807665,129.14249992,3.8926415836698034,6.708296664845867,6.708296664845867
2114,93.66637332,129.14249992,3.8926415836698034,6.708296664845867,6.708296664845867
2115,105.37466998,129.14249992,3.8926415836698034,6.708296664845867,6.708296664845867
2116,117.08296665,129.14249992,3.8926415836698034,6.708296664845867,6.708296664845867
2117,128.79126331,129.14249992,3.8926415836698034,6.708296664845867,6.708296664845867
2118,140.49955998,129.14249992,3.8926415836698034,6.708296664845867,6.708296664845867
2119,152.20785664,129.14249992,3.8926415836698034,6.708296664845867,6.708296664845867
2120,163.91615331,129.14249992,3.8926415836698034,6.708296664845867,6.708296664845867
2121,175.62444997,129.14249992,3.8926415836698034,6.708296664845867,6.708296664845867
2122,187.33274664,129.14249992,3.8926415836698034,6.708296664845867,6.708296664845867
2123,199.0410433,129.14249992,3.8926415836698034,6.708296664845867,6.708296664845867
2124,210.74933997,129.14249992,3.8926415836698034,6.708296664845867,6.708296664845867
2125,222.45763663,129.14249992,3.8926415836698034,6.708296664845867,6.708296664845867
2126,234.1659333,129.14249992,3.8926415836698034,6.708296664845867,6.708296664845867
2127,245.87422996,129.14249992,3.8926415836698034,6.708296664845867,6.708296664845867
2128,257.58252663,129.14249992,3.8926415836698034,6.708296664845867,6.708296664845867
2129,269.29082329,129.14249992,3.8926415836698034,6.708296664845867,6.708296664845867
2130,280.99911996,129.14249992,3.8926415836698034,6.708296664845867,6.708296664845867
2131,292.70741662,129.14249992,3.8926415836698034,6.708296664845867,6.708296664845867
2132,304.41571329,129.14249992,3.8926415836698034,6.708296664845867,6.708296664845867
2133,316.12400995,129.14249992,3.8926415836698034,6.708296664845867,6.708296664845867
2134,-310.26986162,139.28218227,3.8926415836698034,6.708296664845867,6.708296664845867
2135,-298.56156495,139.28218227,3.8926415836698034,6.708296664845867,6.708296664845867
2136,-286.85326829,139.28218227,3.8926415836698034,6.708296664845867,6.708296664845867
2137,-275.14497162,139.28218227,3.8926415836698034,6.708296664845867,6.708296664845867
2138,-263.43667496,139.28218227,3.8926415836698034,6.708296664845867,6.708296664845867
2139,-251.72837829,139.28218227,3.8926415836698034,6.708296664845867,6.708296664845867
2140,-240.02008163,139.28218227,3.8926415836698034,6.708296664845867,6.708296664845867
2141,-228.31178496,139.28218227,3.8926415836698034,6.708296664845867,6.708296664845867
2142,-216.6034883,139.28218227,3.8926415836698034,6.708296664845867,6.708296664845867
2143,-204.89519163,139.28218227,3.8926415836698034,6.708296664845867,6.708296664845867
2144,-193.18689497,139.28218227,3.8926415836698034,6.708296664845867,6.708296664845867
2145,-181.47859831,139.28218227,3.8926415836698034,6.708296664845867,6.708296664845867
2146,-169.77030164,139.28218227,3.8926415836698034,6.708296664845867,6.708296664845867
2147,-158.06200498,139.28218227,3.8926415836698034,6.708296664845867,6.708296664845867
2148,-146.35370831,139.28218227,3.8926415836698034,6.708296664845867,6.708296664845867
2149,-134.64541165,139.28218227,3.8926415836698034,6.708296664845867,6.708296664845867
2150,-122.93711498,139.28218227,3.8926415836698034,6.708296664845867,6.708296664845867
2151,-111.22881832,139.28218227,3.8926415836698034,6.708296664845867,6.708296664845867
2152,-99.52052165,139.28218227,3.8926415836698034,6.708296664845867,6.708296664845867
2153,-87.81222499,139.28218227,3.8926415836698034,6.708296664845867,6.708296664845867
2154,-76.10392832,139.28218227,3.8926415836698034,6.708296664845867,6.708296664845867
2155,-64.39563166,139.28218227,3.8926415836698034,6.708296664845867,6.708296664845867
2156,-52.68733499,139.28218227,3.8926415836698034,6.708296664845867,6.708296664845867
2157,-40.97903833,139.28218227,3.8926415836698034,6.708296664845867,6.708296664845867
2158,-29.27074166,139.28218227,3.8926415836698034,6.708296664845867,6.708296664845867
2159,-17.562445,139.28218227,3.8926415836698034,6.708296664845867,6.708296664845867
2160,-5.85414833,139.28218227,3.8926415836698034,6.708296664845867,6.708296664845867
2161,5.85414833,139.28218227,3.8926415836698034,6.708296664845867,6.708296664845867
2162,17.562445,139.28218227,3.8926415836698034,6.708296664845867,6.708296664845867
2163,29.27074166,139.28218227,3.8926415836698034,6.708296664845867,6.708296664845867
2164,40.97903833,139.28218227,3.8926415836698034,6.708296664845867,6.708296664845867
2165,52.68733499,139.28218227,3.8926415836698034,6.708296664845867,6.708296664845867
2166,64.39563166,139.28218227,3.8926415836698034,6.708296664845867,6.708296664845867
2167,76.10392832,139.28218227,3.8926415836698034,6.708296664845867,6.708296664845867
2168,87.81222499,139.28218227,3.8926415836698034,6.708296664845867,6.708296664845867
2169,99.52052165,139.28218227,3.8926415836698034,6.708296664845867,6.708296664845867
2170,111.22881832,139.28218227,3.8926415836698034,6.708296664845867,6.708296664845867
2171,122.93711498,139.28218227,3.8926415836698034,6.708296664845867,6.708296664845867
2172,134.64541165,139.28218227,3.8926415836698034,6.708296664845867,6.708296664845867
2173,146.35370831,139.28218227,3.8926415836698034,6.708296664845867,6.708296664845867
2174,158.06200498,139.28218227,3.8926415836698034,6.708296664845867,6.708296664845867
2175,169.77030164,139.28218227,3.8926415836698034,6.708296664845867,6.708296664845867
2176,181.47859831,139.28218227,3.8926415836698034,6.708296664845867,6.708296664845867
2177,193.18689497,139.28218227,3.8926415836698034,6.708296664845867,6.708296664845867
2178,204.89519163,139.28218227,3.8926415836698034,6.708296664845867,6.708296664845867
2179,216.6034883,139.28218227,3.8926415836698034,6.708296664845867,6.708296664845867
2180,228.31178496,139.28218227,3.8926415836698034,6.708296664845867,6.708296664845867
2181,240.02008163,139.28218227,3.8926415836698034,6.708296664845867,6.708296664845867
2182,251.72837829,139.28218227,3.8926415836698034,6.708296664845867,6.708296664845867
2183,263.43667496,139.28218227,3.8926415836698034,6.708296664845867,6.708296664845867
2184,275.14497162,139.28218227,3.8926415836698034,6.708296664845867,6.708296664845867
2185,286.85326829,139.28218227,3.8926415836698034,6.708296664845867,6.708296664845867
2186,298.56156495,139.28218227,3.8926415836698034,6.708296664845867,6.708296664845867
2187,310.26986162,139.28218227,3.8926415836698034,6.708296664845867,6.708296664845867
2188,-316.12400995,149.42186462,3.8926415836698034,6.708296664845867,6.708296664845867
2189,-304.41571329,149.42186462,3.8926415836698034,6.708296664845867,6.708296664845867
2190,-292.70741662,149.42186462,3.8926415836698034,6.708296664845867,6.708296664845867
2191,-280.99911996,149.42186462,3.8926415836698034,6.708296664845867,6.708296664845867
2192,-269.29082329,149.42186462,3.8926415836698034,6.708296664845867,6.708296664845867
2193,-257.58252663,149.42186462,3.8926415836698034,6.708296664845867,6.708296664845867
2194,-245.87422996,149.42186462,3.8926415836698034,6.708296664845867,6.708296664845867
2195,-234.1659333,149.42186462,3.8926415836698034,6.708296664845867,6.708296664845867
2196,-222.45763663,149.42186462,3.8926415836698034,6.708296664845867,6.708296664845867
2197,-210.74933997,149.42186462,3.8926415836698034,6.708296664845867,6.708296664845867
2198,-199.0410433,149.42186462,3.8926415836698034,6.708296664845867,6.708296664845867
2199,-187.33274664,149.42186462,3.8926415836698034,6.708296664845867,6.708296664845867
2200,-175.62444997,149.42186462,3.8926415836698034,6.708296664845867,6.708296664845867
2201,-163.91615331,149.42186462,3.8926415836698034,6.708296664845867,6.708296664845867
2202,-152.20785664,149.42186462,3.8926415836698034,6.708296664845867,6.708296664845867
2203,-140.49955998,149.42186462,3.8926415836698034,6.708296664845867,6.708296664845867
2204,-128.79126331,149.42186462,3.8926415836698034,6.708296664845867,6.708296664845867
2205,-117.08296665,149.42186462,3.8926415836698034,6.708296664845867,6.708296664845867
2206,-105.37466998,149.42186462,3.8926415836698034,6.708296664845867,6.708296664845867
2207,-93.66637332,149.42186462,3.8926415836698034,6.708296664845867,6.708296664845867
2208,-81.95807665,149.42186462,3.8926415836698034,6.708296664845867,6.708296664845867
2209,-70.24977999,149.42186462,3.8926415836698034,6.708296664845867,6.708296664845867
2210,-58.54148332,149.42186462,3.8926415836698034,6.708296664845867,6.708296664845867
2211,-46.83318666,149.42186462,3.8926415836698034,6.708296664845867,6.708296664845867
2212,-35.12488999,149.42186462,3.8926415836698034,6.708296664845867,6.708296664845867
2213,-23.41659333,149.42186462,3.8926415836698034,6.708296664845867,6.708296664845867
2214,-11.70829666,149.42186462,3.8926415836698034,6.708296664845867,6.708296664845867
2215,0.0,149.42186462,3.8926415836698034,6.708296664845867,6.708296664845867
2216,11.70829666,149.42186462,3.8926415836698034,6.708296664845867,6.708296664845867
2217,23.41659333,149.42186462,3.8926415836698034,6.708296664845867,6.708296664845867
2218,35.12488999,149.42186462,3.8926415836698034,6.708296664845867,6.708296664845867
2219,46.83318666,149.42186462,3.8926415836698034,6.708296664845867,6.708296664845867
2220,58.54148332,149.42186462,3.8926415836698034,6.708296664845867,6.708296664845867
2221,70.24977999,149.42186462,3.8926415836698034,6.708296664845867,6.708296664845867
2222,81.95807665,149.42186462,3.8926415836698034,6.708296664845867,6.708296664845867
2223,93.66637332,149.42186462,3.8926415836698034,6.708296664845867,6.708296664845867
2224,105.37466998,149.42186462,3.8926415836698034,6.708296664845867,6.708296664845867
2225,117.08296665,149.42186462,3.8926415836698034,6.708296664845867,6.708296664845867
2226,128.79126331,149.42186462,3.8926415836698034,6.708296664845867,6.708296664845867
2227,140.49955998,149.42186462,3.8926415836698034,6.708296664845867,6.708296664845867
2228,152.20785664,149.42186462,3.8926415836698034,6.708296664845867,6.708296664845867
2229,163.91615331,149.42186462,3.8926415836698034,6.708296664845867,6.708296664845867
2230,175.62444997,149.42186462,3.8926415836698034,6.708296664845867,6.708296664845867
2231,187.33274664,149.42186462,3.8926415836698034,6.708296664845867,6.708296664845867
2232,199.0410433,149.42186462,3.8926415836698034,6.708296664845867,6.708296664845867
2233,210.74933997,149.42186462,3.8926415836698034,6.708296664845867,6.708296664845867
2234,222.45763663,149.42186462,3.8926415836698034,6.708296664845867,6.708296664845867
2235,234.1659333,149.42186462,3.8926415836698034,6.708296664845867,6.708296664845867
2236,245.87422996,149.42186462,3.8926415836698034,6.708296664845867,6.708296664845867
2237,257.58252663,149.42186462,3.8926415836698034,6.708296664845867,6.708296664845867
2238,269.29082329,149.42186462,3.8926415836698034,6.708296664845867,6.708296664845867
2239,280.99911996,149.42186462,3.8926415836698034,6.708296664845867,6.708296664845867
2240,292.70741662,149.42186462,3.8926415836698034,6.708296664845867,6.708296664845867
2241,304.41571329,149.42186462,3.8926415836698034,6.708296664845867,6.708296664845867
2242,316.12400995,149.42186462,3.8926415836698034,6.708296664845867,6.708296664845867
2243,-310.26986162,159.56154697,3.8926415836698034,6.708296664845867,6.708296664845867
2244,-298.56156495,159.56154697,3.8926415836698034,6.708296664845867,6.708296664845867
2245,-286.85326829,159.56154697,3.8926415836698034,6.708296664845867,6.708296664845867
2246,-275.14497162,159.56154697,3.8926415836698034,6.708296664845867,6.708296664845867
2247,-263.43667496,159.56154697,3.8926415836698034,6.708296664845867,6.708296664845867
2248,-251.72837829,159.56154697,3.8926415836698034,6.708296664845867,6.708296664845867
2249,-240.02008163,159.56154697,3.8926415836698034,6.708296664845867,6.708296664845867
2250,-228.31178496,159.56154697,3.8926415836698034,6.708296664845867,6.708296664845867
2251,-216.6034883,159.56154697,3.8926415836698034,6.708296664845867,6.708296664845867
2252,-204.89519163,159.56154697,3.8926415836698034,6.708296664845867,6.708296664845867
2253,-193.18689497,159.56154697,3.8926415836698034,6.708296664845867,6.708296664845867
2254,-181.47859831,159.56154697,3.8926415836698034,6.708296664845867,6.708296664845867
2255,-169.77030164,159.56154697,3.8926415836698034,6.708296664845867,6.708296664845867
2256,-158.06200498,159.56154697,3.8926415836698034,6.708296664845867,6.708296664845867
2257,-146.35370831,159.56154697,3.8926415836698034,6.708296664845867,6.708296664845867
2258,-134.64541165,159.56154697,3.8926415836698034,6.708296664845867,6.708296664845867
2259,-122.93711498,159.56154697,3.8926415836698034,6.708296664845867,6.708296664845867
2260,-111.22881832,159.56154697,3.8926415836698034,6.708296664845867,6.708296664845867
2261,-99.52052165,159.56154697,3.8926415836698034,6.708296664845867,6.708296664845867
2262,-87.81222499,159.56154697,3.8926415836698034,6.708296664845867,6.708296664845867
2263,-76.10392832,159.56154697,3.8926415836698034,6.708296664845867,6.708296664845867
2264,-64.39563166,159.56154697,3.8926415836698034,6.708296664845867,6.708296664845867
2265,-52.68733499,159.56154697,3.8926415836698034,6.708296664845867,6.708296664845867
2266,-40.97903833,159.56154697,3.8926415836698034,6.708296664845867,6.708296664845867
2267,-29.27074166,159.56154697,3.8926415836698034,6.708296664845867,6.708296664845867
2268,-17.562445,159.56154697,3.8926415836698034,6.708296664845867,6.708296664845867
2269,-5.85414833,159.56154697,3.8926415836698034,6.708296664845867,6.708296664845867
2270,5.85414833,159.56154697,3.8926415836698034,6.708296664845867,6.708296664845867
2271,17.562445,159.56154697,3.8926415836698034,6.708296664845867,6.708296664845867
2272,29.27074166,159.56154697,3.8926415836698034,6.708296664845867,6.708296664845867
2273,40.97903833,159.56154697,3.8926415836698034,6.708296664845867,6.708296664845867
2274,52.68733499,159.56154697,3.8926415836698034,6.708296664845867,6.708296664845867
2275,64.39563166,159.56154697,3.8926415836698034,6.708296664845867,6.708296664845867
2276,76.10392832,159.56154697,3.8926415836698034,6.708296664845867,6.708296664845867
2277,87.81222499,159.56154697,3.8926415836698034,6.708296664845867,6.708296664845867
2278,99.52052165,159.56154697,3.8926415836698034,6.708296664845867,6.708296664845867
2279,111.22881832,159.56154697,3.8926415836698034,6.708296664845867,6.708296664845867
2280,122.93711498,159.56154697,3.8926415836698034,6.708296664845867,6.708296664845867
2281,134.64541165,159.56154697,3.8926415836698034,6.708296664845867,6.708296664845867
2282,146.35370831,159.56154697,3.8926415836698034,6.708296664845867,6.708296664845867
2283,158.06200498,159.56154697,3.8926415836698034,6.708296664845867,6.708296664845867
2284,169.77030164,159.56154697,3.8926415836698034,6.708296664845867,6.708296664845867
2285,181.47859831,159.56154697,3.8926415836698034,6.708296664845867,6.708296664845867
2286,193.18689497,159.56154697,3.8926415836698034,6.708296664845867,6.708296664845867
2287,204.89519163,159.56154697,3.8926415836698034,6.708296664845867,6.708296664845867
2288,216.6034883,159.56154697,3.8926415836698034,6.708296664845867,6.708296664845867
2289,228.31178496,159.56154697,3.8926415836698034,6.708296664845867,6.708296664845867
2290,240.02008163,159.56154697,3.8926415836698034,6.708296664845867,6.708296664845867
2291,251.72837829,159.56154697,3.8926415836698034,6.708296664845867,6.708296664845867
2292,263.43667496,159.56154697,3.8926415836698034,6.708296664845867,6.708296664845867
2293,275.14497162,159.56154697,3.8926415836698034,6.708296664845867,6.708296664845867
2294,286.85326829,159.56154697,3.8926415836698034,6.708296664845867,6.708296664845867
2295,298.56156495,159.56154697,3.8926415836698034,6.708296664845867,6.708296664845867
2296,310.26986162,159.56154697,3.8926415836698034,6.708296664845867,6.708296664845867
2297,-304.41571329,169.70122931,3.8926415836698034,6.708296664845867,6.708296664845867
2298,-292.70741662,169.70122931,3.8926415836698034,6.708296664845867,6.708296664845867
2299,-280.99911996,169.70122931,3.8926415836698034,6.708296664845867,6.708296664845867
2300,-269.29082329,169.70122931,3.8926415836698034,6.708296664845867,6.708296664845867
2301,-257.58252663,169.70122931,3.8926415836698034,6.708296664845867,6.708296664845867
2302,-245.87422996,169.70122931,3.8926415836698034,6.708296664845867,6.708296664845867
2303,-234.1659333,169.70122931,3.8926415836698034,6.708296664845867,6.708296664845867
2304,-222.45763663,169.70122931,3.8926415836698034,6.708296664845867,6.708296664845867
2305,-210.74933997,169.70122931,3.8926415836698034,6.708296664845867,6.708296664845867
2306,-199.0410433,169.70122931,3.8926415836698034,6.708296664845867,6.708296664845867
2307,-187.33274664,169.70122931,3.8926415836698034,6.708296664845867,6.708296664845867
2308,-175.62444997,169.70122931,3.8926415836698034,6.708296664845867,6.708296664845867
2309,-163.91615331,169.70122931,3.8926415836698034,6.708296664845867,6.708296664845867
2310,-152.20785664,169.70122931,3.8926415836698034,6.708296664845867,6.708296664845867
2311,-140.49955998,169.70122931,3.8926415836698034,6.708296664845867,6.708296664845867
2312,-128.79126331,169.70122931,3.8926415836698034,6.708296664845867,6.708296664845867
2313,-117.08296665,169.70122931,3.8926415836698034,6.708296664845867,6.708296664845867
2314,-105.37466998,169.70122931,3.8926415836698034,6.708296664845867,6.708296664845867
2315,-93.66637332,169.70122931,3.8926415836698034,6.708296664845867,6.708296664845867
2316,-81.95807665,169.70122931,3.8926415836698034,6.708296664845867,6.708296664845867
2317,-70.24977999,169.70122931,3.8926415836698034,6.708296664845867,6.708296664845867
2318,-58.54148332,169.70122931,3.8926415836698034,6.708296664845867,6.708296664845867
2319,-46.83318666,169.70122931,3.8926415836698034,6.708296664845867,6.708296664845867
2320,-35.12488999,169.70122931,3.8926415836698034,6.708296664845867,6.708296664845867
2321,-23.41659333,169.70122931,3.8926415836698034,6.708296664845867,6.708296664845867
2322,-11.70829666,169.70122931,3.8926415836698034,6.708296664845867,6.708296664845867
2323,0.0,169.70122931,3.8926415836698034,6.708296664845867,6.708296664845867
2324,11.70829666,169.70122931,3.8926415836698034,6.708296664845867,6.708296664845867
2325,23.41659333,169.70122931,3.8926415836698034,6.708296664845867,6.708296664845867
2326,35.12488999,169.70122931,3.8926415836698034,6.708296664845867,6.708296664845867
2327,46.83318666,169.70122931,3.8926415836698034,6.708296664845867,6.708296664845867
2328,58.54148332,169.70122931,3.8926415836698034,6.708296664845867,6.708296664845867
2329,70.24977999,169.70122931,3.8926415836698034,6.708296664845867,6.708296664845867
2330,81.95807665,169.70122931,3.8926415836698034,6.708296664845867,6.708296664845867
2331,93.66637332,169.70122931,3.8926415836698034,6.708296664845867,6.708296664845867
2332,105.37466998,169.70122931,3.8926415836698034,6.708296664845867,6.708296664845867
2333,117.08296665,169.70122931,3.8926415836698034,6.708296664845867,6.708296664845867
2334,128.79126331,169.70122931,3.8926415836698034,6.708296664845867,6.708296664845867
2335,140.49955998,169.70122931,3.8926415836698034,6.708296664845867,6.708296664845867
2336,152.20785664,169.70122931,3.8926415836698034,6.708296664845867,6.708296664845867
2337,163.91615331,169.70122931,3.8926415836698034,6.708296664845867,6.708296664845867
2338,175.62444997,169.70122931,3.8926415836698034,6.708296664845867,6.708296664845867
2339,187.33274664,169.70122931,3.8926415836698034,6.708296664845867,6.708296664845867
2340,199.0410433,169.70122931,3.8926415836698034,6.708296664845867,6.708296664845867
2341,210.74933997,169.70122931,3.8926415836698034,6.708296664845867,6.708296664845867
2342,222.45763663,169.70122931,3.8926415836698034,6.708296664845867,6.708296664845867
2343,234.1659333,169.70122931,3.8926415836698034,6.708296664845867,6.708296664845867
2344,245.87422996,169.70122931,3.8926415836698034,6.708296664845867,6.708296664845867
2345,257.58252663,169.70122931,3.8926415836698034,6.708296664845867,6.708296664845867
2346,269.29082329,169.70122931,3.8926415836698034,6.708296664845867,6.708296664845867
2347,280.99911996,169.70122931,3.8926415836698034,6.708296664845867,6.708296664845867
2348,292.70741662,169.70122931,3.8926415836698034,6.708296664845867,6.708296664845867
2349,304.41571329,169.70122931,3.8926415836698034,6.708296664845867,6.708296664845867
2350,-298.56156495,179.84091166,3.8926415836698034,6.708296664845867,6.708296664845867
2351,-286.85326829,179.84091166,3.8926415836698034,6.708296664845867,6.708296664845867
2352,-275.14497162,179.84091166,3.8926415836698034,6.708296664845867,6.708296664845867
2353,-263.43667496,179.84091166,3.8926415836698034,6.708296664845867,6.708296664845867
2354,-251.72837829,179.84091166,3.8926415836698034,6.708296664845867,6.708296664845867
2355,-240.02008163,179.84091166,3.8926415836698034,6.708296664845867,6.708296664845867
2356,-228.31178496,179.84091166,3.8926415836698034,6.708296664845867,6.708296664845867
2357,-216.6034883,179.84091166,3.8926415836698034,6.708296664845867,6.708296664845867
2358,-204.89519163,179.84091166,3.8926415836698034,6.708296664845867,6.708296664845867
2359,-193.18689497,179.84091166,3.8926415836698034,6.708296664845867,6.708296664845867
2360,-181.47859831,179.84091166,3.8926415836698034,6.708296664845867,6.708296664845867
2361,-169.77030164,179.84091166,3.8926415836698034,6.708296664845867,6.708296664845867
2362,-158.06200498,179.84091166,3.8926415836698034,6.708296664845867,6.708296664845867
2363,-146.35370831,179.84091166,3.8926415836698034,6.708296664845867,6.708296664845867
2364,-134.64541165,179.84091166,3.8926415836698034,6.708296664845867,6.708296664845867
2365,-122.93711498,179.84091166,3.8926415836698034,6.708296664845867,6.708296664845867
2366,-111.22881832,179.84091166,3.8926415836698034,6.708296664845867,6.708296664845867
2367,-99.52052165,179.84091166,3.8926415836698034,6.708296664845867,6.708296664845867
2368,-87.81222499,179.84091166,3.8926415836698034,6.708296664845867,6.708296664845867
2369,-76.10392832,179.84091166,3.8926415836698034,6.708296664845867,6.708296664845867
2370,-64.39563166,179.84091166,3.8926415836698034,6.708296664845867,6.708296664845867
2371,-52.68733499,179.84091166,3.8926415836698034,6.708296664845867,6.708296664845867
2372,-40.97903833,179.84091166,3.8926415836698034,6.708296664845867,6.708296664845867
2373,-29.27074166,179.84091166,3.8926415836698034,6.708296664845867,6.708296664845867
2374,-17.562445,179.84091166,3.8926415836698034,6.708296664845867,6.708296664845867
2375,-5.85414833,179.84091166,3.8926415836698034,6.708296664845867,6.708296664845867
2376,5.85414833,179.84091166,3.8926415836698034,6.708296664845867,6.708296664845867
2377,17.562445,179.84091166,3.8926415836698034,6.708296664845867,6.708296664845867
2378,29.27074166,179.84091166,3.8926415836698034,6.708296664845867,6.708296664845867
2379,40.97903833,179.84091166,3.8926415836698034,6.708296664845867,6.708296664845867
2380,52.68733499,179.84091166,3.8926415836698034,6.708296664845867,6.708296664845867
2381,64.39563166,179.84091166,3.8926415836698034,6.708296664845867,6.708296664845867
2382,76.10392832,179.84091166,3.8926415836698034,6.708296664845867,6.708296664845867
2383,87.81222499,179.84091166,3.8926415836698034,6.708296664845867,6.708296664845867
2384,99.52052165,179.84091166,3.8926415836698034,6.708296664845867,6.708296664845867
2385,111.22881832,179.84091166,3.8926415836698034,6.708296664845867,6.708296664845867
2386,122.93711498,179.84091166,3.8926415836698034,6.708296664845867,6.708296664845867
2387,134.64541165,179.84091166,3.8926415836698034,6.708296664845867,6.708296664845867
2388,146.35370831,179.84091166,3.8926415836698034,6.708296664845867,6.708296664845867
2389,158.06200498,179.84091166,3.8926415836698034,6.708296664845867,6.708296664845867
2390,169.77030164,179.84091166,3.8926415836698034,6.708296664845867,6.708296664845867
2391,181.47859831,179.84091166,3.8926415836698034,6.708296664845867,6.708296664845867
2392,193.18689497,179.84091166,3.8926415836698034,6.708296664845867,6.708296664845867
2393,204.89519163,179.84091166,3.8926415836698034,6.708296664845867,6.708296664845867
2394,216.6034883,179.84091166,3.8926415836698034,6.708296664845867,6.708296664845867
2395,228.31178496,179.84091166,3.8926415836698034,6.708296664845867,6.708296664845867
2396,240.02008163,179.84091166,3.8926415836698034,6.708296664845867,6.708296664845867
2397,251.72837829,179.84091166,3.8926415836698034,6.708296664845867,6.708296664845867
2398,263.43667496,179.84091166,3.8926415836698034,6.708296664845867,6.708296664845867
2399,275.14497162,179.84091166,3.8926415836698034,6.708296664845867,6.708296664845867
2400,286.85326829,179.84091166,3.8926415836698034,6.708296664845867,6.708296664845867
2401,298.56156495,179.84091166,3.8926415836698034,6.708296664845867,6.708296664845867
2402,-292.70741662,189.98059401,3.8926415836698034,6.708296664845867,6.708296664845867
2403,-280.99911996,189.98059401,3.8926415836698034,6.708296664845867,6.708296664845867
2404,-269.29082329,189.98059401,3.8926415836698034,6.708296664845867,6.708296664845867
2405,-257.58252663,189.98059401,3.8926415836698034,6.708296664845867,6.708296664845867
2406,-245.87422996,189.98059401,3.8926415836698034,6.708296664845867,6.708296664845867
2407,-234.1659333,189.98059401,3.8926415836698034,6.708296664845867,6.708296664845867
2408,-222.45763663,189.98059401,3.8926415836698034,6.708296664845867,6.708296664845867
2409,-210.74933997,189.98059401,3.8926415836698034,6.708296664845867,6.708296664845867
2410,-199.0410433,189.98059401,3.8926415836698034,6.708296664845867,6.708296664845867
2411,-187.33274664,189.98059401,3.8926415836698034,6.708296664845867,6.708296664845867
2412,-175.62444997,189.98059401,3.8926415836698034,6.708296664845867,6.708296664845867
2413,-163.91615331,189.98059401,3.8926415836698034,6.708296664845867,6.708296664845867
2414,-152.20785664,189.98059401,3.8926415836698034,6.708296664845867,6.708296664845867
2415,-140.49955998,189.98059401,3.8926415836698034,6.708296664845867,6.708296664845867
2416,-128.79126331,189.98059401,3.8926415836698034,6.708296664845867,6.708296664845867
2417,-117.08296665,189.98059401,3.8926415836698034,6.708296664845867,6.708296664845867
2418,-105.37466998,189.98059401,3.8926415836698034,6.708296664845867,6.708296664845867
2419,-93.66637332,189.98059401,3.8926415836698034,6.708296664845867,6.708296664845867
2420,-81.95807665,189.98059401,3.8926415836698034,6.708296664845867,6.708296664845867
2421,-70.24977999,189.98059401,3.8926415836698034,6.708296664845867,6.708296664845867
2422,-58.54148332,189.98059401,3.8926415836698034,6.708296664845867,6.708296664845867
2423,-46.83318666,189.98059401,3.8926415836698034,6.708296664845867,6.708296664845867
2424,-35.12488999,189.98059401,3.8926415836698034,6.708296664845867,6.708296664845867
2425,-23.41659333,189.98059401,3.8926415836698034,6.708296664845867,6.708296664845867
2426,-11.70829666,189.98059401,3.8926415836698034,6.708296664845867,6.708296664845867
2427,0.0,189.98059401,3.8926415836698034,6.708296664845867,6.708296664845867
2428,11.70829666,189.98059401,3.8926415836698034,6.708296664845867,6.708296664845867
2429,23.41659333,189.98059401,3.8926415836698034,6.708296664845867,6.708296664845867
2430,35.12488999,189.98059401,3.8926415836698034,6.708296664845867,6.708296664845867
2431,46.83318666,189.98059401,3.8926415836698034,6.708296664845867,6.708296664845867
2432,58.54148332,189.98059401,3.8926415836698034,6.708296664845867,6.708296664845867
2433,70.24977999,189.98059401,3.8926415836698034,6.708296664845867,6.708296664845867
2434,81.95807665,189.98059401,3.8926415836698034,6.708296664845867,6.708296664845867
2435,93.66637332,189.98059401,3.8926415836698034,6.708296664845867,6.708296664845867
2436,105.37466998,189.98059401,3.8926415836698034,6.708296664845867,6.708296664845867
2437,117.08296665,189.98059401,3.8926415836698034,6.708296664845867,6.708296664845867
2438,128.79126331,189.98059401,3.8926415836698034,6.708296664845867,6.708296664845867
2439,140.49955998,189.98059401,3.8926415836698034,6.708296664845867,6.708296664845867
2440,152.20785664,189.98059401,3.8926415836698034,6.708296664845867,6.708296664845867
2441,163.91615331,189.98059401,3.8926415836698034,6.708296664845867,6.708296664845867
2442,175.62444997,189.98059401,3.8926415836698034,6.708296664845867,6.708296664845867
2443,187.33274664,189.98059401,3.8926415836698034,6.708296664845867,6.708296664845867
2444,199.0410433,189.98059401,3.8926415836698034,6.708296664845867,6.708296664845867
2445,210.74933997,189.98059401,3.8926415836698034,6.708296664845867,6.708296664845867
2446,222.45763663,189.98059401,3.8926415836698034,6.708296664845867,6.708296664845867
2447,234.1659333,189.98059401,3.8926415836698034,6.708296664845867,6.708296664845867
2448,245.87422996,189.98059401,3.8926415836698034,6.708296664845867,6.708296664845867
2449,257.58252663,189.98059401,3.8926415836698034,6.708296664845867,6.708296664845867
2450,269.29082329,189.98059401,3.8926415836698034,6.708296664845867,6.708296664845867
2451,280.99911996,189.98059401,3.8926415836698034,6.708296664845867,6.708296664845867
2452,292.70741662,189.98059401,3.8926415836698034,6.708296664845867,6.708296664845867
2453,-286.85326829,200.12027635,3.8926415836698034,6.708296664845867,6.708296664845867
2454,-275.14497162,200.12027635,3.8926415836698034,6.708296664845867,6.708296664845867
2455,-263.43667496,200.12027635,3.8926415836698034,6.708296664845867,6.708296664845867
2456,-251.72837829,200.12027635,3.8926415836698034,6.708296664845867,6.708296664845867
2457,-240.02008163,200.12027635,3.8926415836698034,6.708296664845867,6.708296664845867
2458,-228.31178496,200.12027635,3.8926415836698034,6.708296664845867,6.708296664845867
2459,-216.6034883,200.12027635,3.8926415836698034,6.708296664845867,6.708296664845867
2460,-204.89519163,200.12027635,3.8926415836698034,6.708296664845867,6.708296664845867
2461,-193.18689497,200.12027635,3.8926415836698034,6.708296664845867,6.708296664845867
2462,-181.47859831,200.12027635,3.8926415836698034,6.708296664845867,6.708296664845867
2463,-169.77030164,200.12027635,3.8926415836698034,6.708296664845867,6.708296664845867
2464,-158.06200498,200.12027635,3.8926415836698034,6.708296664845867,6.708296664845867
2465,-146.35370831,200.12027635,3.8926415836698034,6.708296664845867,6.708296664845867
2466,-134.64541165,200.12027635,3.8926415836698034,6.708296664845867,6.708296664845867
2467,-122.93711498,200.12027635,3.8926415836698034,6.708296664845867,6.708296664845867
2468,-111.22881832,200.12027635,3.8926415836698034,6.708296664845867,6.708296664845867
2469,-99.52052165,200.12027635,3.8926415836698034,6.708296664845867,6.708296664845867
2470,-87.81222499,200.12027635,3.8926415836698034,6.708296664845867,6.708296664845867
2471,-76.10392832,200.12027635,3.8926415836698034,6.708296664845867,6.708296664845867
2472,-64.39563166,200.12027635,3.8926415836698034,6.708296664845867,6.708296664845867
2473,-52.68733499,200.12027635,3.8926415836698034,6.708296664845867,6.708296664845867
2474,-40.97903833,200.12027635,3.8926415836698034,6.708296664845867,6.708296664845867
2475,-29.27074166,200.12027635,3.8926415836698034,6.708296664845867,6.708296664845867
2476,-17.562445,200.12027635,3.8926415836698034,6.708296664845867,6.708296664845867
2477,-5.85414833,200.12027635,3.8926415836698034,6.708296664845867,6.708296664845867
2478,5.85414833,200.12027635,3.8926415836698034,6.708296664845867,6.708296664845867
2479,17.562445,200.12027635,3.8926415836698034,6.708296664845867,6.708296664845867
2480,29.27074166,200.12027635,3.8926415836698034,6.708296664845867,6.708296664845867
2481,40.97903833,200.12027635,3.8926415836698034,6.708296664845867,6.708296664845867
2482,52.68733499,200.12027635,3.8926415836698034,6.708296664845867,6.708296664845867
2483,64.39563166,200.12027635,3.8926415836698034,6.708296664845867,6.708296664845867
2484,76.10392832,200.12027635,3.8926415836698034,6.708296664845867,6.708296664845867
2485,87.81222499,200.12027635,3.8926415836698034,6.708296664845867,6.708296664845867
2486,99.52052165,200.12027635,3.8926415836698034,6.708296664845867,6.708296664845867
2487,111.22881832,200.12027635,3.8926415836698034,6.708296664845867,6.708296664845867
2488,122.93711498,200.12027635,3.8926415836698034,6.708296664845867,6.708296664845867
2489,134.64541165,200.12027635,3.8926415836698034,6.708296664845867,6.708296664845867
2490,146.35370831,200.12027635,3.8926415836698034,6.708296664845867,6.708296664845867
2491,158.06200498,200.12027635,3.8926415836698034,6.708296664845867,6.708296664845867
2492,169.77030164,200.12027635,3.8926415836698034,6.708296664845867,6.708296664845867
2493,181.47859831,200.12027635,3.8926415836698034,6.708296664845867,6.708296664845867
2494,193.18689497,200.12027635,3.8926415836698034,6.708296664845867,6.708296664845867
2495,204.89519163,200.12027635,3.8926415836698034,6.708296664845867,6.708296664845867
2496,216.6034883,200.12027635,3.8926415836698034,6.708296664845867,6.708296664845867
2497,228.31178496,200.12027635,3.8926415836698034,6.708296664845867,6.708296664845867
2498,240.02008163,200.12027635,3.8926415836698034,6.708296664845867,6.708296664845867
2499,251.72837829,200.12027635,3.8926415836698034,6.708296664845867,6.708296664845867
2500,263.43667496,200.12027635,3.8926415836698034,6.708296664845867,6.708296664845867
2501,275.14497162,200.12027635,3.8926415836698034,6.708296664845867,6.708296664845867
2502,286.85326829,200.12027635,3.8926415836698034,6.708296664845867,6.708296664845867
2503,-269.29082329,210.2599587,3.8926415836698034,6.708296664845867,6.708296664845867
2504,-257.58252663,210.2599587,3.8926415836698034,6.708296664845867,6.708296664845867
2505,-245.87422996,210.2599587,3.8926415836698034,6.708296664845867,6.708296664845867
2506,-234.1659333,210.2599587,3.8926415836698034,6.708296664845867,6.708296664845867
2507,-222.45763663,210.2599587,3.8926415836698034,6.708296664845867,6.708296664845867
2508,-210.74933997,210.2599587,3.8926415836698034,6.708296664845867,6.708296664845867
2509,-199.0410433,210.2599587,3.8926415836698034,6.708296664845867,6.708296664845867
2510,-187.33274664,210.2599587,3.8926415836698034,6.708296664845867,6.708296664845867
2511,-175.62444997,210.2599587,3.8926415836698034,6.708296664845867,6.708296664845867
2512,-163.91615331,210.2599587,3.8926415836698034,6.708296664845867,6.708296664845867
2513,-152.20785664,210.2599587,3.8926415836698034,6.708296664845867,6.708296664845867
2514,-140.49955998,210.2599587,3.8926415836698034,6.708296664845867,6.708296664845867
2515,-128.79126331,210.2599587,3.8926415836698034,6.708296664845867,6.708296664845867
2516,-117.08296665,210.2599587,3.8926415836698034,6.708296664845867,6.708296664845867
2517,-105.37466998,210.2599587,3.8926415836698034,6.708296664845867,6.708296664845867
2518,-93.66637332,210.2599587,3.8926415836698034,6.708296664845867,6.708296664845867
2519,-81.95807665,210.2599587,3.8926415836698034,6.708296664845867,6.708296664845867
2520,-70.24977999,210.2599587,3.8926415836698034,6.708296664845867,6.708296664845867
2521,-58.54148332,210.2599587,3.8926415836698034,6.708296664845867,6.708296664845867
2522,-46.83318666,210.2599587,3.8926415836698034,6.708296664845867,6.708296664845867
2523,-35.12488999,210.2599587,3.8926415836698034,6.708296664845867,6.708296664845867
2524,-23.41659333,210.2599587,3.8926415836698034,6.708296664845867,6.708296664845867
2525,-11.70829666,210.2599587,3.8926415836698034,6.708296664845867,6.708296664845867
2526,0.0,210.2599587,3.8926415836698034,6.708296664845867,6.708296664845867
2527,11.70829666,210.2599587,3.8926415836698034,6.708296664845867,6.708296664845867
2528,23.41659333,210.2599587,3.8926415836698034,6.708296664845867,6.708296664845867
2529,35.12488999,210.2599587,3.8926415836698034,6.708296664845867,6.708296664845867
2530,46.83318666,210.2599587,3.8926415836698034,6.708296664845867,6.708296664845867
2531,58.54148332,210.2599587,3.8926415836698034,6.708296664845867,6.708296664845867
2532,70.24977999,210.2599587,3.8926415836698034,6.708296664845867,6.708296664845867
2533,81.95807665,210.2599587,3.8926415836698034,6.708296664845867,6.708296664845867
2534,93.66637332,210.2599587,3.8926415836698034,6.708296664845867,6.708296664845867
2535,105.37466998,210.2599587,3.8926415836698034,6.708296664845867,6.708296664845867
2536,117.08296665,210.2599587,3.8926415836698034,6.708296664845867,6.708296664845867
2537,128.79126331,210.2599587,3.8926415836698034,6.708296664845867,6.708296664845867
2538,140.49955998,210.2599587,3.8926415836698034,6.708296664845867,6.708296664845867
2539,152.20785664,210.2599587,3.8926415836698034,6.708296664845867,6.708296664845867
2540,163.91615331,210.2599587,3.8926415836698034,6.708296664845867,6.708296664845867
2541,175.62444997,210.2599587,3.8926415836698034,6.708296664845867,6.708296664845867
2542,187.33274664,210.2599587,3.8926415836698034,6.708296664845867,6.708296664845867
2543,199.0410433,210.2599587,3.8926415836698034,6.708296664845867,6.708296664845867
2544,210.74933997,210.2599587,3.8926415836698034,6.708296664845867,6.708296664845867
2545,222.45763663,210.2599587,3.8926415836698034,6.708296664845867,6.708296664845867
2546,234.1659333,210.2599587,3.8926415836698034,6.708296664845867,6.708296664845867
2547,245.87422996,210.2599587,3.8926415836698034,6.708296664845867,6.708296664845867
2548,257.58252663,210.2599587,3.8926415836698034,6.708296664845867,6.708296664845867
2549,269.29082329,210.2599587,3.8926415836698034,6.708296664845867,6.708296664845867
2550,-263.43667496,220.39964105,3.8926415836698034,6.708296664845867,6.708296664845867
2551,-251.72837829,220.39964105,3.8926415836698034,6.708296664845867,6.708296664845867
2552,-240.02008163,220.39964105,3.8926415836698034,6.708296664845867,6.708296664845867
2553,-228.31178496,220.39964105,3.8926415836698034,6.708296664845867,6.708296664845867
2554,-216.6034883,220.39964105,3.8926415836698034,6.708296664845867,6.708296664845867
2555,-204.89519163,220.39964105,3.8926415836698034,6.708296664845867,6.708296664845867
2556,-193.18689497,220.39964105,3.8926415836698034,6.708296664845867,6.708296664845867
2557,-181.47859831,220.39964105,3.8926415836698034,6.708296664845867,6.708296664845867
2558,-169.77030164,220.39964105,3.8926415836698034,6.708296664845867,6.708296664845867
2559,-158.06200498,220.39964105,3.8926415836698034,6.708296664845867,6.708296664845867
2560,-146.35370831,220.39964105,3.8926415836698034,6.708296664845867,6.708296664845867
2561,-134.64541165,220.39964105,3.8926415836698034,6.708296664845867,6.708296664845867
2562,-122.93711498,220.39964105,3.8926415836698034,6.708296664845867,6.708296664845867
2563,-111.22881832,220.39964105,3.8926415836698034,6.708296664845867,6.708296664845867
2564,-99.52052165,220.39964105,3.8926415836698034,6.708296664845867,6.708296664845867
2565,-87.81222499,220.39964105,3.8926415836698034,6.708296664845867,6.708296664845867
2566,-76.10392832,220.39964105,3.8926415836698034,6.708296664845867,6.708296664845867
2567,-64.39563166,220.39964105,3.8926415836698034,6.708296664845867,6.708296664845867
2568,-52.68733499,220.39964105,3.8926415836698034,6.708296664845867,6.708296664845867
2569,-40.97903833,220.39964105,3.8926415836698034,6.708296664845867,6.708296664845867
2570,-29.27074166,220.39964105,3.8926415836698034,6.708296664845867,6.708296664845867
2571,-17.562445,220.39964105,3.8926415836698034,6.708296664845867,6.708296664845867
2572,-5.85414833,220.39964105,3.8926415836698034,6.708296664845867,6.708296664845867
2573,5.85414833,220.39964105,3.8926415836698034,6.708296664845867,6.708296664845867
2574,17.562445,220.39964105,3.8926415836698034,6.708296664845867,6.708296664845867
2575,29.27074166,220.39964105,3.8926415836698034,6.708296664845867,6.708296664845867
2576,40.97903833,220.39964105,3.8926415836698034,6.708296664845867,6.708296664845867
2577,52.68733499,220.39964105,3.8926415836698034,6.708296664845867,6.708296664845867
2578,64.39563166,220.39964105,3.8926415836698034,6.708296664845867,6.708296664845867
2579,76.10392832,220.39964105,3.8926415836698034,6.708296664845867,6.708296664845867
2580,87.81222499,220.39964105,3.8926415836698034,6.708296664845867,6.708296664845867
2581,99.52052165,220.39964105,3.8926415836698034,6.708296664845867,6.708296664845867
2582,111.22881832,220.39964105,3.8926415836698034,6.708296664845867,6.708296664845867
2583,122.93711498,220.39964105,3.8926415836698034,6.708296664845867,6.708296664845867
2584,134.64541165,220.39964105,3.8926415836698034,6.708296664845867,6.708296664845867
2585,146.35370831,220.39964105,3.8926415836698034,6.708296664845867,6.708296664845867
2586,158.06200498,220.39964105,3.8926415836698034,6.708296664845867,6.708296664845867
2587,169.77030164,220.39964105,3.8926415836698034,6.708296664845867,6.708296664845867
2588,181.47859831,220.39964105,3.8926415836698034,6.708296664845867,6.708296664845867
2589,193.18689497,220.39964105,3.8926415836698034,6.708296664845867,6.708296664845867
2590,204.89519163,220.39964105,3.8926415836698034,6.708296664845867,6.708296664845867
2591,216.6034883,220.39964105,3.8926415836698034,6.708296664845867,6.708296664845867
2592,228.31178496,220.39964105,3.8926415836698034,6.708296664845867,6.708296664845867
2593,240.02008163,220.39964105,3.8926415836698034,6.708296664845867,6.708296664845867
2594,251.72837829,220.39964105,3.8926415836698034,6.708296664845867,6.708296664845867
2595,263.43667496,220.39964105,3.8926415836698034,6.708296664845867,6.708296664845867
2596,-257.58252663,230.53932339,3.8926415836698034,6.708296664845867,6.708296664845867
2597,-245.87422996,230.53932339,3.8926415836698034,6.708296664845867,6.708296664845867
2598,-234.1659333,230.53932339,3.8926415836698034,6.708296664845867,6.708296664845867
2599,-222.45763663,230.53932339,3.8926415836698034,6.708296664845867,6.708296664845867
2600,-210.74933997,230.53932339,3.8926415836698034,6.708296664845867,6.708296664845867
2601,-199.0410433,230.53932339,3.8926415836698034,6.708296664845867,6.708296664845867
2602,-187.33274664,230.53932339,3.8926415836698034,6.708296664845867,6.708296664845867
2603,-175.62444997,230.53932339,3.8926415836698034,6.708296664845867,6.708296664845867
2604,-163.91615331,230.53932339,3.8926415836698034,6.708296664845867,6.708296664845867
2605,-152.20785664,230.53932339,3.8926415836698034,6.708296664845867,6.708296664845867
2606,-140.49955998,230.53932339,3.8926415836698034,6.708296664845867,6.708296664845867
2607,-128.79126331,230.53932339,3.8926415836698034,6.708296664845867,6.708296664845867
2608,-117.08296665,230.53932339,3.8926415836698034,6.708296664845867,6.708296664845867
2609,-105.37466998,230.53932339,3.8926415836698034,6.708296664845867,6.708296664845867
2610,-93.66637332,230.53932339,3.8926415836698034,6.708296664845867,6.708296664845867
2611,-81.95807665,230.53932339,3.8926415836698034,6.708296664845867,6.708296664845867
2612,-70.24977999,230.53932339,3.8926415836698034,6.708296664845867,6.708296664845867
2613,-58.54148332,230.53932339,3.8926415836698034,6.708296664845867,6.708296664845867
2614,-46.83318666,230.53932339,3.8926415836698034,6.708296664845867,6.708296664845867
2615,-35.12488999,230.53932339,3.8926415836698034,6.708296664845867,6.708296664845867
2616,-23.41659333,230.53932339,3.8926415836698034,6.708296664845867,6.708296664845867
2617,-11.70829666,230.53932339,3.8926415836698034,6.708296664845867,6.708296664845867
2618,0.0,230.53932339,3.8926415836698034,6.708296664845867,6.708296664845867
2619,11.70829666,230.53932339,3.8926415836698034,6.708296664845867,6.708296664845867
2620,23.41659333,230.53932339,3.8926415836698034,6.708296664845867,6.708296664845867
2621,35.12488999,230.53932339,3.8926415836698034,6.708296664845867,6.708296664845867
2622,46.83318666,230.53932339,3.8926415836698034,6.708296664845867,6.708296664845867
2623,58.54148332,230.53932339,3.8926415836698034,6.708296664845867,6.708296664845867
2624,70.24977999,230.53932339,3.8926415836698034,6.708296664845867,6.708296664845867
2625,81.95807665,230.53932339,3.8926415836698034,6.708296664845867,6.708296664845867
2626,93.66637332,230.53932339,3.8926415836698034,6.708296664845867,6.708296664845867
2627,105.37466998,230.53932339,3.8926415836698034,6.708296664845867,6.708296664845867
2628,117.08296665,230.53932339,3.8926415836698034,6.708296664845867,6.708296664845867
2629,128.79126331,230.53932339,3.8926415836698034,6.708296664845867,6.708296664845867
2630,140.49955998,230.53932339,3.8926415836698034,6.708296664845867,6.708296664845867
2631,152.20785664,230.53932339,3.8926415836698034,6.708296664845867,6.708296664845867
2632,163.91615331,230.53932339,3.8926415836698034,6.708296664845867,6.708296664845867
2633,175.62444997,230.53932339,3.8926415836698034,6.708296664845867,6.708296664845867
2634,187.33274664,230.53932339,3.8926415836698034,6.708296664845867,6.708296664845867
2635,199.0410433,230.53932339,3.8926415836698034,6.708296664845867,6.708296664845867
2636,210.74933997,230.53932339,3.8926415836698034,6.708296664845867,6.708296664845867
2637,222.45763663,230.53932339,3.8926415836698034,6.708296664845867,6.708296664845867
2638,234.1659333,230.53932339,3.8926415836698034,6.708296664845867,6.708296664845867
2639,245.87422996,230.53932339,3.8926415836698034,6.708296664845867,6.708296664845867
2640,257.58252663,230.53932339,3.8926415836698034,6.708296664845867,6.708296664845867
2641,-251.72837829,240.67900574,3.8926415836698034,6.708296664845867,6.708296664845867
2642,-240.02008163,240.67900574,3.8926415836698034,6.708296664845867,6.708296664845867
2643,-228.31178496,240.67900574,3.8926415836698034,6.708296664845867,6.708296664845867
2644,-216.6034883,240.67900574,3.8926415836698034,6.708296664845867,6.708296664845867
2645,-204.89519163,240.67900574,3.8926415836698034,6.708296664845867,6.708296664845867
2646,-193.18689497,240.67900574,3.8926415836698034,6.708296664845867,6.708296664845867
2647,-181.47859831,240.67900574,3.8926415836698034,6.708296664845867,6.708296664845867
2648,-169.77030164,240.67900574,3.8926415836698034,6.708296664845867,6.708296664845867
2649,-158.06200498,240.67900574,3.8926415836698034,6.708296664845867,6.708296664845867
2650,-146.35370831,240.67900574,3.8926415836698034,6.708296664845867,6.708296664845867
2651,-134.64541165,240.67900574,3.8926415836698034,6.708296664845867,6.708296664845867
2652,-122.93711498,240.67900574,3.8926415836698034,6.708296664845867,6.708296664845867
2653,-111.22881832,240.67900574,3.8926415836698034,6.708296664845867,6.708296664845867
2654,-99.52052165,240.67900574,3.8926415836698034,6.708296664845867,6.708296664845867
2655,-87.81222499,240.67900574,3.8926415836698034,6.708296664845867,6.708296664845867
2656,-76.10392832,240.67900574,3.8926415836698034,6.708296664845867,6.708296664845867
2657,-64.39563166,240.67900574,3.8926415836698034,6.708296664845867,6.708296664845867
2658,-52.68733499,240.67900574,3.8926415836698034,6.708296664845867,6.708296664845867
2659,-40.97903833,240.67900574,3.8926415836698034,6.708296664845867,6.708296664845867
2660,-29.27074166,240.67900574,3.8926415836698034,6.708296664845867,6.708296664845867
2661,-17.562445,240.67900574,3.8926415836698034,6.708296664845867,6.708296664845867
2662,-5.85414833,240.67900574,3.8926415836698034,6.708296664845867,6.708296664845867
2663,5.85414833,240.67900574,3.8926415836698034,6.708296664845867,6.708296664845867
2664,17.562445,240.67900574,3.8926415836698034,6.708296664845867,6.708296664845867
2665,29.27074166,240.67900574,3.8926415836698034,6.708296664845867,6.708296664845867
2666,40.97903833,240.67900574,3.8926415836698034,6.708296664845867,6.708296664845867
2667,52.68733499,240.67900574,3.8926415836698034,6.708296664845867,6.708296664845867
2668,64.39563166,240.67900574,3.8926415836698034,6.708296664845867,6.708296664845867
2669,76.10392832,240.67900574,3.8926415836698034,6.708296664845867,6.708296664845867
2670,87.81222499,240.67900574,3.8926415836698034,6.708296664845867,6.708296664845867
2671,99.52052165,240.67900574,3.8926415836698034,6.708296664845867,6.708296664845867
2672,111.22881832,240.67900574,3.8926415836698034,6.708296664845867,6.708296664845867
2673,122.93711498,240.67900574,3.8926415836698034,6.708296664845867,6.708296664845867
2674,134.64541165,240.67900574,3.8926415836698034,6.708296664845867,6.708296664845867
2675,146.35370831,240.67900574,3.8926415836698034,6.708296664845867,6.708296664845867
2676,158.06200498,240.67900574,3.8926415836698034,6.708296664845867,6.708296664845867
2677,169.77030164,240.67900574,3.8926415836698034,6.708296664845867,6.708296664845867
2678,181.47859831,240.67900574,3.8926415836698034,6.708296664845867,6.708296664845867
2679,193.18689497,240.67900574,3.8926415836698034,6.708296664845867,6.708296664845867
2680,204.89519163,240.67900574,3.8926415836698034,6.708296664845867,6.708296664845867
2681,216.6034883,240.67900574,3.8926415836698034,6.708296664845867,6.708296664845867
2682,228.31178496,240.67900574,3.8926415836698034,6.708296664845867,6.708296664845867
2683,240.02008163,240.67900574,3.8926415836698034,6.708296664845867,6.708296664845867
2684,251.72837829,240.67900574,3.8926415836698034,6.708296664845867,6.708296664845867
2685,-234.1659333,250.81868809,3.8926415836698034,6.708296664845867,6.708296664845867
2686,-222.45763663,250.81868809,3.8926415836698034,6.708296664845867,6.708296664845867
2687,-210.74933997,250.81868809,3.8926415836698034,6.708296664845867,6.708296664845867
2688,-199.0410433,250.81868809,3.8926415836698034,6.708296664845867,6.708296664845867
2689,-187.33274664,250.81868809,3.8926415836698034,6.708296664845867,6.708296664845867
2690,-175.62444997,250.81868809,3.8926415836698034,6.708296664845867,6.708296664845867
2691,-163.91615331,250.81868809,3.8926415836698034,6.708296664845867,6.708296664845867
2692,-152.20785664,250.81868809,3.8926415836698034,6.708296664845867,6.708296664845867
2693,-140.49955998,250.81868809,3.8926415836698034,6.708296664845867,6.708296664845867
2694,-128.79126331,250.81868809,3.8926415836698034,6.708296664845867,6.708296664845867
2695,-117.08296665,250.81868809,3.8926415836698034,6.708296664845867,6.708296664845867
2696,-105.37466998,250.81868809,3.8926415836698034,6.708296664845867,6.708296664845867
2697,-93.66637332,250.81868809,3.8926415836698034,6.708296664845867,6.708296664845867
2698,-81.95807665,250.81868809,3.8926415836698034,6.708296664845867,6.708296664845867
2699,-70.24977999,250.81868809,3.8926415836698034,6.708296664845867,6.708296664845867
2700,-58.54148332,250.81868809,3.8926415836698034,6.708296664845867,6.708296664845867
2701,-46.83318666,250.81868809,3.8926415836698034,6.708296664845867,6.708296664845867
2702,-35.12488999,250.81868809,3.8926415836698034,6.708296664845867,6.708296664845867
2703,-23.41659333,250.81868809,3.8926415836698034,6.708296664845867,6.708296664845867
2704,-11.70829666,250.81868809,3.8926415836698034,6.708296664845867,6.708296664845867
2705,0.0,250.81868809,3.8926415836698034,6.708296664845867,6.708296664845867
2706,11.70829666,250.81868809,3.8926415836698034,6.708296664845867,6.708296664845867
2707,23.41659333,250.81868809,3.8926415836698034,6.708296664845867,6.708296664845867
2708,35.12488999,250.81868809,3.8926415836698034,6.708296664845867,6.708296664845867
2709,46.83318666,250.81868809,3.8926415836698034,6.708296664845867,6.708296664845867
2710,58.54148332,250.81868809,3.8926415836698034,6.708296664845867,6.708296664845867
2711,70.24977999,250.81868809,3.8926415836698034,6.708296664845867,6.708296664845867
2712,81.95807665,250.81868809,3.8926415836698034,6.708296664845867,6.708296664845867
2713,93.66637332,250.81868809,3.8926415836698034,6.708296664845867,6.708296664845867
2714,105.37466998,250.81868809,3.8926415836698034,6.708296664845867,6.708296664845867
2715,117.08296665,250.81868809,3.8926415836698034,6.708296664845867,6.708296664845867
2716,128.79126331,250.81868809,3.8926415836698034,6.708296664845867,6.708296664845867
2717,140.49955998,250.81868809,3.8926415836698034,6.708296664845867,6.708296664845867
2718,152.20785664,250.81868809,3.8926415836698034,6.708296664845867,6.708296664845867
2719,163.91615331,250.81868809,3.8926415836698034,6.708296664845867,6.708296664845867
2720,175.62444997,250.81868809,3.8926415836698034,6.708296664845867,6.708296664845867
2721,187.33274664,250.81868809,3.8926415836698034,6.708296664845867,6.708296664845867
2722,199.0410433,250.81868809,3.8926415836698034,6.708296664845867,6.708296664845867
2723,210.74933997,250.81868809,3.8926415836698034,6.708296664845867,6.708296664845867
2724,222.45763663,250.81868809,3.8926415836698034,6.708296664845867,6.708296664845867
2725,234.1659333,250.81868809,3.8926415836698034,6.708296664845867,6.708296664845867
2726,-228.31178496,260.95837043,3.8926415836698034,6.708296664845867,6.708296664845867
2727,-216.6034883,260.95837043,3.8926415836698034,6.708296664845867,6.708296664845867
2728,-204.89519163,260.95837043,3.8926415836698034,6.708296664845867,6.708296664845867
2729,-193.18689497,260.95837043,3.8926415836698034,6.708296664845867,6.708296664845867
2730,-181.47859831,260.95837043,3.8926415836698034,6.708296664845867,6.708296664845867
2731,-169.77030164,260.95837043,3.8926415836698034,6.708296664845867,6.708296664845867
2732,-158.06200498,260.95837043,3.8926415836698034,6.708296664845867,6.708296664845867
2733,-146.35370831,260.95837043,3.8926415836698034,6.708296664845867,6.708296664845867
2734,-134.64541165,260.95837043,3.8926415836698034,6.708296664845867,6.708296664845867
2735,-122.93711498,260.95837043,3.8926415836698034,6.708296664845867,6.708296664845867
2736,-111.22881832,260.95837043,3.8926415836698034,6.708296664845867,6.708296664845867
2737,-99.52052165,260.95837043,3.8926415836698034,6.708296664845867,6.708296664845867
2738,-87.81222499,260.95837043,3.8926415836698034,6.708296664845867,6.708296664845867
2739,-76.10392832,260.95837043,3.8926415836698034,6.708296664845867,6.708296664845867
2740,-64.39563166,260.95837043,3.8926415836698034,6.708296664845867,6.708296664845867
2741,-52.68733499,260.95837043,3.8926415836698034,6.708296664845867,6.708296664845867
2742,-40.97903833,260.95837043,3.8926415836698034,6.708296664845867,6.708296664845867
2743,-29.27074166,260.95837043,3.8926415836698034,6.708296664845867,6.708296664845867
2744,-17.562445,260.95837043,3.8926415836698034,6.708296664845867,6.708296664845867
2745,-5.85414833,260.95837043,3.8926415836698034,6.708296664845867,6.708296664845867
2746,5.85414833,260.95837043,3.8926415836698034,6.708296664845867,6.708296664845867
2747,17.562445,260.95837043,3.8926415836698034,6.708296664845867,6.708296664845867
2748,29.27074166,260.95837043,3.8926415836698034,6.708296664845867,6.708296664845867
2749,40.97903833,260.95837043,3.8926415836698034,6.708296664845867,6.708296664845867
2750,52.68733499,260.95837043,3.8926415836698034,6.708296664845867,6.708296664845867
2751,64.39563166,260.95837043,3.8926415836698034,6.708296664845867,6.708296664845867
2752,76.10392832,260.95837043,3.8926415836698034,6.708296664845867,6.708296664845867
2753,87.81222499,260.95837043,3.8926415836698034,6.708296664845867,6.708296664845867
2754,99.52052165,260.95837043,3.8926415836698034,6.708296664845867,6.708296664845867
2755,111.22881832,260.95837043,3.8926415836698034,6.708296664845867,6.708296664845867
2756,122.93711498,260.95837043,3.8926415836698034,6.708296664845867,6.708296664845867
2757,134.64541165,260.95837043,3.8926415836698034,6.708296664845867,6.708296664845867
2758,146.35370831,260.95837043,3.8926415836698034,6.708296664845867,6.708296664845867
2759,158.06200498,260.95837043,3.8926415836698034,6.708296664845867,6.708296664845867
2760,169.77030164,260.95837043,3.8926415836698034,6.708296664845867,6.708296664845867
2761,181.47859831,260.95837043,3.8926415836698034,6.708296664845867,6.708296664845867
2762,193.18689497,260.95837043,3.8926415836698034,6.708296664845867,6.708296664845867
2763,204.89519163,260.95837043,3.8926415836698034,6.708296664845867,6.708296664845867
2764,216.6034883,260.95837043,3.8926415836698034,6.708296664845867,6.708296664845867
2765,228.31178496,260.95837043,3.8926415836698034,6.708296664845867,6.708296664845867
2766,-210.74933997,271.09805278,3.8926415836698034,6.708296664845867,6.708296664845867
2767,-199.0410433,271.09805278,3.8926415836698034,6.708296664845867,6.708296664845867
2768,-187.33274664,271.09805278,3.8926415836698034,6.708296664845867,6.708296664845867
2769,-175.62444997,271.09805278,3.8926415836698034,6.708296664845867,6.708296664845867
2770,-163.91615331,271.09805278,3.8926415836698034,6.708296664845867,6.708296664845867
2771,-152.20785664,271.09805278,3.8926415836698034,6.708296664845867,6.708296664845867
2772,-140.49955998,271.09805278,3.8926415836698034,6.708296664845867,6.708296664845867
2773,-128.79126331,271.09805278,3.8926415836698034,6.708296664845867,6.708296664845867
2774,-117.08296665,271.09805278,3.8926415836698034,6.708296664845867,6.708296664845867
2775,-105.37466998,271.09805278,3.8926415836698034,6.708296664845867,6.708296664845867
2776,-93.66637332,271.09805278,3.8926415836698034,6.708296664845867,6.708296664845867
2777,-81.95807665,271.09805278,3.8926415836698034,6.708296664845867,6.708296664845867
2778,-70.24977999,271.09805278,3.8926415836698034,6.708296664845867,6.708296664845867
2779,-58.54148332,271.09805278,3.8926415836698034,6.708296664845867,6.708296664845867
2780,-46.83318666,271.09805278,3.8926415836698034,6.708296664845867,6.708296664845867
2781,-35.12488999,271.09805278,3.8926415836698034,6.708296664845867,6.708296664845867
2782,-23.41659333,271.09805278,3.8926415836698034,6.708296664845867,6.708296664845867
2783,-11.70829666,271.09805278,3.8926415836698034,6.708296664845867,6.708296664845867
2784,0.0,271.09805278,3.8926415836698034,6.708296664845867,6.708296664845867
2785,11.70829666,271.09805278,3.8926415836698034,6.708296664845867,6.708296664845867
2786,23.41659333,271.09805278,3.8926415836698034,6.708296664845867,6.708296664845867
2787,35.12488999,271.09805278,3.8926415836698034,6.708296664845867,6.708296664845867
2788,46.83318666,271.09805278,3.8926415836698034,6.708296664845867,6.708296664845867
2789,58.54148332,271.09805278,3.8926415836698034,6.708296664845867,6.708296664845867
2790,70.24977999,271.09805278,3.8926415836698034,6.708296664845867,6.708296664845867
2791,81.95807665,271.09805278,3.8926415836698034,6.708296664845867,6.708296664845867
2792,93.66637332,271.09805278,3.8926415836698034,6.708296664845867,6.708296664845867
2793,105.37466998,271.09805278,3.8926415836698034,6.708296664845867,6.708296664845867
2794,117.08296665,271.09805278,3.8926415836698034,6.708296664845867,6.708296664845867
2795,128.79126331,271.09805278,3.8926415836698034,6.708296664845867,6.708296664845867
2796,140.49955998,271.09805278,3.8926415836698034,6.708296664845867,6.708296664845867
2797,152.20785664,271.09805278,3.8926415836698034,6.708296664845867,6.708296664845867
2798,163.91615331,271.09805278,3.8926415836698034,6.708296664845867,6.708296664845867
2799,175.62444997,271.09805278,3.8926415836698034,6.708296664845867,6.708296664845867
2800,187.33274664,271.09805278,3.8926415836698034,6.708296664845867,6.708296664845867
2801,199.0410433,271.09805278,3.8926415836698034,6.708296664845867,6.708296664845867
2802,210.74933997,271.09805278,3.8926415836698034,6.708296664845867,6.708296664845867
2803,-204.89519163,281.23773513,3.8926415836698034,6.708296664845867,6.708296664845867
2804,-193.18689497,281.23773513,3.8926415836698034,6.708296664845867,6.708296664845867
2805,-181.47859831,281.23773513,3.8926415836698034,6.708296664845867,6.708296664845867
2806,-169.77030164,281.23773513,3.8926415836698034,6.708296664845867,6.708296664845867
2807,-158.06200498,281.23773513,3.8926415836698034,6.708296664845867,6.708296664845867
2808,-146.35370831,281.23773513,3.8926415836698034,6.708296664845867,6.708296664845867
2809,-134.64541165,281.23773513,3.8926415836698034,6.708296664845867,6.708296664845867
2810,-122.93711498,281.23773513,3.8926415836698034,6.708296664845867,6.708296664845867
2811,-111.22881832,281.23773513,3.8926415836698034,6.708296664845867,6.708296664845867
2812,-99.52052165,281.23773513,3.8926415836698034,6.708296664845867,6.708296664845867
2813,-87.81222499,281.23773513,3.8926415836698034,6.708296664845867,6.708296664845867
2814,-76.10392832,281.23773513,3.8926415836698034,6.708296664845867,6.708296664845867
2815,-64.39563166,281.23773513,3.8926415836698034,6.708296664845867,6.708296664845867
2816,-52.68733499,281.23773513,3.8926415836698034,6.708296664845867,6.708296664845867
2817,-40.97903833,281.23773513,3.8926415836698034,6.708296664845867,6.708296664845867
2818,-29.27074166,281.23773513,3.8926415836698034,6.708296664845867,6.708296664845867
2819,-17.562445,281.23773513,3.8926415836698034,6.708296664845867,6.708296664845867
2820,-5.85414833,281.23773513,3.8926415836698034,6.708296664845867,6.708296664845867
2821,5.85414833,281.23773513,3.8926415836698034,6.708296664845867,6.708296664845867
2822,17.562445,281.23773513,3.8926415836698034,6.708296664845867,6.708296664845867
2823,29.27074166,281.23773513,3.8926415836698034,6.708296664845867,6.708296664845867
2824,40.97903833,281.23773513,3.8926415836698034,6.708296664845867,6.708296664845867
2825,52.68733499,281.23773513,3.8926415836698034,6.708296664845867,6.708296664845867
2826,64.39563166,281.23773513,3.8926415836698034,6.708296664845867,6.708296664845867
2827,76.10392832,281.23773513,3.8926415836698034,6.708296664845867,6.708296664845867
2828,87.81222499,281.23773513,3.8926415836698034,6.708296664845867,6.708296664845867
2829,99.52052165,281.23773513,3.8926415836698034,6.708296664845867,6.708296664845867
2830,111.22881832,281.23773513,3.8926415836698034,6.708296664845867,6.708296664845867
2831,122.93711498,281.23773513,3.8926415836698034,6.708296664845867,6.708296664845867
2832,134.64541165,281.23773513,3.8926415836698034,6.708296664845867,6.708296664845867
2833,146.35370831,281.23773513,3.8926415836698034,6.708296664845867,6.708296664845867
2834,158.06200498,281.23773513,3.8926415836698034,6.708296664845867,6.708296664845867
2835,169.77030164,281.23773513,3.8926415836698034,6.708296664845867,6.708296664845867
2836,181.47859831,281.23773513,3.8926415836698034,6.708296664845867,6.708296664845867
2837,193.18689497,281.23773513,3.8926415836698034,6.708296664845867,6.708296664845867
2838,204.89519163,281.23773513,3.8926415836698034,6.708296664845867,6.708296664845867
2839,-187.33274664,291.37741747,3.8926415836698034,6.708296664845867,6.708296664845867
2840,-175.62444997,291.37741747,3.8926415836698034,6.708296664845867,6.708296664845867
2841,-163.91615331,291.37741747,3.8926415836698034,6.708296664845867,6.708296664845867
2842,-152.20785664,291.37741747,3.8926415836698034,6.708296664845867,6.708296664845867
2843,-140.49955998,291.37741747,3.8926415836698034,6.708296664845867,6.708296664845867
2844,-128.79126331,291.37741747,3.8926415836698034,6.708296664845867,6.708296664845867
2845,-117.08296665,291.37741747,3.8926415836698034,6.708296664845867,6.708296664845867
2846,-105.37466998,291.37741747,3.8926415836698034,6.708296664845867,6.708296664845867
2847,-93.66637332,291.37741747,3.8926415836698034,6.708296664845867,6.708296664845867
2848,-81.95807665,291.37741747,3.8926415836698034,6.708296664845867,6.708296664845867
2849,-70.24977999,291.37741747,3.8926415836698034,6.708296664845867,6.708296664845867
2850,-58.54148332,291.37741747,3.8926415836698034,6.708296664845867,6.708296664845867
2851,-46.83318666,291.37741747,3.8926415836698034,6.708296664845867,6.708296664845867
2852,-35.12488999,291.37741747,3.8926415836698034,6.708296664845867,6.708296664845867
2853,-23.41659333,291.37741747,3.8926415836698034,6.708296664845867,6.708296664845867
2854,-11.70829666,291.37741747,3.8926415836698034,6.708296664845867,6.708296664845867
2855,0.0,291.37741747,3.8926415836698034,6.708296664845867,6.708296664845867
2856,11.70829666,291.37741747,3.8926415836698034,6.708296664845867,6.708296664845867
2857,23.41659333,291.37741747,3.8926415836698034,6.708296664845867,6.708296664845867
2858,35.12488999,291.37741747,3.8926415836698034,6.708296664845867,6.708296664845867
2859,46.83318666,291.37741747,3.8926415836698034,6.708296664845867,6.708296664845867
2860,58.54148332,291.37741747,3.8926415836698034,6.708296664845867,6.708296664845867
2861,70.24977999,291.37741747,3.8926415836698034,6.708296664845867,6.708296664845867
2862,81.95807665,291.37741747,3.8926415836698034,6.708296664845867,6.708296664845867
2863,93.66637332,291.37741747,3.8926415836698034,6.708296664845867,6.708296664845867
2864,105.37466998,291.37741747,3.8926415836698034,6.708296664845867,6.708296664845867
2865,117.08296665,291.37741747,3.8926415836698034,6.708296664845867,6.708296664845867
2866,128.79126331,291.37741747,3.8926415836698034,6.708296664845867,6.708296664845867
2867,140.49955998,291.37741747,3.8926415836698034,6.708296664845867,6.708296664845867
2868,152.20785664,291.37741747,3.8926415836698034,6.708296664845867,6.708296664845867
2869,163.91615331,291.37741747,3.8926415836698034,6.708296664845867,6.708296664845867
2870,175.62444997,291.37741747,3.8926415836698034,6.708296664845867,6.708296664845867
2871,187.33274664,291.37741747,3.8926415836698034,6.708296664845867,6.708296664845867
2872,-169.77030164,301.51709982,3.8926415836698034,6.708296664845867,6.708296664845867
2873,-158.06200498,301.51709982,3.8926415836698034,6.708296664845867,6.708296664845867
2874,-146.35370831,301.51709982,3.8926415836698034,6.708296664845867,6.708296664845867
2875,-134.64541165,301.51709982,3.8926415836698034,6.708296664845867,6.708296664845867
2876,-122.93711498,301.51709982,3.8926415836698034,6.708296664845867,6.708296664845867
2877,-111.22881832,301.51709982,3.8926415836698034,6.708296664845867,6.708296664845867
2878,-99.52052165,301.51709982,3.8926415836698034,6.708296664845867,6.708296664845867
2879,-87.81222499,301.51709982,3.8926415836698034,6.708296664845867,6.708296664845867
2880,-76.10392832,301.51709982,3.8926415836698034,6.708296664845867,6.708296664845867
2881,-64.39563166,301.51709982,3.8926415836698034,6.708296664845867,6.708296664845867
2882,-52.68733499,301.51709982,3.8926415836698034,6.708296664845867,6.708296664845867
2883,-40.97903833,301.51709982,3.8926415836698034,6.708296664845867,6.708296664845867
2884,-29.27074166,301.51709982,3.8926415836698034,6.708296664845867,6.708296664845867
2885,-17.562445,301.51709982,3.8926415836698034,6.708296664845867,6.708296664845867
2886,-5.85414833,301.51709982,3.8926415836698034,6.708296664845867,6.708296664845867
2887,5.85414833,301.51709982,3.8926415836698034,6.708296664845867,6.708296664845867
2888,17.562445,301.51709982,3.8926415836698034,6.708296664845867,6.708296664845867
2889,29.27074166,301.51709982,3.8926415836698034,6.708296664845867,6.708296664845867
2890,40.97903833,301.51709982,3.8926415836698034,6.708296664845867,6.708296664845867
2891,52.68733499,301.51709982,3.8926415836698034,6.708296664845867,6.708296664845867
2892,64.39563166,301.51709982,3.8926415836698034,6.708296664845867,6.708296664845867
2893,76.10392832,301.51709982,3.8926415836698034,6.708296664845867,6.708296664845867
2894,87.81222499,301.51709982,3.8926415836698034,6.708296664845867,6.708296664845867
2895,99.52052165,301.51709982,3.8926415836698034,6.708296664845867,6.708296664845867
2896,111.22881832,301.51709982,3.8926415836698034,6.708296664845867,6.708296664845867
2897,122.93711498,301.51709982,3.8926415836698034,6.708296664845867,6.708296664845867
2898,134.64541165,301.51709982,3.8926415836698034,6.708296664845867,6.708296664845867
2899,146.35370831,301.51709982,3.8926415836698034,6.708296664845867,6.708296664845867
2900,158.06200498,301.51709982,3.8926415836698034,6.708296664845867,6.708296664845867
2901,169.77030164,301.51709982,3.8926415836698034,6.708296664845867,6.708296664845867
2902,-152.20785664,311.65678217,3.8926415836698034,6.708296664845867,6.708296664845867
2903,-140.49955998,311.65678217,3.8926415836698034,6.708296664845867,6.708296664845867
2904,-128.79126331,311.65678217,3.8926415836698034,6.708296664845867,6.708296664845867
2905,-117.08296665,311.65678217,3.8926415836698034,6.708296664845867,6.708296664845867
2906,-105.37466998,311.65678217,3.8926415836698034,6.708296664845867,6.708296664845867
2907,-93.66637332,311.65678217,3.8926415836698034,6.708296664845867,6.708296664845867
2908,-81.95807665,311.65678217,3.8926415836698034,6.708296664845867,6.708296664845867
2909,-70.24977999,311.65678217,3.8926415836698034,6.708296664845867,6.708296664845867
2910,-58.54148332,311.65678217,3.8926415836698034,6.708296664845867,6.708296664845867
2911,-46.83318666,311.65678217,3.8926415836698034,6.708296664845867,6.708296664845867
2912,-35.12488999,311.65678217,3.8926415836698034,6.708296664845867,6.708296664845867
2913,-23.41659333,311.65678217,3.8926415836698034,6.708296664845867,6.708296664845867
2914,-11.70829666,311.65678217,3.8926415836698034,6.708296664845867,6.708296664845867
2915,0.0,311.65678217,3.8926415836698034,6.708296664845867,6.708296664845867
2916,11.70829666,311.65678217,3.8926415836698034,6.708296664845867,6.708296664845867
2917,23.41659333,311.65678217,3.8926415836698034,6.708296664845867,6.708296664845867
2918,35.12488999,311.65678217,3.8926415836698034,6.708296664845867,6.708296664845867
2919,46.83318666,311.65678217,3.8926415836698034,6.708296664845867,6.708296664845867
2920,58.54148332,311.65678217,3.8926415836698034,6.708296664845867,6.708296664845867
2921,70.24977999,311.65678217,3.8926415836698034,6.708296664845867,6.708296664845867
2922,81.95807665,311.65678217,3.8926415836698034,6.708296664845867,6.708296664845867
2923,93.66637332,311.65678217,3.8926415836698034,6.708296664845867,6.708296664845867
2924,105.37466998,311.65678217,3.8926415836698034,6.708296664845867,6.708296664845867
2925,117.08296665,311.65678217,3.8926415836698034,6.708296664845867,6.708296664845867
2926,128.79126331,311.65678217,3.8926415836698034,6.708296664845867,6.708296664845867
2927,140.49955998,311.65678217,3.8926415836698034,6.708296664845867,6.708296664845867
2928,152.20785664,311.65678217,3.8926415836698034,6.708296664845867,6.708296664845867
2929,-134.64541165,321.79646451,3.8926415836698034,6.708296664845867,6.708296664845867
2930,-122.93711498,321.79646451,3.8926415836698034,6.708296664845867,6.708296664845867
2931,-111.22881832,321.79646451,3.8926415836698034,6.708296664845867,6.708296664845867
2932,-99.52052165,321.79646451,3.8926415836698034,6.708296664845867,6.708296664845867
2933,-87.81222499,321.79646451,3.8926415836698034,6.708296664845867,6.708296664845867
2934,-76.10392832,321.79646451,3.8926415836698034,6.708296664845867,6.708296664845867
2935,-64.39563166,321.79646451,3.8926415836698034,6.708296664845867,6.708296664845867
2936,-52.68733499,321.79646451,3.8926415836698034,6.708296664845867,6.708296664845867
2937,-40.97903833,321.79646451,3.8926415836698034,6.708296664845867,6.708296664845867
2938,-29.27074166,321.79646451,3.8926415836698034,6.708296664845867,6.708296664845867
2939,-17.562445,321.79646451,3.8926415836698034,6.708296664845867,6.708296664845867
2940,-5.85414833,321.79646451,3.8926415836698034,6.708296664845867,6.708296664845867
2941,5.85414833,321.79646451,3.8926415836698034,6.708296664845867,6.708296664845867
2942,17.562445,321.79646451,3.8926415836698034,6.708296664845867,6.708296664845867
2943,29.27074166,321.79646451,3.8926415836698034,6.708296664845867,6.708296664845867
2944,40.97903833,321.79646451,3.8926415836698034,6.708296664845867,6.708296664845867
2945,52.68733499,321.79646451,3.8926415836698034,6.708296664845867,6.708296664845867
2946,64.39563166,321.79646451,3.8926415836698034,6.708296664845867,6.708296664845867
2947,76.10392832,321.79646451,3.8926415836698034,6.708296664845867,6.708296664845867
2948,87.81222499,321.79646451,3.8926415836698034,6.708296664845867,6.708296664845867
2949,99.52052165,321.79646451,3.8926415836698034,6.708296664845867,6.708296664845867
2950,111.22881832,321.79646451,3.8926415836698034,6.708296664845867,6.708296664845867
2951,122.93711498,321.79646451,3.8926415836698034,6.708296664845867,6.708296664845867
2952,134.64541165,321.79646451,3.8926415836698034,6.708296664845867,6.708296664845867
2953,-105.37466998,331.93614686,3.8926415836698034,6.708296664845867,6.708296664845867
2954,-93.66637332,331.93614686,3.8926415836698034,6.708296664845867,6.708296664845867
2955,-81.95807665,331.93614686,3.8926415836698034,6.708296664845867,6.708296664845867
2956,-70.24977999,331.93614686,3.8926415836698034,6.708296664845867,6.708296664845867
2957,-58.54148332,331.93614686,3.8926415836698034,6.708296664845867,6.708296664845867
2958,-46.83318666,331.93614686,3.8926415836698034,6.708296664845867,6.708296664845867
2959,-35.12488999,331.93614686,3.8926415836698034,6.708296664845867,6.708296664845867
2960,-23.41659333,331.93614686,3.8926415836698034,6.708296664845867,6.708296664845867
2961,-11.70829666,331.93614686,3.8926415836698034,6.708296664845867,6.708296664845867
2962,0.0,331.93614686,3.8926415836698034,6.708296664845867,6.708296664845867
2963,11.70829666,331.93614686,3.8926415836698034,6.708296664845867,6.708296664845867
2964,23.41659333,331.93614686,3.8926415836698034,6.708296664845867,6.708296664845867
2965,35.12488999,331.93614686,3.8926415836698034,6.708296664845867,6.708296664845867
2966,46.83318666,331.93614686,3.8926415836698034,6.708296664845867,6.708296664845867
2967,58.54148332,331.93614686,3.8926415836698034,6.708296664845867,6.708296664845867
2968,70.24977999,331.93614686,3.8926415836698034,6.708296664845867,6.708296664845867
2969,81.95807665,331.93614686,3.8926415836698034,6.708296664845867,6.708296664845867
2970,93.66637332,331.93614686,3.8926415836698034,6.708296664845867,6.708296664845867
2971,105.37466998,331.93614686,3.8926415836698034,6.708296664845867,6.708296664845867
2972,-64.39563166,342.07582921,3.8926415836698034,6.708296664845867,6.708296664845867
2973,-52.68733499,342.07582921,3.8926415836698034,6.708296664845867,6.708296664845867
2974,-40.97903833,342.07582921,3.8926415836698034,6.708296664845867,6.708296664845867
2975,-29.27074166,342.07582921,3.8926415836698034,6.708296664845867,6.708296664845867
2976,-17.562445,342.07582921,3.8926415836698034,6.708296664845867,6.708296664845867
2977,-5.85414833,342.07582921,3.8926415836698034,6.708296664845867,6.708296664845867
2978,5.85414833,342.07582921,3.8926415836698034,6.708296664845867,6.708296664845867
2979,17.562445,342.07582921,3.8926415836698034,6.708296664845867,6.708296664845867
2980,29.27074166,342.07582921,3.8926415836698034,6.708296664845867,6.708296664845867
2981,40.97903833,342.07582921,3.8926415836698034,6.708296664845867,6.708296664845867
2982,52.68733499,342.07582921,3.8926415836698034,6.708296664845867,6.708296664845867
2983,64.39563166,342.07582921,3.8926415836698034,6.708296664845867,6.708296664845867
